source_date,source_time,dataset,instrument,surface,tenor,metric,value,unit,day_change,percentile_1y,percentile_3y,observations_1y,observations_3y,source_url
2026-08-28,09:15,fixing,USD/CNY,,,fixing,6.7811,rate,,100.0,100.0,1,1,https://www.chinamoney.com.cn/chinese/bkccpr/
2026-08-28,,implied_rates,USD,,18M,implied_usd_rate,4.1565,pct,,100.0,100.0,1,1,https://www.chinamoney.com.cn/chinese/bkcurvuir/
2026-08-28,,implied_rates,USD,,1D,implied_usd_rate,3.9064,pct,,100.0,100.0,1,1,https://www.chinamoney.com.cn/chinese/bkcurvuir/
2026-08-28,,implied_rates,USD,,1M,implied_usd_rate,3.9059,pct,,100.0,100.0,1,1,https://www.chinamoney.com.cn/chinese/bkcurvuir/
2026-08-28,,implied_rates,USD,,1W,implied_usd_rate,3.9056,pct,,100.0,100.0,1,1,https://www.chinamoney.com.cn/chinese/bkcurvuir/
2026-08-28,,implied_rates,USD,,1Y,implied_usd_rate,4.1167,pct,,100.0,100.0,1,1,https://www.chinamoney.com.cn/chinese/bkcurvuir/
2026-08-28,,implied_rates,USD,,2M,implied_usd_rate,3.936,pct,,100.0,100.0,1,1,https://www.chinamoney.com.cn/chinese/bkcurvuir/
2026-08-28,,implied_rates,USD,,2M,implied_usd_rate,3.9360,pct,0.0,100.0,100.0,2,2,https://www.chinamoney.com.cn/chinese/bkcurvuir/
2026-08-28,,implied_rates,USD,,2W,implied_usd_rate,3.8931,pct,,100.0,100.0,1,1,https://www.chinamoney.com.cn/chinese/bkcurvuir/
2026-08-28,,implied_rates,USD,,2Y,implied_usd_rate,4.1734,pct,,100.0,100.0,1,1,https://www.chinamoney.com.cn/chinese/bkcurvuir/
2026-08-28,,implied_rates,USD,,3M,implied_usd_rate,3.9601,pct,,100.0,100.0,1,1,https://www.chinamoney.com.cn/chinese/bkcurvuir/
2026-08-28,,implied_rates,USD,,3W,implied_usd_rate,3.8906,pct,,100.0,100.0,1,1,https://www.chinamoney.com.cn/chinese/bkcurvuir/
2026-08-28,,implied_rates,USD,,3Y,implied_usd_rate,4.2085,pct,,100.0,100.0,1,1,https://www.chinamoney.com.cn/chinese/bkcurvuir/
2026-08-28,,implied_rates,USD,,6M,implied_usd_rate,4.0396,pct,,100.0,100.0,1,1,https://www.chinamoney.com.cn/chinese/bkcurvuir/
2026-08-28,,implied_rates,USD,,9M,implied_usd_rate,4.0856,pct,,100.0,100.0,1,1,https://www.chinamoney.com.cn/chinese/bkcurvuir/
2026-08-28,10:00,options,USD.CNY,10D BF,18M,implied_vol,0.55,pct,,100.0,100.0,1,1,https://www.chinamoney.com.cn/chinese/bkcurvfqq/
2026-08-28,16:00,options,USD.CNY,10D BF,18M,implied_vol,0.55,pct,,100.0,100.0,1,1,https://www.chinamoney.com.cn/chinese/bkcurvfqq/
2026-08-28,10:00,options,USD.CNY,10D BF,1D,implied_vol,0.15,pct,,100.0,100.0,1,1,https://www.chinamoney.com.cn/chinese/bkcurvfqq/
2026-08-28,16:00,options,USD.CNY,10D BF,1D,implied_vol,0.15,pct,,100.0,100.0,1,1,https://www.chinamoney.com.cn/chinese/bkcurvfqq/
2026-08-28,10:00,options,USD.CNY,10D BF,1M,implied_vol,0.1,pct,,100.0,100.0,1,1,https://www.chinamoney.com.cn/chinese/bkcurvfqq/
2026-08-28,16:00,options,USD.CNY,10D BF,1M,implied_vol,0.1,pct,,100.0,100.0,1,1,https://www.chinamoney.com.cn/chinese/bkcurvfqq/
2026-08-28,10:00,options,USD.CNY,10D BF,1W,implied_vol,0.1,pct,,100.0,100.0,1,1,https://www.chinamoney.com.cn/chinese/bkcurvfqq/
2026-08-28,16:00,options,USD.CNY,10D BF,1W,implied_vol,0.1,pct,,100.0,100.0,1,1,https://www.chinamoney.com.cn/chinese/bkcurvfqq/
2026-08-28,10:00,options,USD.CNY,10D BF,1Y,implied_vol,0.53,pct,,100.0,100.0,1,1,https://www.chinamoney.com.cn/chinese/bkcurvfqq/
2026-08-28,16:00,options,USD.CNY,10D BF,1Y,implied_vol,0.53,pct,,100.0,100.0,1,1,https://www.chinamoney.com.cn/chinese/bkcurvfqq/
2026-08-28,10:00,options,USD.CNY,10D BF,2M,implied_vol,0.22,pct,,100.0,100.0,1,1,https://www.chinamoney.com.cn/chinese/bkcurvfqq/
2026-08-28,16:00,options,USD.CNY,10D BF,2M,implied_vol,0.22,pct,,100.0,100.0,1,1,https://www.chinamoney.com.cn/chinese/bkcurvfqq/
2026-08-28,10:00,options,USD.CNY,10D BF,2W,implied_vol,0.1,pct,,100.0,100.0,1,1,https://www.chinamoney.com.cn/chinese/bkcurvfqq/
2026-08-28,16:00,options,USD.CNY,10D BF,2W,implied_vol,0.1,pct,,100.0,100.0,1,1,https://www.chinamoney.com.cn/chinese/bkcurvfqq/
2026-08-28,10:00,options,USD.CNY,10D BF,2Y,implied_vol,0.55,pct,,100.0,100.0,1,1,https://www.chinamoney.com.cn/chinese/bkcurvfqq/
2026-08-28,16:00,options,USD.CNY,10D BF,2Y,implied_vol,0.55,pct,,100.0,100.0,1,1,https://www.chinamoney.com.cn/chinese/bkcurvfqq/
2026-08-28,10:00,options,USD.CNY,10D BF,3M,implied_vol,0.325,pct,,100.0,100.0,1,1,https://www.chinamoney.com.cn/chinese/bkcurvfqq/
2026-08-28,16:00,options,USD.CNY,10D BF,3M,implied_vol,0.325,pct,,100.0,100.0,1,1,https://www.chinamoney.com.cn/chinese/bkcurvfqq/
2026-08-28,10:00,options,USD.CNY,10D BF,3W,implied_vol,0.1,pct,,100.0,100.0,1,1,https://www.chinamoney.com.cn/chinese/bkcurvfqq/
2026-08-28,16:00,options,USD.CNY,10D BF,3W,implied_vol,0.1,pct,,100.0,100.0,1,1,https://www.chinamoney.com.cn/chinese/bkcurvfqq/
2026-08-28,10:00,options,USD.CNY,10D BF,3Y,implied_vol,0.6,pct,,100.0,100.0,1,1,https://www.chinamoney.com.cn/chinese/bkcurvfqq/
2026-08-28,16:00,options,USD.CNY,10D BF,3Y,implied_vol,0.6,pct,,100.0,100.0,1,1,https://www.chinamoney.com.cn/chinese/bkcurvfqq/
2026-08-28,10:00,options,USD.CNY,10D BF,6M,implied_vol,0.435,pct,,100.0,100.0,1,1,https://www.chinamoney.com.cn/chinese/bkcurvfqq/
2026-08-28,16:00,options,USD.CNY,10D BF,6M,implied_vol,0.435,pct,,100.0,100.0,1,1,https://www.chinamoney.com.cn/chinese/bkcurvfqq/
2026-08-28,10:00,options,USD.CNY,10D BF,9M,implied_vol,0.49,pct,,100.0,100.0,1,1,https://www.chinamoney.com.cn/chinese/bkcurvfqq/
2026-08-28,16:00,options,USD.CNY,10D BF,9M,implied_vol,0.49,pct,,100.0,100.0,1,1,https://www.chinamoney.com.cn/chinese/bkcurvfqq/
2026-08-28,10:00,options,USD.CNY,25D BF,18M,implied_vol,0.19,pct,,100.0,100.0,1,1,https://www.chinamoney.com.cn/chinese/bkcurvfqq/
2026-08-28,16:00,options,USD.CNY,25D BF,18M,implied_vol,0.19,pct,,100.0,100.0,1,1,https://www.chinamoney.com.cn/chinese/bkcurvfqq/
2026-08-28,10:00,options,USD.CNY,25D BF,1D,implied_vol,0.1,pct,,100.0,100.0,1,1,https://www.chinamoney.com.cn/chinese/bkcurvfqq/
2026-08-28,16:00,options,USD.CNY,25D BF,1D,implied_vol,0.1,pct,,100.0,100.0,1,1,https://www.chinamoney.com.cn/chinese/bkcurvfqq/
2026-08-28,10:00,options,USD.CNY,25D BF,1M,implied_vol,0.065,pct,,100.0,100.0,1,1,https://www.chinamoney.com.cn/chinese/bkcurvfqq/
2026-08-28,16:00,options,USD.CNY,25D BF,1M,implied_vol,0.065,pct,,100.0,100.0,1,1,https://www.chinamoney.com.cn/chinese/bkcurvfqq/
2026-08-28,10:00,options,USD.CNY,25D BF,1W,implied_vol,0.05,pct,,100.0,100.0,1,1,https://www.chinamoney.com.cn/chinese/bkcurvfqq/
2026-08-28,16:00,options,USD.CNY,25D BF,1W,implied_vol,0.05,pct,,100.0,100.0,1,1,https://www.chinamoney.com.cn/chinese/bkcurvfqq/
2026-08-28,10:00,options,USD.CNY,25D BF,1Y,implied_vol,0.175,pct,,100.0,100.0,1,1,https://www.chinamoney.com.cn/chinese/bkcurvfqq/
2026-08-28,16:00,options,USD.CNY,25D BF,1Y,implied_vol,0.175,pct,,100.0,100.0,1,1,https://www.chinamoney.com.cn/chinese/bkcurvfqq/
2026-08-28,10:00,options,USD.CNY,25D BF,2M,implied_vol,0.0875,pct,,100.0,100.0,1,1,https://www.chinamoney.com.cn/chinese/bkcurvfqq/
2026-08-28,16:00,options,USD.CNY,25D BF,2M,implied_vol,0.0875,pct,,100.0,100.0,1,1,https://www.chinamoney.com.cn/chinese/bkcurvfqq/
2026-08-28,10:00,options,USD.CNY,25D BF,2W,implied_vol,0.05,pct,,100.0,100.0,1,1,https://www.chinamoney.com.cn/chinese/bkcurvfqq/
2026-08-28,16:00,options,USD.CNY,25D BF,2W,implied_vol,0.05,pct,,100.0,100.0,1,1,https://www.chinamoney.com.cn/chinese/bkcurvfqq/
2026-08-28,10:00,options,USD.CNY,25D BF,2Y,implied_vol,0.21,pct,,100.0,100.0,1,1,https://www.chinamoney.com.cn/chinese/bkcurvfqq/
2026-08-28,16:00,options,USD.CNY,25D BF,2Y,implied_vol,0.21,pct,,100.0,100.0,1,1,https://www.chinamoney.com.cn/chinese/bkcurvfqq/
2026-08-28,10:00,options,USD.CNY,25D BF,3M,implied_vol,0.09,pct,,100.0,100.0,1,1,https://www.chinamoney.com.cn/chinese/bkcurvfqq/
2026-08-28,16:00,options,USD.CNY,25D BF,3M,implied_vol,0.09,pct,,100.0,100.0,1,1,https://www.chinamoney.com.cn/chinese/bkcurvfqq/
2026-08-28,10:00,options,USD.CNY,25D BF,3W,implied_vol,0.075,pct,,100.0,100.0,1,1,https://www.chinamoney.com.cn/chinese/bkcurvfqq/
2026-08-28,16:00,options,USD.CNY,25D BF,3W,implied_vol,0.075,pct,,100.0,100.0,1,1,https://www.chinamoney.com.cn/chinese/bkcurvfqq/
2026-08-28,10:00,options,USD.CNY,25D BF,3Y,implied_vol,0.225,pct,,100.0,100.0,1,1,https://www.chinamoney.com.cn/chinese/bkcurvfqq/
2026-08-28,16:00,options,USD.CNY,25D BF,3Y,implied_vol,0.225,pct,,100.0,100.0,1,1,https://www.chinamoney.com.cn/chinese/bkcurvfqq/
2026-08-28,10:00,options,USD.CNY,25D BF,6M,implied_vol,0.135,pct,,100.0,100.0,1,1,https://www.chinamoney.com.cn/chinese/bkcurvfqq/
2026-08-28,16:00,options,USD.CNY,25D BF,6M,implied_vol,0.135,pct,,100.0,100.0,1,1,https://www.chinamoney.com.cn/chinese/bkcurvfqq/
2026-08-28,10:00,options,USD.CNY,25D BF,9M,implied_vol,0.165,pct,,100.0,100.0,1,1,https://www.chinamoney.com.cn/chinese/bkcurvfqq/
2026-08-28,16:00,options,USD.CNY,25D BF,9M,implied_vol,0.165,pct,,100.0,100.0,1,1,https://www.chinamoney.com.cn/chinese/bkcurvfqq/
2026-08-28,10:00,options,USD.CNY,25D RR,18M,implied_vol,0.0,pct,,100.0,100.0,1,1,https://www.chinamoney.com.cn/chinese/bkcurvfqq/
2026-08-28,16:00,options,USD.CNY,25D RR,18M,implied_vol,0.0,pct,,100.0,100.0,1,1,https://www.chinamoney.com.cn/chinese/bkcurvfqq/
2026-08-28,10:00,options,USD.CNY,25D RR,1D,implied_vol,0.0,pct,,100.0,100.0,1,1,https://www.chinamoney.com.cn/chinese/bkcurvfqq/
2026-08-28,16:00,options,USD.CNY,25D RR,1D,implied_vol,0.0,pct,,100.0,100.0,1,1,https://www.chinamoney.com.cn/chinese/bkcurvfqq/
2026-08-28,10:00,options,USD.CNY,25D RR,1M,implied_vol,-0.025,pct,,100.0,100.0,1,1,https://www.chinamoney.com.cn/chinese/bkcurvfqq/
2026-08-28,16:00,options,USD.CNY,25D RR,1M,implied_vol,-0.025,pct,,100.0,100.0,1,1,https://www.chinamoney.com.cn/chinese/bkcurvfqq/
2026-08-28,10:00,options,USD.CNY,25D RR,1W,implied_vol,-0.025,pct,,100.0,100.0,1,1,https://www.chinamoney.com.cn/chinese/bkcurvfqq/
2026-08-28,16:00,options,USD.CNY,25D RR,1W,implied_vol,-0.025,pct,,100.0,100.0,1,1,https://www.chinamoney.com.cn/chinese/bkcurvfqq/
2026-08-28,10:00,options,USD.CNY,25D RR,1Y,implied_vol,0.0,pct,,100.0,100.0,1,1,https://www.chinamoney.com.cn/chinese/bkcurvfqq/
2026-08-28,16:00,options,USD.CNY,25D RR,1Y,implied_vol,0.0,pct,,100.0,100.0,1,1,https://www.chinamoney.com.cn/chinese/bkcurvfqq/
2026-08-28,10:00,options,USD.CNY,25D RR,2M,implied_vol,-0.025,pct,,100.0,100.0,1,1,https://www.chinamoney.com.cn/chinese/bkcurvfqq/
2026-08-28,16:00,options,USD.CNY,25D RR,2M,implied_vol,-0.025,pct,,100.0,100.0,1,1,https://www.chinamoney.com.cn/chinese/bkcurvfqq/
2026-08-28,10:00,options,USD.CNY,25D RR,2W,implied_vol,-0.025,pct,,100.0,100.0,1,1,https://www.chinamoney.com.cn/chinese/bkcurvfqq/
2026-08-28,16:00,options,USD.CNY,25D RR,2W,implied_vol,-0.025,pct,,100.0,100.0,1,1,https://www.chinamoney.com.cn/chinese/bkcurvfqq/
2026-08-28,10:00,options,USD.CNY,25D RR,2Y,implied_vol,0.0,pct,,100.0,100.0,1,1,https://www.chinamoney.com.cn/chinese/bkcurvfqq/
2026-08-28,16:00,options,USD.CNY,25D RR,2Y,implied_vol,0.0,pct,,100.0,100.0,1,1,https://www.chinamoney.com.cn/chinese/bkcurvfqq/
2026-08-28,10:00,options,USD.CNY,25D RR,3M,implied_vol,0.0,pct,,100.0,100.0,1,1,https://www.chinamoney.com.cn/chinese/bkcurvfqq/
2026-08-28,16:00,options,USD.CNY,25D RR,3M,implied_vol,0.0,pct,,100.0,100.0,1,1,https://www.chinamoney.com.cn/chinese/bkcurvfqq/
2026-08-28,10:00,options,USD.CNY,25D RR,3W,implied_vol,-0.025,pct,,100.0,100.0,1,1,https://www.chinamoney.com.cn/chinese/bkcurvfqq/
2026-08-28,16:00,options,USD.CNY,25D RR,3W,implied_vol,-0.025,pct,,100.0,100.0,1,1,https://www.chinamoney.com.cn/chinese/bkcurvfqq/
2026-08-28,10:00,options,USD.CNY,25D RR,3Y,implied_vol,0.0,pct,,100.0,100.0,1,1,https://www.chinamoney.com.cn/chinese/bkcurvfqq/
2026-08-28,16:00,options,USD.CNY,25D RR,3Y,implied_vol,0.0,pct,,100.0,100.0,1,1,https://www.chinamoney.com.cn/chinese/bkcurvfqq/
2026-08-28,10:00,options,USD.CNY,25D RR,6M,implied_vol,0.0,pct,,100.0,100.0,1,1,https://www.chinamoney.com.cn/chinese/bkcurvfqq/
2026-08-28,16:00,options,USD.CNY,25D RR,6M,implied_vol,0.0,pct,,100.0,100.0,1,1,https://www.chinamoney.com.cn/chinese/bkcurvfqq/
2026-08-28,10:00,options,USD.CNY,25D RR,9M,implied_vol,-0.015,pct,,100.0,100.0,1,1,https://www.chinamoney.com.cn/chinese/bkcurvfqq/
2026-08-28,16:00,options,USD.CNY,25D RR,9M,implied_vol,-0.015,pct,,100.0,100.0,1,1,https://www.chinamoney.com.cn/chinese/bkcurvfqq/
2026-08-28,10:00,options,USD.CNY,ATM,18M,implied_vol,3.2,pct,,100.0,100.0,1,1,https://www.chinamoney.com.cn/chinese/bkcurvfqq/
2026-08-28,16:00,options,USD.CNY,ATM,18M,implied_vol,3.2,pct,,100.0,100.0,1,1,https://www.chinamoney.com.cn/chinese/bkcurvfqq/
2026-08-28,10:00,options,USD.CNY,ATM,1D,implied_vol,1.25,pct,,100.0,100.0,1,1,https://www.chinamoney.com.cn/chinese/bkcurvfqq/
2026-08-28,16:00,options,USD.CNY,ATM,1D,implied_vol,1.25,pct,,100.0,100.0,1,1,https://www.chinamoney.com.cn/chinese/bkcurvfqq/
2026-08-28,10:00,options,USD.CNY,ATM,1M,implied_vol,1.5723,pct,,100.0,100.0,1,1,https://www.chinamoney.com.cn/chinese/bkcurvfqq/
2026-08-28,16:00,options,USD.CNY,ATM,1M,implied_vol,1.5723,pct,,100.0,100.0,1,1,https://www.chinamoney.com.cn/chinese/bkcurvfqq/
2026-08-28,10:00,options,USD.CNY,ATM,1W,implied_vol,1.3997,pct,,100.0,100.0,1,1,https://www.chinamoney.com.cn/chinese/bkcurvfqq/
2026-08-28,16:00,options,USD.CNY,ATM,1W,implied_vol,1.3997,pct,,100.0,100.0,1,1,https://www.chinamoney.com.cn/chinese/bkcurvfqq/
2026-08-28,10:00,options,USD.CNY,ATM,1Y,implied_vol,3.025,pct,,100.0,100.0,1,1,https://www.chinamoney.com.cn/chinese/bkcurvfqq/
2026-08-28,16:00,options,USD.CNY,ATM,1Y,implied_vol,3.025,pct,,100.0,100.0,1,1,https://www.chinamoney.com.cn/chinese/bkcurvfqq/
2026-08-28,10:00,options,USD.CNY,ATM,2M,implied_vol,1.815,pct,,100.0,100.0,1,1,https://www.chinamoney.com.cn/chinese/bkcurvfqq/
2026-08-28,16:00,options,USD.CNY,ATM,2M,implied_vol,1.815,pct,,100.0,100.0,1,1,https://www.chinamoney.com.cn/chinese/bkcurvfqq/
2026-08-28,10:00,options,USD.CNY,ATM,2W,implied_vol,1.4205,pct,,100.0,100.0,1,1,https://www.chinamoney.com.cn/chinese/bkcurvfqq/
2026-08-28,16:00,options,USD.CNY,ATM,2W,implied_vol,1.4205,pct,,100.0,100.0,1,1,https://www.chinamoney.com.cn/chinese/bkcurvfqq/
2026-08-28,10:00,options,USD.CNY,ATM,2Y,implied_vol,3.4,pct,,100.0,100.0,1,1,https://www.chinamoney.com.cn/chinese/bkcurvfqq/
2026-08-28,16:00,options,USD.CNY,ATM,2Y,implied_vol,3.4,pct,,100.0,100.0,1,1,https://www.chinamoney.com.cn/chinese/bkcurvfqq/
2026-08-28,10:00,options,USD.CNY,ATM,3M,implied_vol,2.07,pct,,100.0,100.0,1,1,https://www.chinamoney.com.cn/chinese/bkcurvfqq/
2026-08-28,16:00,options,USD.CNY,ATM,3M,implied_vol,2.07,pct,,100.0,100.0,1,1,https://www.chinamoney.com.cn/chinese/bkcurvfqq/
2026-08-28,10:00,options,USD.CNY,ATM,3W,implied_vol,1.525,pct,,100.0,100.0,1,1,https://www.chinamoney.com.cn/chinese/bkcurvfqq/
2026-08-28,16:00,options,USD.CNY,ATM,3W,implied_vol,1.525,pct,,100.0,100.0,1,1,https://www.chinamoney.com.cn/chinese/bkcurvfqq/
2026-08-28,10:00,options,USD.CNY,ATM,3Y,implied_vol,3.525,pct,,100.0,100.0,1,1,https://www.chinamoney.com.cn/chinese/bkcurvfqq/
2026-08-28,16:00,options,USD.CNY,ATM,3Y,implied_vol,3.525,pct,,100.0,100.0,1,1,https://www.chinamoney.com.cn/chinese/bkcurvfqq/
2026-08-28,10:00,options,USD.CNY,ATM,6M,implied_vol,2.51,pct,,100.0,100.0,1,1,https://www.chinamoney.com.cn/chinese/bkcurvfqq/
2026-08-28,16:00,options,USD.CNY,ATM,6M,implied_vol,2.51,pct,,100.0,100.0,1,1,https://www.chinamoney.com.cn/chinese/bkcurvfqq/
2026-08-28,10:00,options,USD.CNY,ATM,9M,implied_vol,2.8241,pct,,100.0,100.0,1,1,https://www.chinamoney.com.cn/chinese/bkcurvfqq/
2026-08-28,16:00,options,USD.CNY,ATM,9M,implied_vol,2.8241,pct,,100.0,100.0,1,1,https://www.chinamoney.com.cn/chinese/bkcurvfqq/
2026-08-28,14:00,reference_rate,USD/CNY,,,reference_rate_14,6.7214,rate,,100.0,100.0,1,1,https://www.chinamoney.com.cn/ags/ms/cm-u-bk-fx/RefRateHis
2026-08-28,16:30,swaps,USD.CNY,,18M,forward_all_in,6.4525,rate,,100.0,100.0,1,1,https://www.chinamoney.com.cn/chinese/bkcurvfsw/
2026-08-28,16:30,swaps,USD.CNY,,18M,swap_points,-2680.0,pips,,100.0,100.0,1,1,https://www.chinamoney.com.cn/chinese/bkcurvfsw/
2026-08-28,16:30,swaps,USD.CNY,,1M,forward_all_in,6.7036,rate,,100.0,100.0,1,1,https://www.chinamoney.com.cn/chinese/bkcurvfsw/
2026-08-28,16:30,swaps,USD.CNY,,1M,swap_points,-169.0,pips,,100.0,100.0,1,1,https://www.chinamoney.com.cn/chinese/bkcurvfsw/
2026-08-28,16:30,swaps,USD.CNY,,1W,forward_all_in,6.7172,rate,,100.0,100.0,1,1,https://www.chinamoney.com.cn/chinese/bkcurvfsw/
2026-08-28,16:30,swaps,USD.CNY,,1W,swap_points,-32.11,pips,,100.0,100.0,1,1,https://www.chinamoney.com.cn/chinese/bkcurvfsw/
2026-08-28,16:30,swaps,USD.CNY,,1Y,forward_all_in,6.5428,rate,,100.0,100.0,1,1,https://www.chinamoney.com.cn/chinese/bkcurvfsw/
2026-08-28,16:30,swaps,USD.CNY,,1Y,swap_points,-1776.8,pips,,100.0,100.0,1,1,https://www.chinamoney.com.cn/chinese/bkcurvfsw/
2026-08-28,16:30,swaps,USD.CNY,,2M,forward_all_in,6.6919,rate,,100.0,100.0,1,1,https://www.chinamoney.com.cn/chinese/bkcurvfsw/
2026-08-28,16:30,swaps,USD.CNY,,2M,swap_points,-285.5,pips,,100.0,100.0,1,1,https://www.chinamoney.com.cn/chinese/bkcurvfsw/
2026-08-28,16:30,swaps,USD.CNY,,2W,forward_all_in,6.7141,rate,,100.0,100.0,1,1,https://www.chinamoney.com.cn/chinese/bkcurvfsw/
2026-08-28,16:30,swaps,USD.CNY,,2W,swap_points,-63.75,pips,,100.0,100.0,1,1,https://www.chinamoney.com.cn/chinese/bkcurvfsw/
2026-08-28,16:30,swaps,USD.CNY,,2Y,forward_all_in,6.363,rate,,100.0,100.0,1,1,https://www.chinamoney.com.cn/chinese/bkcurvfsw/
2026-08-28,16:30,swaps,USD.CNY,,2Y,swap_points,-3575.0,pips,,100.0,100.0,1,1,https://www.chinamoney.com.cn/chinese/bkcurvfsw/
2026-08-28,16:30,swaps,USD.CNY,,3M,forward_all_in,6.6781,rate,,100.0,100.0,1,1,https://www.chinamoney.com.cn/chinese/bkcurvfsw/
2026-08-28,16:30,swaps,USD.CNY,,3M,swap_points,-423.1,pips,,100.0,100.0,1,1,https://www.chinamoney.com.cn/chinese/bkcurvfsw/
2026-08-28,16:30,swaps,USD.CNY,,3W,forward_all_in,6.7109,rate,,100.0,100.0,1,1,https://www.chinamoney.com.cn/chinese/bkcurvfsw/
2026-08-28,16:30,swaps,USD.CNY,,3W,swap_points,-95.5,pips,,100.0,100.0,1,1,https://www.chinamoney.com.cn/chinese/bkcurvfsw/
2026-08-28,16:30,swaps,USD.CNY,,3Y,forward_all_in,6.1875,rate,,100.0,100.0,1,1,https://www.chinamoney.com.cn/chinese/bkcurvfsw/
2026-08-28,16:30,swaps,USD.CNY,,3Y,swap_points,-5330.0,pips,,100.0,100.0,1,1,https://www.chinamoney.com.cn/chinese/bkcurvfsw/
2026-08-28,16:30,swaps,USD.CNY,,4M,forward_all_in,6.6617,rate,,100.0,100.0,1,1,https://www.chinamoney.com.cn/chinese/bkcurvfsw/
2026-08-28,16:30,swaps,USD.CNY,,4M,swap_points,-588.0,pips,,100.0,100.0,1,1,https://www.chinamoney.com.cn/chinese/bkcurvfsw/
2026-08-28,16:30,swaps,USD.CNY,,4Y,forward_all_in,6.0205,rate,,100.0,100.0,1,1,https://www.chinamoney.com.cn/chinese/bkcurvfsw/
2026-08-28,16:30,swaps,USD.CNY,,4Y,swap_points,-7000.0,pips,,100.0,100.0,1,1,https://www.chinamoney.com.cn/chinese/bkcurvfsw/
2026-08-28,16:30,swaps,USD.CNY,,5M,forward_all_in,6.6481,rate,,100.0,100.0,1,1,https://www.chinamoney.com.cn/chinese/bkcurvfsw/
2026-08-28,16:30,swaps,USD.CNY,,5M,swap_points,-723.5,pips,,100.0,100.0,1,1,https://www.chinamoney.com.cn/chinese/bkcurvfsw/
2026-08-28,16:30,swaps,USD.CNY,,5Y,forward_all_in,5.8455,rate,,100.0,100.0,1,1,https://www.chinamoney.com.cn/chinese/bkcurvfsw/
2026-08-28,16:30,swaps,USD.CNY,,5Y,swap_points,-8750.0,pips,,100.0,100.0,1,1,https://www.chinamoney.com.cn/chinese/bkcurvfsw/
2026-08-28,16:30,swaps,USD.CNY,,6M,forward_all_in,6.6344,rate,,100.0,100.0,1,1,https://www.chinamoney.com.cn/chinese/bkcurvfsw/
2026-08-28,16:30,swaps,USD.CNY,,6M,swap_points,-860.8,pips,,100.0,100.0,1,1,https://www.chinamoney.com.cn/chinese/bkcurvfsw/
2026-08-28,16:30,swaps,USD.CNY,,9M,forward_all_in,6.5889,rate,,100.0,100.0,1,1,https://www.chinamoney.com.cn/chinese/bkcurvfsw/
2026-08-28,16:30,swaps,USD.CNY,,9M,swap_points,-1316.0,pips,,100.0,100.0,1,1,https://www.chinamoney.com.cn/chinese/bkcurvfsw/
2026-08-28,16:30,swaps,USD.CNY,,ON,forward_all_in,6.7223,rate,,100.0,100.0,1,1,https://www.chinamoney.com.cn/chinese/bkcurvfsw/
2026-08-28,16:30,swaps,USD.CNY,,ON,swap_points,-14.0,pips,,100.0,100.0,1,1,https://www.chinamoney.com.cn/chinese/bkcurvfsw/
2026-08-28,16:30,swaps,USD.CNY,,SN,forward_all_in,6.72,rate,,100.0,100.0,1,1,https://www.chinamoney.com.cn/chinese/bkcurvfsw/
2026-08-28,16:30,swaps,USD.CNY,,SN,swap_points,-4.63,pips,,100.0,100.0,1,1,https://www.chinamoney.com.cn/chinese/bkcurvfsw/
2026-08-28,16:30,swaps,USD.CNY,,TN,forward_all_in,6.7209,rate,,100.0,100.0,1,1,https://www.chinamoney.com.cn/chinese/bkcurvfsw/
2026-08-28,16:30,swaps,USD.CNY,,TN,swap_points,-4.69,pips,,100.0,100.0,1,1,https://www.chinamoney.com.cn/chinese/bkcurvfsw/
2026-08-29,14:00,reference_rate,USD/CNY,,,reference_rate_14,6.7214,rate,0.0,100.0,100.0,2,2,https://www.chinamoney.com.cn/ags/ms/cm-u-bk-fx/RefRateHis
2026-08-31,09:15,fixing,USD/CNY,,,fixing,6.7828,rate,0.0017,100.0,100.0,2,2,https://www.chinamoney.com.cn/chinese/bkccpr/
2026-08-31,,implied_rates,USD,,18M,implied_usd_rate,4.237,pct,0.0805,100.0,100.0,2,2,https://www.chinamoney.com.cn/chinese/bkcurvuir/
2026-08-31,,implied_rates,USD,,1D,implied_usd_rate,3.8714,pct,-0.035,50.0,50.0,2,2,https://www.chinamoney.com.cn/chinese/bkcurvuir/
2026-08-31,,implied_rates,USD,,1M,implied_usd_rate,3.9135,pct,0.0076,100.0,100.0,2,2,https://www.chinamoney.com.cn/chinese/bkcurvuir/
2026-08-31,,implied_rates,USD,,1W,implied_usd_rate,3.9031,pct,-0.0025,50.0,50.0,2,2,https://www.chinamoney.com.cn/chinese/bkcurvuir/
2026-08-31,,implied_rates,USD,,1Y,implied_usd_rate,4.1857,pct,0.069,100.0,100.0,2,2,https://www.chinamoney.com.cn/chinese/bkcurvuir/
2026-08-31,,implied_rates,USD,,2M,implied_usd_rate,3.9557,pct,0.0197,100.0,100.0,3,3,https://www.chinamoney.com.cn/chinese/bkcurvuir/
2026-08-31,,implied_rates,USD,,2W,implied_usd_rate,3.8934,pct,0.0003,100.0,100.0,2,2,https://www.chinamoney.com.cn/chinese/bkcurvuir/
2026-08-31,,implied_rates,USD,,2Y,implied_usd_rate,4.2456,pct,0.0722,100.0,100.0,2,2,https://www.chinamoney.com.cn/chinese/bkcurvuir/
2026-08-31,,implied_rates,USD,,3M,implied_usd_rate,3.983,pct,0.0229,100.0,100.0,2,2,https://www.chinamoney.com.cn/chinese/bkcurvuir/
2026-08-31,,implied_rates,USD,,3W,implied_usd_rate,3.8996,pct,0.009,100.0,100.0,2,2,https://www.chinamoney.com.cn/chinese/bkcurvuir/
2026-08-31,,implied_rates,USD,,3Y,implied_usd_rate,4.2538,pct,0.0453,100.0,100.0,2,2,https://www.chinamoney.com.cn/chinese/bkcurvuir/
2026-08-31,,implied_rates,USD,,6M,implied_usd_rate,4.0749,pct,0.0353,100.0,100.0,2,2,https://www.chinamoney.com.cn/chinese/bkcurvuir/
2026-08-31,,implied_rates,USD,,9M,implied_usd_rate,4.1323,pct,0.0467,100.0,100.0,2,2,https://www.chinamoney.com.cn/chinese/bkcurvuir/
2026-08-31,16:00,options,USD.CNY,10D BF,18M,implied_vol_ask,0.75,pct,,100.0,100.0,1,1,https://www.chinamoney.com.cn/chinese/bkcurvfqq/
2026-08-31,16:00,options,USD.CNY,10D BF,18M,implied_vol_bid,0.35,pct,,100.0,100.0,1,1,https://www.chinamoney.com.cn/chinese/bkcurvfqq/
2026-08-31,16:00,options,USD.CNY,10D BF,18M,implied_vol_mid,0.55,pct,,100.0,100.0,1,1,https://www.chinamoney.com.cn/chinese/bkcurvfqq/
2026-08-31,16:00,options,USD.CNY,10D BF,1D,implied_vol_ask,0.15,pct,,100.0,100.0,1,1,https://www.chinamoney.com.cn/chinese/bkcurvfqq/
2026-08-31,16:00,options,USD.CNY,10D BF,1D,implied_vol_bid,0.15,pct,,100.0,100.0,1,1,https://www.chinamoney.com.cn/chinese/bkcurvfqq/
2026-08-31,16:00,options,USD.CNY,10D BF,1D,implied_vol_mid,0.15,pct,,100.0,100.0,1,1,https://www.chinamoney.com.cn/chinese/bkcurvfqq/
2026-08-31,16:00,options,USD.CNY,10D BF,1M,implied_vol_ask,0.1,pct,,100.0,100.0,1,1,https://www.chinamoney.com.cn/chinese/bkcurvfqq/
2026-08-31,16:00,options,USD.CNY,10D BF,1M,implied_vol_bid,0.1,pct,,100.0,100.0,1,1,https://www.chinamoney.com.cn/chinese/bkcurvfqq/
2026-08-31,16:00,options,USD.CNY,10D BF,1M,implied_vol_mid,0.1,pct,,100.0,100.0,1,1,https://www.chinamoney.com.cn/chinese/bkcurvfqq/
2026-08-31,16:00,options,USD.CNY,10D BF,1W,implied_vol_ask,0.1,pct,,100.0,100.0,1,1,https://www.chinamoney.com.cn/chinese/bkcurvfqq/
2026-08-31,16:00,options,USD.CNY,10D BF,1W,implied_vol_bid,0.1,pct,,100.0,100.0,1,1,https://www.chinamoney.com.cn/chinese/bkcurvfqq/
2026-08-31,16:00,options,USD.CNY,10D BF,1W,implied_vol_mid,0.1,pct,,100.0,100.0,1,1,https://www.chinamoney.com.cn/chinese/bkcurvfqq/
2026-08-31,16:00,options,USD.CNY,10D BF,1Y,implied_vol_ask,0.528,pct,,100.0,100.0,1,1,https://www.chinamoney.com.cn/chinese/bkcurvfqq/
2026-08-31,16:00,options,USD.CNY,10D BF,1Y,implied_vol_bid,0.528,pct,,100.0,100.0,1,1,https://www.chinamoney.com.cn/chinese/bkcurvfqq/
2026-08-31,16:00,options,USD.CNY,10D BF,1Y,implied_vol_mid,0.528,pct,,100.0,100.0,1,1,https://www.chinamoney.com.cn/chinese/bkcurvfqq/
2026-08-31,16:00,options,USD.CNY,10D BF,2M,implied_vol_ask,0.22,pct,,100.0,100.0,1,1,https://www.chinamoney.com.cn/chinese/bkcurvfqq/
2026-08-31,16:00,options,USD.CNY,10D BF,2M,implied_vol_bid,0.22,pct,,100.0,100.0,1,1,https://www.chinamoney.com.cn/chinese/bkcurvfqq/
2026-08-31,16:00,options,USD.CNY,10D BF,2M,implied_vol_mid,0.22,pct,,100.0,100.0,1,1,https://www.chinamoney.com.cn/chinese/bkcurvfqq/
2026-08-31,16:00,options,USD.CNY,10D BF,2W,implied_vol_ask,0.1,pct,,100.0,100.0,1,1,https://www.chinamoney.com.cn/chinese/bkcurvfqq/
2026-08-31,16:00,options,USD.CNY,10D BF,2W,implied_vol_bid,0.1,pct,,100.0,100.0,1,1,https://www.chinamoney.com.cn/chinese/bkcurvfqq/
2026-08-31,16:00,options,USD.CNY,10D BF,2W,implied_vol_mid,0.1,pct,,100.0,100.0,1,1,https://www.chinamoney.com.cn/chinese/bkcurvfqq/
2026-08-31,16:00,options,USD.CNY,10D BF,2Y,implied_vol_ask,0.75,pct,,100.0,100.0,1,1,https://www.chinamoney.com.cn/chinese/bkcurvfqq/
2026-08-31,16:00,options,USD.CNY,10D BF,2Y,implied_vol_bid,0.35,pct,,100.0,100.0,1,1,https://www.chinamoney.com.cn/chinese/bkcurvfqq/
2026-08-31,16:00,options,USD.CNY,10D BF,2Y,implied_vol_mid,0.55,pct,,100.0,100.0,1,1,https://www.chinamoney.com.cn/chinese/bkcurvfqq/
2026-08-31,16:00,options,USD.CNY,10D BF,3M,implied_vol_ask,0.49,pct,,100.0,100.0,1,1,https://www.chinamoney.com.cn/chinese/bkcurvfqq/
2026-08-31,16:00,options,USD.CNY,10D BF,3M,implied_vol_bid,0.16,pct,,100.0,100.0,1,1,https://www.chinamoney.com.cn/chinese/bkcurvfqq/
2026-08-31,16:00,options,USD.CNY,10D BF,3M,implied_vol_mid,0.325,pct,,100.0,100.0,1,1,https://www.chinamoney.com.cn/chinese/bkcurvfqq/
2026-08-31,16:00,options,USD.CNY,10D BF,3W,implied_vol_ask,0.1,pct,,100.0,100.0,1,1,https://www.chinamoney.com.cn/chinese/bkcurvfqq/
2026-08-31,16:00,options,USD.CNY,10D BF,3W,implied_vol_bid,0.1,pct,,100.0,100.0,1,1,https://www.chinamoney.com.cn/chinese/bkcurvfqq/
2026-08-31,16:00,options,USD.CNY,10D BF,3W,implied_vol_mid,0.1,pct,,100.0,100.0,1,1,https://www.chinamoney.com.cn/chinese/bkcurvfqq/
2026-08-31,16:00,options,USD.CNY,10D BF,3Y,implied_vol_ask,0.8,pct,,100.0,100.0,1,1,https://www.chinamoney.com.cn/chinese/bkcurvfqq/
2026-08-31,16:00,options,USD.CNY,10D BF,3Y,implied_vol_bid,0.4,pct,,100.0,100.0,1,1,https://www.chinamoney.com.cn/chinese/bkcurvfqq/
2026-08-31,16:00,options,USD.CNY,10D BF,3Y,implied_vol_mid,0.6,pct,,100.0,100.0,1,1,https://www.chinamoney.com.cn/chinese/bkcurvfqq/
2026-08-31,16:00,options,USD.CNY,10D BF,6M,implied_vol_ask,0.435,pct,,100.0,100.0,1,1,https://www.chinamoney.com.cn/chinese/bkcurvfqq/
2026-08-31,16:00,options,USD.CNY,10D BF,6M,implied_vol_bid,0.435,pct,,100.0,100.0,1,1,https://www.chinamoney.com.cn/chinese/bkcurvfqq/
2026-08-31,16:00,options,USD.CNY,10D BF,6M,implied_vol_mid,0.435,pct,,100.0,100.0,1,1,https://www.chinamoney.com.cn/chinese/bkcurvfqq/
2026-08-31,16:00,options,USD.CNY,10D BF,9M,implied_vol_ask,0.485,pct,,100.0,100.0,1,1,https://www.chinamoney.com.cn/chinese/bkcurvfqq/
2026-08-31,16:00,options,USD.CNY,10D BF,9M,implied_vol_bid,0.485,pct,,100.0,100.0,1,1,https://www.chinamoney.com.cn/chinese/bkcurvfqq/
2026-08-31,16:00,options,USD.CNY,10D BF,9M,implied_vol_mid,0.485,pct,,100.0,100.0,1,1,https://www.chinamoney.com.cn/chinese/bkcurvfqq/
2026-08-31,16:00,options,USD.CNY,25D BF,18M,implied_vol_ask,0.28,pct,,100.0,100.0,1,1,https://www.chinamoney.com.cn/chinese/bkcurvfqq/
2026-08-31,16:00,options,USD.CNY,25D BF,18M,implied_vol_bid,0.1,pct,,100.0,100.0,1,1,https://www.chinamoney.com.cn/chinese/bkcurvfqq/
2026-08-31,16:00,options,USD.CNY,25D BF,18M,implied_vol_mid,0.19,pct,,100.0,100.0,1,1,https://www.chinamoney.com.cn/chinese/bkcurvfqq/
2026-08-31,16:00,options,USD.CNY,25D BF,1D,implied_vol_ask,0.1,pct,,100.0,100.0,1,1,https://www.chinamoney.com.cn/chinese/bkcurvfqq/
2026-08-31,16:00,options,USD.CNY,25D BF,1D,implied_vol_bid,0.1,pct,,100.0,100.0,1,1,https://www.chinamoney.com.cn/chinese/bkcurvfqq/
2026-08-31,16:00,options,USD.CNY,25D BF,1D,implied_vol_mid,0.1,pct,,100.0,100.0,1,1,https://www.chinamoney.com.cn/chinese/bkcurvfqq/
2026-08-31,16:00,options,USD.CNY,25D BF,1M,implied_vol_ask,0.07,pct,,100.0,100.0,1,1,https://www.chinamoney.com.cn/chinese/bkcurvfqq/
2026-08-31,16:00,options,USD.CNY,25D BF,1M,implied_vol_bid,0.07,pct,,100.0,100.0,1,1,https://www.chinamoney.com.cn/chinese/bkcurvfqq/
2026-08-31,16:00,options,USD.CNY,25D BF,1M,implied_vol_mid,0.07,pct,,100.0,100.0,1,1,https://www.chinamoney.com.cn/chinese/bkcurvfqq/
2026-08-31,16:00,options,USD.CNY,25D BF,1W,implied_vol_ask,0.05,pct,,100.0,100.0,1,1,https://www.chinamoney.com.cn/chinese/bkcurvfqq/
2026-08-31,16:00,options,USD.CNY,25D BF,1W,implied_vol_bid,0.05,pct,,100.0,100.0,1,1,https://www.chinamoney.com.cn/chinese/bkcurvfqq/
2026-08-31,16:00,options,USD.CNY,25D BF,1W,implied_vol_mid,0.05,pct,,100.0,100.0,1,1,https://www.chinamoney.com.cn/chinese/bkcurvfqq/
2026-08-31,16:00,options,USD.CNY,25D BF,1Y,implied_vol_ask,0.176,pct,,100.0,100.0,1,1,https://www.chinamoney.com.cn/chinese/bkcurvfqq/
2026-08-31,16:00,options,USD.CNY,25D BF,1Y,implied_vol_bid,0.176,pct,,100.0,100.0,1,1,https://www.chinamoney.com.cn/chinese/bkcurvfqq/
2026-08-31,16:00,options,USD.CNY,25D BF,1Y,implied_vol_mid,0.176,pct,,100.0,100.0,1,1,https://www.chinamoney.com.cn/chinese/bkcurvfqq/
2026-08-31,16:00,options,USD.CNY,25D BF,2M,implied_vol_ask,0.085,pct,,100.0,100.0,1,1,https://www.chinamoney.com.cn/chinese/bkcurvfqq/
2026-08-31,16:00,options,USD.CNY,25D BF,2M,implied_vol_bid,0.085,pct,,100.0,100.0,1,1,https://www.chinamoney.com.cn/chinese/bkcurvfqq/
2026-08-31,16:00,options,USD.CNY,25D BF,2M,implied_vol_mid,0.085,pct,,100.0,100.0,1,1,https://www.chinamoney.com.cn/chinese/bkcurvfqq/
2026-08-31,16:00,options,USD.CNY,25D BF,2W,implied_vol_ask,0.05,pct,,100.0,100.0,1,1,https://www.chinamoney.com.cn/chinese/bkcurvfqq/
2026-08-31,16:00,options,USD.CNY,25D BF,2W,implied_vol_bid,0.05,pct,,100.0,100.0,1,1,https://www.chinamoney.com.cn/chinese/bkcurvfqq/
2026-08-31,16:00,options,USD.CNY,25D BF,2W,implied_vol_mid,0.05,pct,,100.0,100.0,1,1,https://www.chinamoney.com.cn/chinese/bkcurvfqq/
2026-08-31,16:00,options,USD.CNY,25D BF,2Y,implied_vol_ask,0.32,pct,,100.0,100.0,1,1,https://www.chinamoney.com.cn/chinese/bkcurvfqq/
2026-08-31,16:00,options,USD.CNY,25D BF,2Y,implied_vol_bid,0.1,pct,,100.0,100.0,1,1,https://www.chinamoney.com.cn/chinese/bkcurvfqq/
2026-08-31,16:00,options,USD.CNY,25D BF,2Y,implied_vol_mid,0.21,pct,,100.0,100.0,1,1,https://www.chinamoney.com.cn/chinese/bkcurvfqq/
2026-08-31,16:00,options,USD.CNY,25D BF,3M,implied_vol_ask,0.18,pct,,100.0,100.0,1,1,https://www.chinamoney.com.cn/chinese/bkcurvfqq/
2026-08-31,16:00,options,USD.CNY,25D BF,3M,implied_vol_bid,0.0,pct,,100.0,100.0,1,1,https://www.chinamoney.com.cn/chinese/bkcurvfqq/
2026-08-31,16:00,options,USD.CNY,25D BF,3M,implied_vol_mid,0.09,pct,,100.0,100.0,1,1,https://www.chinamoney.com.cn/chinese/bkcurvfqq/
2026-08-31,16:00,options,USD.CNY,25D BF,3W,implied_vol_ask,0.05,pct,,100.0,100.0,1,1,https://www.chinamoney.com.cn/chinese/bkcurvfqq/
2026-08-31,16:00,options,USD.CNY,25D BF,3W,implied_vol_bid,0.05,pct,,100.0,100.0,1,1,https://www.chinamoney.com.cn/chinese/bkcurvfqq/
2026-08-31,16:00,options,USD.CNY,25D BF,3W,implied_vol_mid,0.05,pct,,100.0,100.0,1,1,https://www.chinamoney.com.cn/chinese/bkcurvfqq/
2026-08-31,16:00,options,USD.CNY,25D BF,3Y,implied_vol_ask,0.35,pct,,100.0,100.0,1,1,https://www.chinamoney.com.cn/chinese/bkcurvfqq/
2026-08-31,16:00,options,USD.CNY,25D BF,3Y,implied_vol_bid,0.1,pct,,100.0,100.0,1,1,https://www.chinamoney.com.cn/chinese/bkcurvfqq/
2026-08-31,16:00,options,USD.CNY,25D BF,3Y,implied_vol_mid,0.225,pct,,100.0,100.0,1,1,https://www.chinamoney.com.cn/chinese/bkcurvfqq/
2026-08-31,16:00,options,USD.CNY,25D BF,6M,implied_vol_ask,0.135,pct,,100.0,100.0,1,1,https://www.chinamoney.com.cn/chinese/bkcurvfqq/
2026-08-31,16:00,options,USD.CNY,25D BF,6M,implied_vol_bid,0.135,pct,,100.0,100.0,1,1,https://www.chinamoney.com.cn/chinese/bkcurvfqq/
2026-08-31,16:00,options,USD.CNY,25D BF,6M,implied_vol_mid,0.135,pct,,100.0,100.0,1,1,https://www.chinamoney.com.cn/chinese/bkcurvfqq/
2026-08-31,16:00,options,USD.CNY,25D BF,9M,implied_vol_ask,0.165,pct,,100.0,100.0,1,1,https://www.chinamoney.com.cn/chinese/bkcurvfqq/
2026-08-31,16:00,options,USD.CNY,25D BF,9M,implied_vol_bid,0.165,pct,,100.0,100.0,1,1,https://www.chinamoney.com.cn/chinese/bkcurvfqq/
2026-08-31,16:00,options,USD.CNY,25D BF,9M,implied_vol_mid,0.165,pct,,100.0,100.0,1,1,https://www.chinamoney.com.cn/chinese/bkcurvfqq/
2026-08-31,16:00,options,USD.CNY,25D RR,18M,implied_vol_ask,0.5,pct,,100.0,100.0,1,1,https://www.chinamoney.com.cn/chinese/bkcurvfqq/
2026-08-31,16:00,options,USD.CNY,25D RR,18M,implied_vol_bid,-0.5,pct,,100.0,100.0,1,1,https://www.chinamoney.com.cn/chinese/bkcurvfqq/
2026-08-31,16:00,options,USD.CNY,25D RR,18M,implied_vol_mid,0.0,pct,,100.0,100.0,1,1,https://www.chinamoney.com.cn/chinese/bkcurvfqq/
2026-08-31,16:00,options,USD.CNY,25D RR,1D,implied_vol_ask,0.0,pct,,100.0,100.0,1,1,https://www.chinamoney.com.cn/chinese/bkcurvfqq/
2026-08-31,16:00,options,USD.CNY,25D RR,1D,implied_vol_bid,0.0,pct,,100.0,100.0,1,1,https://www.chinamoney.com.cn/chinese/bkcurvfqq/
2026-08-31,16:00,options,USD.CNY,25D RR,1D,implied_vol_mid,0.0,pct,,100.0,100.0,1,1,https://www.chinamoney.com.cn/chinese/bkcurvfqq/
2026-08-31,16:00,options,USD.CNY,25D RR,1M,implied_vol_ask,-0.025,pct,,100.0,100.0,1,1,https://www.chinamoney.com.cn/chinese/bkcurvfqq/
2026-08-31,16:00,options,USD.CNY,25D RR,1M,implied_vol_bid,-0.025,pct,,100.0,100.0,1,1,https://www.chinamoney.com.cn/chinese/bkcurvfqq/
2026-08-31,16:00,options,USD.CNY,25D RR,1M,implied_vol_mid,-0.025,pct,,100.0,100.0,1,1,https://www.chinamoney.com.cn/chinese/bkcurvfqq/
2026-08-31,16:00,options,USD.CNY,25D RR,1W,implied_vol_ask,-0.025,pct,,100.0,100.0,1,1,https://www.chinamoney.com.cn/chinese/bkcurvfqq/
2026-08-31,16:00,options,USD.CNY,25D RR,1W,implied_vol_bid,-0.025,pct,,100.0,100.0,1,1,https://www.chinamoney.com.cn/chinese/bkcurvfqq/
2026-08-31,16:00,options,USD.CNY,25D RR,1W,implied_vol_mid,-0.025,pct,,100.0,100.0,1,1,https://www.chinamoney.com.cn/chinese/bkcurvfqq/
2026-08-31,16:00,options,USD.CNY,25D RR,1Y,implied_vol_ask,-0.015,pct,,100.0,100.0,1,1,https://www.chinamoney.com.cn/chinese/bkcurvfqq/
2026-08-31,16:00,options,USD.CNY,25D RR,1Y,implied_vol_bid,-0.015,pct,,100.0,100.0,1,1,https://www.chinamoney.com.cn/chinese/bkcurvfqq/
2026-08-31,16:00,options,USD.CNY,25D RR,1Y,implied_vol_mid,-0.015,pct,,100.0,100.0,1,1,https://www.chinamoney.com.cn/chinese/bkcurvfqq/
2026-08-31,16:00,options,USD.CNY,25D RR,2M,implied_vol_ask,-0.025,pct,,100.0,100.0,1,1,https://www.chinamoney.com.cn/chinese/bkcurvfqq/
2026-08-31,16:00,options,USD.CNY,25D RR,2M,implied_vol_bid,-0.025,pct,,100.0,100.0,1,1,https://www.chinamoney.com.cn/chinese/bkcurvfqq/
2026-08-31,16:00,options,USD.CNY,25D RR,2M,implied_vol_mid,-0.025,pct,,100.0,100.0,1,1,https://www.chinamoney.com.cn/chinese/bkcurvfqq/
2026-08-31,16:00,options,USD.CNY,25D RR,2W,implied_vol_ask,-0.025,pct,,100.0,100.0,1,1,https://www.chinamoney.com.cn/chinese/bkcurvfqq/
2026-08-31,16:00,options,USD.CNY,25D RR,2W,implied_vol_bid,-0.025,pct,,100.0,100.0,1,1,https://www.chinamoney.com.cn/chinese/bkcurvfqq/
2026-08-31,16:00,options,USD.CNY,25D RR,2W,implied_vol_mid,-0.025,pct,,100.0,100.0,1,1,https://www.chinamoney.com.cn/chinese/bkcurvfqq/
2026-08-31,16:00,options,USD.CNY,25D RR,2Y,implied_vol_ask,0.5,pct,,100.0,100.0,1,1,https://www.chinamoney.com.cn/chinese/bkcurvfqq/
2026-08-31,16:00,options,USD.CNY,25D RR,2Y,implied_vol_bid,-0.5,pct,,100.0,100.0,1,1,https://www.chinamoney.com.cn/chinese/bkcurvfqq/
2026-08-31,16:00,options,USD.CNY,25D RR,2Y,implied_vol_mid,0.0,pct,,100.0,100.0,1,1,https://www.chinamoney.com.cn/chinese/bkcurvfqq/
2026-08-31,16:00,options,USD.CNY,25D RR,3M,implied_vol_ask,0.32,pct,,100.0,100.0,1,1,https://www.chinamoney.com.cn/chinese/bkcurvfqq/
2026-08-31,16:00,options,USD.CNY,25D RR,3M,implied_vol_bid,-0.35,pct,,100.0,100.0,1,1,https://www.chinamoney.com.cn/chinese/bkcurvfqq/
2026-08-31,16:00,options,USD.CNY,25D RR,3M,implied_vol_mid,-0.015,pct,,100.0,100.0,1,1,https://www.chinamoney.com.cn/chinese/bkcurvfqq/
2026-08-31,16:00,options,USD.CNY,25D RR,3W,implied_vol_ask,-0.025,pct,,100.0,100.0,1,1,https://www.chinamoney.com.cn/chinese/bkcurvfqq/
2026-08-31,16:00,options,USD.CNY,25D RR,3W,implied_vol_bid,-0.025,pct,,100.0,100.0,1,1,https://www.chinamoney.com.cn/chinese/bkcurvfqq/
2026-08-31,16:00,options,USD.CNY,25D RR,3W,implied_vol_mid,-0.025,pct,,100.0,100.0,1,1,https://www.chinamoney.com.cn/chinese/bkcurvfqq/
2026-08-31,16:00,options,USD.CNY,25D RR,3Y,implied_vol_ask,0.5,pct,,100.0,100.0,1,1,https://www.chinamoney.com.cn/chinese/bkcurvfqq/
2026-08-31,16:00,options,USD.CNY,25D RR,3Y,implied_vol_bid,-0.5,pct,,100.0,100.0,1,1,https://www.chinamoney.com.cn/chinese/bkcurvfqq/
2026-08-31,16:00,options,USD.CNY,25D RR,3Y,implied_vol_mid,0.0,pct,,100.0,100.0,1,1,https://www.chinamoney.com.cn/chinese/bkcurvfqq/
2026-08-31,16:00,options,USD.CNY,25D RR,6M,implied_vol_ask,-0.015,pct,,100.0,100.0,1,1,https://www.chinamoney.com.cn/chinese/bkcurvfqq/
2026-08-31,16:00,options,USD.CNY,25D RR,6M,implied_vol_bid,-0.015,pct,,100.0,100.0,1,1,https://www.chinamoney.com.cn/chinese/bkcurvfqq/
2026-08-31,16:00,options,USD.CNY,25D RR,6M,implied_vol_mid,-0.015,pct,,100.0,100.0,1,1,https://www.chinamoney.com.cn/chinese/bkcurvfqq/
2026-08-31,16:00,options,USD.CNY,25D RR,9M,implied_vol_ask,-0.015,pct,,100.0,100.0,1,1,https://www.chinamoney.com.cn/chinese/bkcurvfqq/
2026-08-31,16:00,options,USD.CNY,25D RR,9M,implied_vol_bid,-0.015,pct,,100.0,100.0,1,1,https://www.chinamoney.com.cn/chinese/bkcurvfqq/
2026-08-31,16:00,options,USD.CNY,25D RR,9M,implied_vol_mid,-0.015,pct,,100.0,100.0,1,1,https://www.chinamoney.com.cn/chinese/bkcurvfqq/
2026-08-31,16:00,options,USD.CNY,ATM,18M,implied_vol_ask,3.4,pct,,100.0,100.0,1,1,https://www.chinamoney.com.cn/chinese/bkcurvfqq/
2026-08-31,16:00,options,USD.CNY,ATM,18M,implied_vol_bid,3.0,pct,,100.0,100.0,1,1,https://www.chinamoney.com.cn/chinese/bkcurvfqq/
2026-08-31,16:00,options,USD.CNY,ATM,18M,implied_vol_mid,3.2,pct,,100.0,100.0,1,1,https://www.chinamoney.com.cn/chinese/bkcurvfqq/
2026-08-31,16:00,options,USD.CNY,ATM,1D,implied_vol_ask,1.5,pct,,100.0,100.0,1,1,https://www.chinamoney.com.cn/chinese/bkcurvfqq/
2026-08-31,16:00,options,USD.CNY,ATM,1D,implied_vol_bid,1.5,pct,,100.0,100.0,1,1,https://www.chinamoney.com.cn/chinese/bkcurvfqq/
2026-08-31,16:00,options,USD.CNY,ATM,1D,implied_vol_mid,1.5,pct,,100.0,100.0,1,1,https://www.chinamoney.com.cn/chinese/bkcurvfqq/
2026-08-31,16:00,options,USD.CNY,ATM,1M,implied_vol_ask,1.5719,pct,,100.0,100.0,1,1,https://www.chinamoney.com.cn/chinese/bkcurvfqq/
2026-08-31,16:00,options,USD.CNY,ATM,1M,implied_vol_bid,1.5719,pct,,100.0,100.0,1,1,https://www.chinamoney.com.cn/chinese/bkcurvfqq/
2026-08-31,16:00,options,USD.CNY,ATM,1M,implied_vol_mid,1.5719,pct,,100.0,100.0,1,1,https://www.chinamoney.com.cn/chinese/bkcurvfqq/
2026-08-31,16:00,options,USD.CNY,ATM,1W,implied_vol_ask,1.28,pct,,100.0,100.0,1,1,https://www.chinamoney.com.cn/chinese/bkcurvfqq/
2026-08-31,16:00,options,USD.CNY,ATM,1W,implied_vol_bid,1.28,pct,,100.0,100.0,1,1,https://www.chinamoney.com.cn/chinese/bkcurvfqq/
2026-08-31,16:00,options,USD.CNY,ATM,1W,implied_vol_mid,1.28,pct,,100.0,100.0,1,1,https://www.chinamoney.com.cn/chinese/bkcurvfqq/
2026-08-31,16:00,options,USD.CNY,ATM,1Y,implied_vol_ask,3.04,pct,,100.0,100.0,1,1,https://www.chinamoney.com.cn/chinese/bkcurvfqq/
2026-08-31,16:00,options,USD.CNY,ATM,1Y,implied_vol_bid,3.04,pct,,100.0,100.0,1,1,https://www.chinamoney.com.cn/chinese/bkcurvfqq/
2026-08-31,16:00,options,USD.CNY,ATM,1Y,implied_vol_mid,3.04,pct,,100.0,100.0,1,1,https://www.chinamoney.com.cn/chinese/bkcurvfqq/
2026-08-31,16:00,options,USD.CNY,ATM,2M,implied_vol_ask,1.8171,pct,,100.0,100.0,1,1,https://www.chinamoney.com.cn/chinese/bkcurvfqq/
2026-08-31,16:00,options,USD.CNY,ATM,2M,implied_vol_bid,1.8171,pct,,100.0,100.0,1,1,https://www.chinamoney.com.cn/chinese/bkcurvfqq/
2026-08-31,16:00,options,USD.CNY,ATM,2M,implied_vol_mid,1.8171,pct,,100.0,100.0,1,1,https://www.chinamoney.com.cn/chinese/bkcurvfqq/
2026-08-31,16:00,options,USD.CNY,ATM,2W,implied_vol_ask,1.35,pct,,100.0,100.0,1,1,https://www.chinamoney.com.cn/chinese/bkcurvfqq/
2026-08-31,16:00,options,USD.CNY,ATM,2W,implied_vol_bid,1.35,pct,,100.0,100.0,1,1,https://www.chinamoney.com.cn/chinese/bkcurvfqq/
2026-08-31,16:00,options,USD.CNY,ATM,2W,implied_vol_mid,1.35,pct,,100.0,100.0,1,1,https://www.chinamoney.com.cn/chinese/bkcurvfqq/
2026-08-31,16:00,options,USD.CNY,ATM,2Y,implied_vol_ask,3.65,pct,,100.0,100.0,1,1,https://www.chinamoney.com.cn/chinese/bkcurvfqq/
2026-08-31,16:00,options,USD.CNY,ATM,2Y,implied_vol_bid,3.15,pct,,100.0,100.0,1,1,https://www.chinamoney.com.cn/chinese/bkcurvfqq/
2026-08-31,16:00,options,USD.CNY,ATM,2Y,implied_vol_mid,3.4,pct,,100.0,100.0,1,1,https://www.chinamoney.com.cn/chinese/bkcurvfqq/
2026-08-31,16:00,options,USD.CNY,ATM,3M,implied_vol_ask,2.2,pct,,100.0,100.0,1,1,https://www.chinamoney.com.cn/chinese/bkcurvfqq/
2026-08-31,16:00,options,USD.CNY,ATM,3M,implied_vol_bid,1.9,pct,,100.0,100.0,1,1,https://www.chinamoney.com.cn/chinese/bkcurvfqq/
2026-08-31,16:00,options,USD.CNY,ATM,3M,implied_vol_mid,2.0661,pct,,100.0,100.0,1,1,https://www.chinamoney.com.cn/chinese/bkcurvfqq/
2026-08-31,16:00,options,USD.CNY,ATM,3W,implied_vol_ask,1.4792,pct,,100.0,100.0,1,1,https://www.chinamoney.com.cn/chinese/bkcurvfqq/
2026-08-31,16:00,options,USD.CNY,ATM,3W,implied_vol_bid,1.4792,pct,,100.0,100.0,1,1,https://www.chinamoney.com.cn/chinese/bkcurvfqq/
2026-08-31,16:00,options,USD.CNY,ATM,3W,implied_vol_mid,1.4792,pct,,100.0,100.0,1,1,https://www.chinamoney.com.cn/chinese/bkcurvfqq/
2026-08-31,16:00,options,USD.CNY,ATM,3Y,implied_vol_ask,3.8,pct,,100.0,100.0,1,1,https://www.chinamoney.com.cn/chinese/bkcurvfqq/
2026-08-31,16:00,options,USD.CNY,ATM,3Y,implied_vol_bid,3.25,pct,,100.0,100.0,1,1,https://www.chinamoney.com.cn/chinese/bkcurvfqq/
2026-08-31,16:00,options,USD.CNY,ATM,3Y,implied_vol_mid,3.525,pct,,100.0,100.0,1,1,https://www.chinamoney.com.cn/chinese/bkcurvfqq/
2026-08-31,16:00,options,USD.CNY,ATM,6M,implied_vol_ask,2.51,pct,,100.0,100.0,1,1,https://www.chinamoney.com.cn/chinese/bkcurvfqq/
2026-08-31,16:00,options,USD.CNY,ATM,6M,implied_vol_bid,2.51,pct,,100.0,100.0,1,1,https://www.chinamoney.com.cn/chinese/bkcurvfqq/
2026-08-31,16:00,options,USD.CNY,ATM,6M,implied_vol_mid,2.51,pct,,100.0,100.0,1,1,https://www.chinamoney.com.cn/chinese/bkcurvfqq/
2026-08-31,16:00,options,USD.CNY,ATM,9M,implied_vol_ask,2.8257,pct,,100.0,100.0,1,1,https://www.chinamoney.com.cn/chinese/bkcurvfqq/
2026-08-31,16:00,options,USD.CNY,ATM,9M,implied_vol_bid,2.8257,pct,,100.0,100.0,1,1,https://www.chinamoney.com.cn/chinese/bkcurvfqq/
2026-08-31,16:00,options,USD.CNY,ATM,9M,implied_vol_mid,2.8257,pct,,100.0,100.0,1,1,https://www.chinamoney.com.cn/chinese/bkcurvfqq/
2026-08-31,16:30,swaps,USD.CNY,,18M,forward_all_in,6.4436,rate,-0.0089,50.0,50.0,2,2,https://www.chinamoney.com.cn/chinese/bkcurvfsw/
2026-08-31,16:30,swaps,USD.CNY,,18M,swap_points,-2762.5,pips,-82.5,50.0,50.0,2,2,https://www.chinamoney.com.cn/chinese/bkcurvfsw/
2026-08-31,16:30,swaps,USD.CNY,,1M,forward_all_in,6.7033,rate,-0.0003,50.0,50.0,2,2,https://www.chinamoney.com.cn/chinese/bkcurvfsw/
2026-08-31,16:30,swaps,USD.CNY,,1M,swap_points,-165.2,pips,3.8,100.0,100.0,2,2,https://www.chinamoney.com.cn/chinese/bkcurvfsw/
2026-08-31,16:30,swaps,USD.CNY,,1W,forward_all_in,6.7166,rate,-0.0006,50.0,50.0,2,2,https://www.chinamoney.com.cn/chinese/bkcurvfsw/
2026-08-31,16:30,swaps,USD.CNY,,1W,swap_points,-32.05,pips,0.06,100.0,100.0,2,2,https://www.chinamoney.com.cn/chinese/bkcurvfsw/
2026-08-31,16:30,swaps,USD.CNY,,1Y,forward_all_in,6.5376,rate,-0.0052,50.0,50.0,2,2,https://www.chinamoney.com.cn/chinese/bkcurvfsw/
2026-08-31,16:30,swaps,USD.CNY,,1Y,swap_points,-1823.0,pips,-46.2,50.0,50.0,2,2,https://www.chinamoney.com.cn/chinese/bkcurvfsw/
2026-08-31,16:30,swaps,USD.CNY,,2M,forward_all_in,6.6915,rate,-0.0004,50.0,50.0,2,2,https://www.chinamoney.com.cn/chinese/bkcurvfsw/
2026-08-31,16:30,swaps,USD.CNY,,2M,swap_points,-283.8,pips,1.7,100.0,100.0,2,2,https://www.chinamoney.com.cn/chinese/bkcurvfsw/
2026-08-31,16:30,swaps,USD.CNY,,2W,forward_all_in,6.7135,rate,-0.0006,50.0,50.0,2,2,https://www.chinamoney.com.cn/chinese/bkcurvfsw/
2026-08-31,16:30,swaps,USD.CNY,,2W,swap_points,-63.75,pips,0.0,100.0,100.0,2,2,https://www.chinamoney.com.cn/chinese/bkcurvfsw/
2026-08-31,16:30,swaps,USD.CNY,,2Y,forward_all_in,6.3509,rate,-0.0121,50.0,50.0,2,2,https://www.chinamoney.com.cn/chinese/bkcurvfsw/
2026-08-31,16:30,swaps,USD.CNY,,2Y,swap_points,-3690.0,pips,-115.0,50.0,50.0,2,2,https://www.chinamoney.com.cn/chinese/bkcurvfsw/
2026-08-31,16:30,swaps,USD.CNY,,3M,forward_all_in,6.6772,rate,-0.0009,50.0,50.0,2,2,https://www.chinamoney.com.cn/chinese/bkcurvfsw/
2026-08-31,16:30,swaps,USD.CNY,,3M,swap_points,-427.0,pips,-3.9,50.0,50.0,2,2,https://www.chinamoney.com.cn/chinese/bkcurvfsw/
2026-08-31,16:30,swaps,USD.CNY,,3W,forward_all_in,6.7103,rate,-0.0006,50.0,50.0,2,2,https://www.chinamoney.com.cn/chinese/bkcurvfsw/
2026-08-31,16:30,swaps,USD.CNY,,3W,swap_points,-96.0,pips,-0.5,50.0,50.0,2,2,https://www.chinamoney.com.cn/chinese/bkcurvfsw/
2026-08-31,16:30,swaps,USD.CNY,,3Y,forward_all_in,6.1774,rate,-0.0101,50.0,50.0,2,2,https://www.chinamoney.com.cn/chinese/bkcurvfsw/
2026-08-31,16:30,swaps,USD.CNY,,3Y,swap_points,-5425.0,pips,-95.0,50.0,50.0,2,2,https://www.chinamoney.com.cn/chinese/bkcurvfsw/
2026-08-31,16:30,swaps,USD.CNY,,4M,forward_all_in,6.6608,rate,-0.0009,50.0,50.0,2,2,https://www.chinamoney.com.cn/chinese/bkcurvfsw/
2026-08-31,16:30,swaps,USD.CNY,,4M,swap_points,-591.0,pips,-3.0,50.0,50.0,2,2,https://www.chinamoney.com.cn/chinese/bkcurvfsw/
2026-08-31,16:30,swaps,USD.CNY,,4Y,forward_all_in,6.0049,rate,-0.0156,50.0,50.0,2,2,https://www.chinamoney.com.cn/chinese/bkcurvfsw/
2026-08-31,16:30,swaps,USD.CNY,,4Y,swap_points,-7150.0,pips,-150.0,50.0,50.0,2,2,https://www.chinamoney.com.cn/chinese/bkcurvfsw/
2026-08-31,16:30,swaps,USD.CNY,,5M,forward_all_in,6.6466,rate,-0.0015,50.0,50.0,2,2,https://www.chinamoney.com.cn/chinese/bkcurvfsw/
2026-08-31,16:30,swaps,USD.CNY,,5M,swap_points,-733.0,pips,-9.5,50.0,50.0,2,2,https://www.chinamoney.com.cn/chinese/bkcurvfsw/
2026-08-31,16:30,swaps,USD.CNY,,5Y,forward_all_in,5.8299,rate,-0.0156,50.0,50.0,2,2,https://www.chinamoney.com.cn/chinese/bkcurvfsw/
2026-08-31,16:30,swaps,USD.CNY,,5Y,swap_points,-8900.0,pips,-150.0,50.0,50.0,2,2,https://www.chinamoney.com.cn/chinese/bkcurvfsw/
2026-08-31,16:30,swaps,USD.CNY,,6M,forward_all_in,6.6326,rate,-0.0018,50.0,50.0,2,2,https://www.chinamoney.com.cn/chinese/bkcurvfsw/
2026-08-31,16:30,swaps,USD.CNY,,6M,swap_points,-873.0,pips,-12.2,50.0,50.0,2,2,https://www.chinamoney.com.cn/chinese/bkcurvfsw/
2026-08-31,16:30,swaps,USD.CNY,,9M,forward_all_in,6.5856,rate,-0.0033,50.0,50.0,2,2,https://www.chinamoney.com.cn/chinese/bkcurvfsw/
2026-08-31,16:30,swaps,USD.CNY,,9M,swap_points,-1343.0,pips,-27.0,50.0,50.0,2,2,https://www.chinamoney.com.cn/chinese/bkcurvfsw/
2026-08-31,16:30,swaps,USD.CNY,,ON,forward_all_in,6.7207,rate,-0.0016,50.0,50.0,2,2,https://www.chinamoney.com.cn/chinese/bkcurvfsw/
2026-08-31,16:30,swaps,USD.CNY,,ON,swap_points,-4.07,pips,9.93,100.0,100.0,2,2,https://www.chinamoney.com.cn/chinese/bkcurvfsw/
2026-08-31,16:30,swaps,USD.CNY,,SN,forward_all_in,6.7194,rate,-0.0006,50.0,50.0,2,2,https://www.chinamoney.com.cn/chinese/bkcurvfsw/
2026-08-31,16:30,swaps,USD.CNY,,SN,swap_points,-4.54,pips,0.09,100.0,100.0,2,2,https://www.chinamoney.com.cn/chinese/bkcurvfsw/
2026-08-31,16:30,swaps,USD.CNY,,TN,forward_all_in,6.7203,rate,-0.0006,50.0,50.0,2,2,https://www.chinamoney.com.cn/chinese/bkcurvfsw/
2026-08-31,16:30,swaps,USD.CNY,,TN,swap_points,-4.25,pips,0.44,100.0,100.0,2,2,https://www.chinamoney.com.cn/chinese/bkcurvfsw/
2026-09-01,09:15,fixing,USD/CNY,,,fixing,6.7809,rate,-0.0019,33.3,33.3,3,3,https://www.chinamoney.com.cn/chinese/bkccpr/
2026-09-01,,implied_rates,USD,,18M,implied_usd_rate,4.2493,pct,0.0123,100.0,100.0,3,3,https://www.chinamoney.com.cn/chinese/bkcurvuir/
2026-09-01,,implied_rates,USD,,1D,implied_usd_rate,3.7778,pct,-0.0936,33.3,33.3,3,3,https://www.chinamoney.com.cn/chinese/bkcurvuir/
2026-09-01,,implied_rates,USD,,1M,implied_usd_rate,3.9127,pct,-0.0008,66.7,66.7,3,3,https://www.chinamoney.com.cn/chinese/bkcurvuir/
2026-09-01,,implied_rates,USD,,1W,implied_usd_rate,3.8359,pct,-0.0672,33.3,33.3,3,3,https://www.chinamoney.com.cn/chinese/bkcurvuir/
2026-09-01,,implied_rates,USD,,1Y,implied_usd_rate,4.2079,pct,0.0222,100.0,100.0,3,3,https://www.chinamoney.com.cn/chinese/bkcurvuir/
2026-09-01,,implied_rates,USD,,2M,implied_usd_rate,3.9665,pct,0.0108,100.0,100.0,4,4,https://www.chinamoney.com.cn/chinese/bkcurvuir/
2026-09-01,,implied_rates,USD,,2W,implied_usd_rate,3.8464,pct,-0.047,33.3,33.3,3,3,https://www.chinamoney.com.cn/chinese/bkcurvuir/
2026-09-01,,implied_rates,USD,,2Y,implied_usd_rate,4.2721,pct,0.0265,100.0,100.0,3,3,https://www.chinamoney.com.cn/chinese/bkcurvuir/
2026-09-01,,implied_rates,USD,,3M,implied_usd_rate,3.9946,pct,0.0116,100.0,100.0,3,3,https://www.chinamoney.com.cn/chinese/bkcurvuir/
2026-09-01,,implied_rates,USD,,3W,implied_usd_rate,3.8724,pct,-0.0272,33.3,33.3,3,3,https://www.chinamoney.com.cn/chinese/bkcurvuir/
2026-09-01,,implied_rates,USD,,3Y,implied_usd_rate,4.2824,pct,0.0286,100.0,100.0,3,3,https://www.chinamoney.com.cn/chinese/bkcurvuir/
2026-09-01,,implied_rates,USD,,6M,implied_usd_rate,4.0818,pct,0.0069,100.0,100.0,3,3,https://www.chinamoney.com.cn/chinese/bkcurvuir/
2026-09-01,,implied_rates,USD,,9M,implied_usd_rate,4.1532,pct,0.0209,100.0,100.0,3,3,https://www.chinamoney.com.cn/chinese/bkcurvuir/
2026-09-01,10:00,options,USD.CNY,10D BF,18M,implied_vol_ask,0.75,pct,,100.0,100.0,1,1,https://www.chinamoney.com.cn/chinese/bkcurvfqq/
2026-09-01,10:00,options,USD.CNY,10D BF,18M,implied_vol_bid,0.35,pct,,100.0,100.0,1,1,https://www.chinamoney.com.cn/chinese/bkcurvfqq/
2026-09-01,10:00,options,USD.CNY,10D BF,18M,implied_vol_mid,0.55,pct,,100.0,100.0,1,1,https://www.chinamoney.com.cn/chinese/bkcurvfqq/
2026-09-01,10:00,options,USD.CNY,10D BF,1D,implied_vol_ask,0.15,pct,,100.0,100.0,1,1,https://www.chinamoney.com.cn/chinese/bkcurvfqq/
2026-09-01,10:00,options,USD.CNY,10D BF,1D,implied_vol_bid,0.15,pct,,100.0,100.0,1,1,https://www.chinamoney.com.cn/chinese/bkcurvfqq/
2026-09-01,10:00,options,USD.CNY,10D BF,1D,implied_vol_mid,0.15,pct,,100.0,100.0,1,1,https://www.chinamoney.com.cn/chinese/bkcurvfqq/
2026-09-01,10:00,options,USD.CNY,10D BF,1M,implied_vol_ask,0.1,pct,,100.0,100.0,1,1,https://www.chinamoney.com.cn/chinese/bkcurvfqq/
2026-09-01,10:00,options,USD.CNY,10D BF,1M,implied_vol_bid,0.1,pct,,100.0,100.0,1,1,https://www.chinamoney.com.cn/chinese/bkcurvfqq/
2026-09-01,10:00,options,USD.CNY,10D BF,1M,implied_vol_mid,0.1,pct,,100.0,100.0,1,1,https://www.chinamoney.com.cn/chinese/bkcurvfqq/
2026-09-01,10:00,options,USD.CNY,10D BF,1W,implied_vol_ask,0.1,pct,,100.0,100.0,1,1,https://www.chinamoney.com.cn/chinese/bkcurvfqq/
2026-09-01,10:00,options,USD.CNY,10D BF,1W,implied_vol_bid,0.1,pct,,100.0,100.0,1,1,https://www.chinamoney.com.cn/chinese/bkcurvfqq/
2026-09-01,10:00,options,USD.CNY,10D BF,1W,implied_vol_mid,0.1,pct,,100.0,100.0,1,1,https://www.chinamoney.com.cn/chinese/bkcurvfqq/
2026-09-01,10:00,options,USD.CNY,10D BF,1Y,implied_vol_ask,0.76,pct,,100.0,100.0,1,1,https://www.chinamoney.com.cn/chinese/bkcurvfqq/
2026-09-01,10:00,options,USD.CNY,10D BF,1Y,implied_vol_bid,0.3,pct,,100.0,100.0,1,1,https://www.chinamoney.com.cn/chinese/bkcurvfqq/
2026-09-01,10:00,options,USD.CNY,10D BF,1Y,implied_vol_mid,0.53,pct,,100.0,100.0,1,1,https://www.chinamoney.com.cn/chinese/bkcurvfqq/
2026-09-01,10:00,options,USD.CNY,10D BF,2M,implied_vol_ask,0.4,pct,,100.0,100.0,1,1,https://www.chinamoney.com.cn/chinese/bkcurvfqq/
2026-09-01,10:00,options,USD.CNY,10D BF,2M,implied_vol_bid,0.04,pct,,100.0,100.0,1,1,https://www.chinamoney.com.cn/chinese/bkcurvfqq/
2026-09-01,10:00,options,USD.CNY,10D BF,2M,implied_vol_mid,0.22,pct,,100.0,100.0,1,1,https://www.chinamoney.com.cn/chinese/bkcurvfqq/
2026-09-01,10:00,options,USD.CNY,10D BF,2W,implied_vol_ask,0.1,pct,,100.0,100.0,1,1,https://www.chinamoney.com.cn/chinese/bkcurvfqq/
2026-09-01,10:00,options,USD.CNY,10D BF,2W,implied_vol_bid,0.1,pct,,100.0,100.0,1,1,https://www.chinamoney.com.cn/chinese/bkcurvfqq/
2026-09-01,10:00,options,USD.CNY,10D BF,2W,implied_vol_mid,0.1,pct,,100.0,100.0,1,1,https://www.chinamoney.com.cn/chinese/bkcurvfqq/
2026-09-01,10:00,options,USD.CNY,10D BF,2Y,implied_vol_ask,0.75,pct,,100.0,100.0,1,1,https://www.chinamoney.com.cn/chinese/bkcurvfqq/
2026-09-01,10:00,options,USD.CNY,10D BF,2Y,implied_vol_bid,0.35,pct,,100.0,100.0,1,1,https://www.chinamoney.com.cn/chinese/bkcurvfqq/
2026-09-01,10:00,options,USD.CNY,10D BF,2Y,implied_vol_mid,0.55,pct,,100.0,100.0,1,1,https://www.chinamoney.com.cn/chinese/bkcurvfqq/
2026-09-01,10:00,options,USD.CNY,10D BF,3M,implied_vol_ask,0.49,pct,,100.0,100.0,1,1,https://www.chinamoney.com.cn/chinese/bkcurvfqq/
2026-09-01,10:00,options,USD.CNY,10D BF,3M,implied_vol_bid,0.16,pct,,100.0,100.0,1,1,https://www.chinamoney.com.cn/chinese/bkcurvfqq/
2026-09-01,10:00,options,USD.CNY,10D BF,3M,implied_vol_mid,0.325,pct,,100.0,100.0,1,1,https://www.chinamoney.com.cn/chinese/bkcurvfqq/
2026-09-01,10:00,options,USD.CNY,10D BF,3W,implied_vol_ask,0.1,pct,,100.0,100.0,1,1,https://www.chinamoney.com.cn/chinese/bkcurvfqq/
2026-09-01,10:00,options,USD.CNY,10D BF,3W,implied_vol_bid,0.1,pct,,100.0,100.0,1,1,https://www.chinamoney.com.cn/chinese/bkcurvfqq/
2026-09-01,10:00,options,USD.CNY,10D BF,3W,implied_vol_mid,0.1,pct,,100.0,100.0,1,1,https://www.chinamoney.com.cn/chinese/bkcurvfqq/
2026-09-01,10:00,options,USD.CNY,10D BF,3Y,implied_vol_ask,0.8,pct,,100.0,100.0,1,1,https://www.chinamoney.com.cn/chinese/bkcurvfqq/
2026-09-01,10:00,options,USD.CNY,10D BF,3Y,implied_vol_bid,0.4,pct,,100.0,100.0,1,1,https://www.chinamoney.com.cn/chinese/bkcurvfqq/
2026-09-01,10:00,options,USD.CNY,10D BF,3Y,implied_vol_mid,0.6,pct,,100.0,100.0,1,1,https://www.chinamoney.com.cn/chinese/bkcurvfqq/
2026-09-01,10:00,options,USD.CNY,10D BF,6M,implied_vol_ask,0.435,pct,,100.0,100.0,1,1,https://www.chinamoney.com.cn/chinese/bkcurvfqq/
2026-09-01,10:00,options,USD.CNY,10D BF,6M,implied_vol_bid,0.435,pct,,100.0,100.0,1,1,https://www.chinamoney.com.cn/chinese/bkcurvfqq/
2026-09-01,10:00,options,USD.CNY,10D BF,6M,implied_vol_mid,0.435,pct,,100.0,100.0,1,1,https://www.chinamoney.com.cn/chinese/bkcurvfqq/
2026-09-01,10:00,options,USD.CNY,10D BF,9M,implied_vol_ask,0.485,pct,,100.0,100.0,1,1,https://www.chinamoney.com.cn/chinese/bkcurvfqq/
2026-09-01,10:00,options,USD.CNY,10D BF,9M,implied_vol_bid,0.485,pct,,100.0,100.0,1,1,https://www.chinamoney.com.cn/chinese/bkcurvfqq/
2026-09-01,10:00,options,USD.CNY,10D BF,9M,implied_vol_mid,0.485,pct,,100.0,100.0,1,1,https://www.chinamoney.com.cn/chinese/bkcurvfqq/
2026-09-01,10:00,options,USD.CNY,25D BF,18M,implied_vol_ask,0.28,pct,,100.0,100.0,1,1,https://www.chinamoney.com.cn/chinese/bkcurvfqq/
2026-09-01,10:00,options,USD.CNY,25D BF,18M,implied_vol_bid,0.1,pct,,100.0,100.0,1,1,https://www.chinamoney.com.cn/chinese/bkcurvfqq/
2026-09-01,10:00,options,USD.CNY,25D BF,18M,implied_vol_mid,0.19,pct,,100.0,100.0,1,1,https://www.chinamoney.com.cn/chinese/bkcurvfqq/
2026-09-01,10:00,options,USD.CNY,25D BF,1D,implied_vol_ask,0.1,pct,,100.0,100.0,1,1,https://www.chinamoney.com.cn/chinese/bkcurvfqq/
2026-09-01,10:00,options,USD.CNY,25D BF,1D,implied_vol_bid,0.1,pct,,100.0,100.0,1,1,https://www.chinamoney.com.cn/chinese/bkcurvfqq/
2026-09-01,10:00,options,USD.CNY,25D BF,1D,implied_vol_mid,0.1,pct,,100.0,100.0,1,1,https://www.chinamoney.com.cn/chinese/bkcurvfqq/
2026-09-01,10:00,options,USD.CNY,25D BF,1M,implied_vol_ask,0.0675,pct,,100.0,100.0,1,1,https://www.chinamoney.com.cn/chinese/bkcurvfqq/
2026-09-01,10:00,options,USD.CNY,25D BF,1M,implied_vol_bid,0.0675,pct,,100.0,100.0,1,1,https://www.chinamoney.com.cn/chinese/bkcurvfqq/
2026-09-01,10:00,options,USD.CNY,25D BF,1M,implied_vol_mid,0.0675,pct,,100.0,100.0,1,1,https://www.chinamoney.com.cn/chinese/bkcurvfqq/
2026-09-01,10:00,options,USD.CNY,25D BF,1W,implied_vol_ask,0.05,pct,,100.0,100.0,1,1,https://www.chinamoney.com.cn/chinese/bkcurvfqq/
2026-09-01,10:00,options,USD.CNY,25D BF,1W,implied_vol_bid,0.05,pct,,100.0,100.0,1,1,https://www.chinamoney.com.cn/chinese/bkcurvfqq/
2026-09-01,10:00,options,USD.CNY,25D BF,1W,implied_vol_mid,0.05,pct,,100.0,100.0,1,1,https://www.chinamoney.com.cn/chinese/bkcurvfqq/
2026-09-01,10:00,options,USD.CNY,25D BF,1Y,implied_vol_ask,0.28,pct,,100.0,100.0,1,1,https://www.chinamoney.com.cn/chinese/bkcurvfqq/
2026-09-01,10:00,options,USD.CNY,25D BF,1Y,implied_vol_bid,0.07,pct,,100.0,100.0,1,1,https://www.chinamoney.com.cn/chinese/bkcurvfqq/
2026-09-01,10:00,options,USD.CNY,25D BF,1Y,implied_vol_mid,0.175,pct,,100.0,100.0,1,1,https://www.chinamoney.com.cn/chinese/bkcurvfqq/
2026-09-01,10:00,options,USD.CNY,25D BF,2M,implied_vol_ask,0.17,pct,,100.0,100.0,1,1,https://www.chinamoney.com.cn/chinese/bkcurvfqq/
2026-09-01,10:00,options,USD.CNY,25D BF,2M,implied_vol_bid,0.0,pct,,100.0,100.0,1,1,https://www.chinamoney.com.cn/chinese/bkcurvfqq/
2026-09-01,10:00,options,USD.CNY,25D BF,2M,implied_vol_mid,0.085,pct,,100.0,100.0,1,1,https://www.chinamoney.com.cn/chinese/bkcurvfqq/
2026-09-01,10:00,options,USD.CNY,25D BF,2W,implied_vol_ask,0.05,pct,,100.0,100.0,1,1,https://www.chinamoney.com.cn/chinese/bkcurvfqq/
2026-09-01,10:00,options,USD.CNY,25D BF,2W,implied_vol_bid,0.05,pct,,100.0,100.0,1,1,https://www.chinamoney.com.cn/chinese/bkcurvfqq/
2026-09-01,10:00,options,USD.CNY,25D BF,2W,implied_vol_mid,0.05,pct,,100.0,100.0,1,1,https://www.chinamoney.com.cn/chinese/bkcurvfqq/
2026-09-01,10:00,options,USD.CNY,25D BF,2Y,implied_vol_ask,0.32,pct,,100.0,100.0,1,1,https://www.chinamoney.com.cn/chinese/bkcurvfqq/
2026-09-01,10:00,options,USD.CNY,25D BF,2Y,implied_vol_bid,0.1,pct,,100.0,100.0,1,1,https://www.chinamoney.com.cn/chinese/bkcurvfqq/
2026-09-01,10:00,options,USD.CNY,25D BF,2Y,implied_vol_mid,0.21,pct,,100.0,100.0,1,1,https://www.chinamoney.com.cn/chinese/bkcurvfqq/
2026-09-01,10:00,options,USD.CNY,25D BF,3M,implied_vol_ask,0.0925,pct,,100.0,100.0,1,1,https://www.chinamoney.com.cn/chinese/bkcurvfqq/
2026-09-01,10:00,options,USD.CNY,25D BF,3M,implied_vol_bid,0.0875,pct,,100.0,100.0,1,1,https://www.chinamoney.com.cn/chinese/bkcurvfqq/
2026-09-01,10:00,options,USD.CNY,25D BF,3M,implied_vol_mid,0.0925,pct,,100.0,100.0,1,1,https://www.chinamoney.com.cn/chinese/bkcurvfqq/
2026-09-01,10:00,options,USD.CNY,25D BF,3W,implied_vol_ask,0.075,pct,,100.0,100.0,1,1,https://www.chinamoney.com.cn/chinese/bkcurvfqq/
2026-09-01,10:00,options,USD.CNY,25D BF,3W,implied_vol_bid,0.075,pct,,100.0,100.0,1,1,https://www.chinamoney.com.cn/chinese/bkcurvfqq/
2026-09-01,10:00,options,USD.CNY,25D BF,3W,implied_vol_mid,0.075,pct,,100.0,100.0,1,1,https://www.chinamoney.com.cn/chinese/bkcurvfqq/
2026-09-01,10:00,options,USD.CNY,25D BF,3Y,implied_vol_ask,0.35,pct,,100.0,100.0,1,1,https://www.chinamoney.com.cn/chinese/bkcurvfqq/
2026-09-01,10:00,options,USD.CNY,25D BF,3Y,implied_vol_bid,0.1,pct,,100.0,100.0,1,1,https://www.chinamoney.com.cn/chinese/bkcurvfqq/
2026-09-01,10:00,options,USD.CNY,25D BF,3Y,implied_vol_mid,0.225,pct,,100.0,100.0,1,1,https://www.chinamoney.com.cn/chinese/bkcurvfqq/
2026-09-01,10:00,options,USD.CNY,25D BF,6M,implied_vol_ask,0.1363,pct,,100.0,100.0,1,1,https://www.chinamoney.com.cn/chinese/bkcurvfqq/
2026-09-01,10:00,options,USD.CNY,25D BF,6M,implied_vol_bid,0.1363,pct,,100.0,100.0,1,1,https://www.chinamoney.com.cn/chinese/bkcurvfqq/
2026-09-01,10:00,options,USD.CNY,25D BF,6M,implied_vol_mid,0.1363,pct,,100.0,100.0,1,1,https://www.chinamoney.com.cn/chinese/bkcurvfqq/
2026-09-01,10:00,options,USD.CNY,25D BF,9M,implied_vol_ask,0.165,pct,,100.0,100.0,1,1,https://www.chinamoney.com.cn/chinese/bkcurvfqq/
2026-09-01,10:00,options,USD.CNY,25D BF,9M,implied_vol_bid,0.165,pct,,100.0,100.0,1,1,https://www.chinamoney.com.cn/chinese/bkcurvfqq/
2026-09-01,10:00,options,USD.CNY,25D BF,9M,implied_vol_mid,0.165,pct,,100.0,100.0,1,1,https://www.chinamoney.com.cn/chinese/bkcurvfqq/
2026-09-01,10:00,options,USD.CNY,25D RR,18M,implied_vol_ask,0.5,pct,,100.0,100.0,1,1,https://www.chinamoney.com.cn/chinese/bkcurvfqq/
2026-09-01,10:00,options,USD.CNY,25D RR,18M,implied_vol_bid,-0.5,pct,,100.0,100.0,1,1,https://www.chinamoney.com.cn/chinese/bkcurvfqq/
2026-09-01,10:00,options,USD.CNY,25D RR,18M,implied_vol_mid,0.0,pct,,100.0,100.0,1,1,https://www.chinamoney.com.cn/chinese/bkcurvfqq/
2026-09-01,10:00,options,USD.CNY,25D RR,1D,implied_vol_ask,0.0,pct,,100.0,100.0,1,1,https://www.chinamoney.com.cn/chinese/bkcurvfqq/
2026-09-01,10:00,options,USD.CNY,25D RR,1D,implied_vol_bid,0.0,pct,,100.0,100.0,1,1,https://www.chinamoney.com.cn/chinese/bkcurvfqq/
2026-09-01,10:00,options,USD.CNY,25D RR,1D,implied_vol_mid,0.0,pct,,100.0,100.0,1,1,https://www.chinamoney.com.cn/chinese/bkcurvfqq/
2026-09-01,10:00,options,USD.CNY,25D RR,1M,implied_vol_ask,0.0,pct,,100.0,100.0,1,1,https://www.chinamoney.com.cn/chinese/bkcurvfqq/
2026-09-01,10:00,options,USD.CNY,25D RR,1M,implied_vol_bid,0.0,pct,,100.0,100.0,1,1,https://www.chinamoney.com.cn/chinese/bkcurvfqq/
2026-09-01,10:00,options,USD.CNY,25D RR,1M,implied_vol_mid,0.0,pct,,100.0,100.0,1,1,https://www.chinamoney.com.cn/chinese/bkcurvfqq/
2026-09-01,10:00,options,USD.CNY,25D RR,1W,implied_vol_ask,0.0,pct,,100.0,100.0,1,1,https://www.chinamoney.com.cn/chinese/bkcurvfqq/
2026-09-01,10:00,options,USD.CNY,25D RR,1W,implied_vol_bid,0.0,pct,,100.0,100.0,1,1,https://www.chinamoney.com.cn/chinese/bkcurvfqq/
2026-09-01,10:00,options,USD.CNY,25D RR,1W,implied_vol_mid,0.0,pct,,100.0,100.0,1,1,https://www.chinamoney.com.cn/chinese/bkcurvfqq/
2026-09-01,10:00,options,USD.CNY,25D RR,1Y,implied_vol_ask,0.35,pct,,100.0,100.0,1,1,https://www.chinamoney.com.cn/chinese/bkcurvfqq/
2026-09-01,10:00,options,USD.CNY,25D RR,1Y,implied_vol_bid,-0.35,pct,,100.0,100.0,1,1,https://www.chinamoney.com.cn/chinese/bkcurvfqq/
2026-09-01,10:00,options,USD.CNY,25D RR,1Y,implied_vol_mid,0.0,pct,,100.0,100.0,1,1,https://www.chinamoney.com.cn/chinese/bkcurvfqq/
2026-09-01,10:00,options,USD.CNY,25D RR,2M,implied_vol_ask,0.35,pct,,100.0,100.0,1,1,https://www.chinamoney.com.cn/chinese/bkcurvfqq/
2026-09-01,10:00,options,USD.CNY,25D RR,2M,implied_vol_bid,-0.35,pct,,100.0,100.0,1,1,https://www.chinamoney.com.cn/chinese/bkcurvfqq/
2026-09-01,10:00,options,USD.CNY,25D RR,2M,implied_vol_mid,0.0,pct,,100.0,100.0,1,1,https://www.chinamoney.com.cn/chinese/bkcurvfqq/
2026-09-01,10:00,options,USD.CNY,25D RR,2W,implied_vol_ask,0.0,pct,,100.0,100.0,1,1,https://www.chinamoney.com.cn/chinese/bkcurvfqq/
2026-09-01,10:00,options,USD.CNY,25D RR,2W,implied_vol_bid,0.0,pct,,100.0,100.0,1,1,https://www.chinamoney.com.cn/chinese/bkcurvfqq/
2026-09-01,10:00,options,USD.CNY,25D RR,2W,implied_vol_mid,0.0,pct,,100.0,100.0,1,1,https://www.chinamoney.com.cn/chinese/bkcurvfqq/
2026-09-01,10:00,options,USD.CNY,25D RR,2Y,implied_vol_ask,0.5,pct,,100.0,100.0,1,1,https://www.chinamoney.com.cn/chinese/bkcurvfqq/
2026-09-01,10:00,options,USD.CNY,25D RR,2Y,implied_vol_bid,-0.5,pct,,100.0,100.0,1,1,https://www.chinamoney.com.cn/chinese/bkcurvfqq/
2026-09-01,10:00,options,USD.CNY,25D RR,2Y,implied_vol_mid,0.0,pct,,100.0,100.0,1,1,https://www.chinamoney.com.cn/chinese/bkcurvfqq/
2026-09-01,10:00,options,USD.CNY,25D RR,3M,implied_vol_ask,0.35,pct,,100.0,100.0,1,1,https://www.chinamoney.com.cn/chinese/bkcurvfqq/
2026-09-01,10:00,options,USD.CNY,25D RR,3M,implied_vol_bid,-0.35,pct,,100.0,100.0,1,1,https://www.chinamoney.com.cn/chinese/bkcurvfqq/
2026-09-01,10:00,options,USD.CNY,25D RR,3M,implied_vol_mid,0.0,pct,,100.0,100.0,1,1,https://www.chinamoney.com.cn/chinese/bkcurvfqq/
2026-09-01,10:00,options,USD.CNY,25D RR,3W,implied_vol_ask,0.0,pct,,100.0,100.0,1,1,https://www.chinamoney.com.cn/chinese/bkcurvfqq/
2026-09-01,10:00,options,USD.CNY,25D RR,3W,implied_vol_bid,0.0,pct,,100.0,100.0,1,1,https://www.chinamoney.com.cn/chinese/bkcurvfqq/
2026-09-01,10:00,options,USD.CNY,25D RR,3W,implied_vol_mid,0.0,pct,,100.0,100.0,1,1,https://www.chinamoney.com.cn/chinese/bkcurvfqq/
2026-09-01,10:00,options,USD.CNY,25D RR,3Y,implied_vol_ask,0.5,pct,,100.0,100.0,1,1,https://www.chinamoney.com.cn/chinese/bkcurvfqq/
2026-09-01,10:00,options,USD.CNY,25D RR,3Y,implied_vol_bid,-0.5,pct,,100.0,100.0,1,1,https://www.chinamoney.com.cn/chinese/bkcurvfqq/
2026-09-01,10:00,options,USD.CNY,25D RR,3Y,implied_vol_mid,0.0,pct,,100.0,100.0,1,1,https://www.chinamoney.com.cn/chinese/bkcurvfqq/
2026-09-01,10:00,options,USD.CNY,25D RR,6M,implied_vol_ask,0.0,pct,,100.0,100.0,1,1,https://www.chinamoney.com.cn/chinese/bkcurvfqq/
2026-09-01,10:00,options,USD.CNY,25D RR,6M,implied_vol_bid,0.0,pct,,100.0,100.0,1,1,https://www.chinamoney.com.cn/chinese/bkcurvfqq/
2026-09-01,10:00,options,USD.CNY,25D RR,6M,implied_vol_mid,0.0,pct,,100.0,100.0,1,1,https://www.chinamoney.com.cn/chinese/bkcurvfqq/
2026-09-01,10:00,options,USD.CNY,25D RR,9M,implied_vol_ask,0.0,pct,,100.0,100.0,1,1,https://www.chinamoney.com.cn/chinese/bkcurvfqq/
2026-09-01,10:00,options,USD.CNY,25D RR,9M,implied_vol_bid,0.0,pct,,100.0,100.0,1,1,https://www.chinamoney.com.cn/chinese/bkcurvfqq/
2026-09-01,10:00,options,USD.CNY,25D RR,9M,implied_vol_mid,0.0,pct,,100.0,100.0,1,1,https://www.chinamoney.com.cn/chinese/bkcurvfqq/
2026-09-01,10:00,options,USD.CNY,ATM,18M,implied_vol_ask,3.4,pct,,100.0,100.0,1,1,https://www.chinamoney.com.cn/chinese/bkcurvfqq/
2026-09-01,10:00,options,USD.CNY,ATM,18M,implied_vol_bid,3.0,pct,,100.0,100.0,1,1,https://www.chinamoney.com.cn/chinese/bkcurvfqq/
2026-09-01,10:00,options,USD.CNY,ATM,18M,implied_vol_mid,3.2,pct,,100.0,100.0,1,1,https://www.chinamoney.com.cn/chinese/bkcurvfqq/
2026-09-01,10:00,options,USD.CNY,ATM,1D,implied_vol_ask,1.5,pct,,100.0,100.0,1,1,https://www.chinamoney.com.cn/chinese/bkcurvfqq/
2026-09-01,10:00,options,USD.CNY,ATM,1D,implied_vol_bid,1.5,pct,,100.0,100.0,1,1,https://www.chinamoney.com.cn/chinese/bkcurvfqq/
2026-09-01,10:00,options,USD.CNY,ATM,1D,implied_vol_mid,1.5,pct,,100.0,100.0,1,1,https://www.chinamoney.com.cn/chinese/bkcurvfqq/
2026-09-01,10:00,options,USD.CNY,ATM,1M,implied_vol_ask,1.5107,pct,,100.0,100.0,1,1,https://www.chinamoney.com.cn/chinese/bkcurvfqq/
2026-09-01,10:00,options,USD.CNY,ATM,1M,implied_vol_bid,1.5107,pct,,100.0,100.0,1,1,https://www.chinamoney.com.cn/chinese/bkcurvfqq/
2026-09-01,10:00,options,USD.CNY,ATM,1M,implied_vol_mid,1.5107,pct,,100.0,100.0,1,1,https://www.chinamoney.com.cn/chinese/bkcurvfqq/
2026-09-01,10:00,options,USD.CNY,ATM,1W,implied_vol_ask,1.2333,pct,,100.0,100.0,1,1,https://www.chinamoney.com.cn/chinese/bkcurvfqq/
2026-09-01,10:00,options,USD.CNY,ATM,1W,implied_vol_bid,1.2333,pct,,100.0,100.0,1,1,https://www.chinamoney.com.cn/chinese/bkcurvfqq/
2026-09-01,10:00,options,USD.CNY,ATM,1W,implied_vol_mid,1.2333,pct,,100.0,100.0,1,1,https://www.chinamoney.com.cn/chinese/bkcurvfqq/
2026-09-01,10:00,options,USD.CNY,ATM,1Y,implied_vol_ask,3.2,pct,,100.0,100.0,1,1,https://www.chinamoney.com.cn/chinese/bkcurvfqq/
2026-09-01,10:00,options,USD.CNY,ATM,1Y,implied_vol_bid,2.8,pct,,100.0,100.0,1,1,https://www.chinamoney.com.cn/chinese/bkcurvfqq/
2026-09-01,10:00,options,USD.CNY,ATM,1Y,implied_vol_mid,3.03,pct,,100.0,100.0,1,1,https://www.chinamoney.com.cn/chinese/bkcurvfqq/
2026-09-01,10:00,options,USD.CNY,ATM,2M,implied_vol_ask,2.0,pct,,100.0,100.0,1,1,https://www.chinamoney.com.cn/chinese/bkcurvfqq/
2026-09-01,10:00,options,USD.CNY,ATM,2M,implied_vol_bid,1.6,pct,,100.0,100.0,1,1,https://www.chinamoney.com.cn/chinese/bkcurvfqq/
2026-09-01,10:00,options,USD.CNY,ATM,2M,implied_vol_mid,1.815,pct,,100.0,100.0,1,1,https://www.chinamoney.com.cn/chinese/bkcurvfqq/
2026-09-01,10:00,options,USD.CNY,ATM,2W,implied_vol_ask,1.275,pct,,100.0,100.0,1,1,https://www.chinamoney.com.cn/chinese/bkcurvfqq/
2026-09-01,10:00,options,USD.CNY,ATM,2W,implied_vol_bid,1.275,pct,,100.0,100.0,1,1,https://www.chinamoney.com.cn/chinese/bkcurvfqq/
2026-09-01,10:00,options,USD.CNY,ATM,2W,implied_vol_mid,1.275,pct,,100.0,100.0,1,1,https://www.chinamoney.com.cn/chinese/bkcurvfqq/
2026-09-01,10:00,options,USD.CNY,ATM,2Y,implied_vol_ask,3.6,pct,,100.0,100.0,1,1,https://www.chinamoney.com.cn/chinese/bkcurvfqq/
2026-09-01,10:00,options,USD.CNY,ATM,2Y,implied_vol_bid,3.15,pct,,100.0,100.0,1,1,https://www.chinamoney.com.cn/chinese/bkcurvfqq/
2026-09-01,10:00,options,USD.CNY,ATM,2Y,implied_vol_mid,3.375,pct,,100.0,100.0,1,1,https://www.chinamoney.com.cn/chinese/bkcurvfqq/
2026-09-01,10:00,options,USD.CNY,ATM,3M,implied_vol_ask,2.25,pct,,100.0,100.0,1,1,https://www.chinamoney.com.cn/chinese/bkcurvfqq/
2026-09-01,10:00,options,USD.CNY,ATM,3M,implied_vol_bid,1.8,pct,,100.0,100.0,1,1,https://www.chinamoney.com.cn/chinese/bkcurvfqq/
2026-09-01,10:00,options,USD.CNY,ATM,3M,implied_vol_mid,2.0512,pct,,100.0,100.0,1,1,https://www.chinamoney.com.cn/chinese/bkcurvfqq/
2026-09-01,10:00,options,USD.CNY,ATM,3W,implied_vol_ask,1.4,pct,,100.0,100.0,1,1,https://www.chinamoney.com.cn/chinese/bkcurvfqq/
2026-09-01,10:00,options,USD.CNY,ATM,3W,implied_vol_bid,1.4,pct,,100.0,100.0,1,1,https://www.chinamoney.com.cn/chinese/bkcurvfqq/
2026-09-01,10:00,options,USD.CNY,ATM,3W,implied_vol_mid,1.4,pct,,100.0,100.0,1,1,https://www.chinamoney.com.cn/chinese/bkcurvfqq/
2026-09-01,10:00,options,USD.CNY,ATM,3Y,implied_vol_ask,3.8,pct,,100.0,100.0,1,1,https://www.chinamoney.com.cn/chinese/bkcurvfqq/
2026-09-01,10:00,options,USD.CNY,ATM,3Y,implied_vol_bid,3.25,pct,,100.0,100.0,1,1,https://www.chinamoney.com.cn/chinese/bkcurvfqq/
2026-09-01,10:00,options,USD.CNY,ATM,3Y,implied_vol_mid,3.525,pct,,100.0,100.0,1,1,https://www.chinamoney.com.cn/chinese/bkcurvfqq/
2026-09-01,10:00,options,USD.CNY,ATM,6M,implied_vol_ask,2.5083,pct,,100.0,100.0,1,1,https://www.chinamoney.com.cn/chinese/bkcurvfqq/
2026-09-01,10:00,options,USD.CNY,ATM,6M,implied_vol_bid,2.5083,pct,,100.0,100.0,1,1,https://www.chinamoney.com.cn/chinese/bkcurvfqq/
2026-09-01,10:00,options,USD.CNY,ATM,6M,implied_vol_mid,2.5083,pct,,100.0,100.0,1,1,https://www.chinamoney.com.cn/chinese/bkcurvfqq/
2026-09-01,10:00,options,USD.CNY,ATM,9M,implied_vol_ask,2.825,pct,,100.0,100.0,1,1,https://www.chinamoney.com.cn/chinese/bkcurvfqq/
2026-09-01,10:00,options,USD.CNY,ATM,9M,implied_vol_bid,2.825,pct,,100.0,100.0,1,1,https://www.chinamoney.com.cn/chinese/bkcurvfqq/
2026-09-01,10:00,options,USD.CNY,ATM,9M,implied_vol_mid,2.825,pct,,100.0,100.0,1,1,https://www.chinamoney.com.cn/chinese/bkcurvfqq/
2026-09-01,14:00,reference_rate,USD/CNY,,,reference_rate_14,6.7203,rate,-0.0011,33.3,33.3,3,3,https://www.chinamoney.com.cn/ags/ms/cm-u-bk-fx/RefRateHis
2026-09-01,14:00,reference_rate,USD/CNY,,,reference_rate_14,6.7206,rate,0.0003,50.0,50.0,4,4,https://www.chinamoney.com.cn/ags/ms/cm-u-bk-fx/RefRateHis
2026-09-01,16:30,swaps,USD.CNY,,18M,forward_all_in,6.4443,rate,0.0007,66.7,66.7,3,3,https://www.chinamoney.com.cn/chinese/bkcurvfsw/
2026-09-01,16:30,swaps,USD.CNY,,18M,swap_points,-2775.5,pips,-13.0,33.3,33.3,3,3,https://www.chinamoney.com.cn/chinese/bkcurvfsw/
2026-09-01,16:30,swaps,USD.CNY,,1M,forward_all_in,6.7058,rate,0.0025,100.0,100.0,3,3,https://www.chinamoney.com.cn/chinese/bkcurvfsw/
2026-09-01,16:30,swaps,USD.CNY,,1M,swap_points,-160.5,pips,4.7,100.0,100.0,3,3,https://www.chinamoney.com.cn/chinese/bkcurvfsw/
2026-09-01,16:30,swaps,USD.CNY,,1W,forward_all_in,6.7187,rate,0.0021,100.0,100.0,3,3,https://www.chinamoney.com.cn/chinese/bkcurvfsw/
2026-09-01,16:30,swaps,USD.CNY,,1W,swap_points,-31.25,pips,0.8,100.0,100.0,3,3,https://www.chinamoney.com.cn/chinese/bkcurvfsw/
2026-09-01,16:30,swaps,USD.CNY,,1Y,forward_all_in,6.5381,rate,0.0005,66.7,66.7,3,3,https://www.chinamoney.com.cn/chinese/bkcurvfsw/
2026-09-01,16:30,swaps,USD.CNY,,1Y,swap_points,-1838.0,pips,-15.0,33.3,33.3,3,3,https://www.chinamoney.com.cn/chinese/bkcurvfsw/
2026-09-01,16:30,swaps,USD.CNY,,2M,forward_all_in,6.6934,rate,0.0019,100.0,100.0,3,3,https://www.chinamoney.com.cn/chinese/bkcurvfsw/
2026-09-01,16:30,swaps,USD.CNY,,2M,swap_points,-285.0,pips,-1.2,66.7,66.7,3,3,https://www.chinamoney.com.cn/chinese/bkcurvfsw/
2026-09-01,16:30,swaps,USD.CNY,,2W,forward_all_in,6.7156,rate,0.0021,100.0,100.0,3,3,https://www.chinamoney.com.cn/chinese/bkcurvfsw/
2026-09-01,16:30,swaps,USD.CNY,,2W,swap_points,-62.82,pips,0.93,100.0,100.0,3,3,https://www.chinamoney.com.cn/chinese/bkcurvfsw/
2026-09-01,16:30,swaps,USD.CNY,,2Y,forward_all_in,6.3497,rate,-0.0012,33.3,33.3,3,3,https://www.chinamoney.com.cn/chinese/bkcurvfsw/
2026-09-01,16:30,swaps,USD.CNY,,2Y,swap_points,-3721.5,pips,-31.5,33.3,33.3,3,3,https://www.chinamoney.com.cn/chinese/bkcurvfsw/
2026-09-01,16:30,swaps,USD.CNY,,3M,forward_all_in,6.679,rate,0.0018,100.0,100.0,3,3,https://www.chinamoney.com.cn/chinese/bkcurvfsw/
2026-09-01,16:30,swaps,USD.CNY,,3M,swap_points,-429.0,pips,-2.0,33.3,33.3,3,3,https://www.chinamoney.com.cn/chinese/bkcurvfsw/
2026-09-01,16:30,swaps,USD.CNY,,3W,forward_all_in,6.7124,rate,0.0021,100.0,100.0,3,3,https://www.chinamoney.com.cn/chinese/bkcurvfsw/
2026-09-01,16:30,swaps,USD.CNY,,3W,swap_points,-95.0,pips,1.0,100.0,100.0,3,3,https://www.chinamoney.com.cn/chinese/bkcurvfsw/
2026-09-01,16:30,swaps,USD.CNY,,3Y,forward_all_in,6.1735,rate,-0.0039,33.3,33.3,3,3,https://www.chinamoney.com.cn/chinese/bkcurvfsw/
2026-09-01,16:30,swaps,USD.CNY,,3Y,swap_points,-5484.0,pips,-59.0,33.3,33.3,3,3,https://www.chinamoney.com.cn/chinese/bkcurvfsw/
2026-09-01,16:30,swaps,USD.CNY,,4M,forward_all_in,6.6633,rate,0.0025,100.0,100.0,3,3,https://www.chinamoney.com.cn/chinese/bkcurvfsw/
2026-09-01,16:30,swaps,USD.CNY,,4M,swap_points,-585.4,pips,5.6,100.0,100.0,3,3,https://www.chinamoney.com.cn/chinese/bkcurvfsw/
2026-09-01,16:30,swaps,USD.CNY,,4Y,forward_all_in,5.9969,rate,-0.008,33.3,33.3,3,3,https://www.chinamoney.com.cn/chinese/bkcurvfsw/
2026-09-01,16:30,swaps,USD.CNY,,4Y,swap_points,-7250.0,pips,-100.0,33.3,33.3,3,3,https://www.chinamoney.com.cn/chinese/bkcurvfsw/
2026-09-01,16:30,swaps,USD.CNY,,5M,forward_all_in,6.6484,rate,0.0018,100.0,100.0,3,3,https://www.chinamoney.com.cn/chinese/bkcurvfsw/
2026-09-01,16:30,swaps,USD.CNY,,5M,swap_points,-734.94,pips,-1.94,33.3,33.3,3,3,https://www.chinamoney.com.cn/chinese/bkcurvfsw/
2026-09-01,16:30,swaps,USD.CNY,,5Y,forward_all_in,5.8219,rate,-0.008,33.3,33.3,3,3,https://www.chinamoney.com.cn/chinese/bkcurvfsw/
2026-09-01,16:30,swaps,USD.CNY,,5Y,swap_points,-9000.0,pips,-100.0,33.3,33.3,3,3,https://www.chinamoney.com.cn/chinese/bkcurvfsw/
2026-09-01,16:30,swaps,USD.CNY,,6M,forward_all_in,6.6342,rate,0.0016,66.7,66.7,3,3,https://www.chinamoney.com.cn/chinese/bkcurvfsw/
2026-09-01,16:30,swaps,USD.CNY,,6M,swap_points,-877.0,pips,-4.0,33.3,33.3,3,3,https://www.chinamoney.com.cn/chinese/bkcurvfsw/
2026-09-01,16:30,swaps,USD.CNY,,9M,forward_all_in,6.5868,rate,0.0012,66.7,66.7,3,3,https://www.chinamoney.com.cn/chinese/bkcurvfsw/
2026-09-01,16:30,swaps,USD.CNY,,9M,swap_points,-1351.0,pips,-8.0,33.3,33.3,3,3,https://www.chinamoney.com.cn/chinese/bkcurvfsw/
2026-09-01,16:30,swaps,USD.CNY,,ON,forward_all_in,6.7227,rate,0.002,100.0,100.0,3,3,https://www.chinamoney.com.cn/chinese/bkcurvfsw/
2026-09-01,16:30,swaps,USD.CNY,,ON,swap_points,-4.35,pips,-0.28,66.7,66.7,3,3,https://www.chinamoney.com.cn/chinese/bkcurvfsw/
2026-09-01,16:30,swaps,USD.CNY,,SN,forward_all_in,6.7214,rate,0.002,100.0,100.0,3,3,https://www.chinamoney.com.cn/chinese/bkcurvfsw/
2026-09-01,16:30,swaps,USD.CNY,,SN,swap_points,-4.4,pips,0.14,100.0,100.0,3,3,https://www.chinamoney.com.cn/chinese/bkcurvfsw/
2026-09-01,16:30,swaps,USD.CNY,,TN,forward_all_in,6.7223,rate,0.002,100.0,100.0,3,3,https://www.chinamoney.com.cn/chinese/bkcurvfsw/
2026-09-01,16:30,swaps,USD.CNY,,TN,swap_points,-4.4,pips,-0.15,66.7,66.7,3,3,https://www.chinamoney.com.cn/chinese/bkcurvfsw/
2026-09-02,09:15,fixing,USD/CNY,,,fixing,6.7829,rate,0.002,100.0,100.0,4,4,https://www.chinamoney.com.cn/chinese/bkccpr/
2026-09-02,,implied_rates,USD,,18M,implied_usd_rate,4.2825,pct,0.0332,100.0,100.0,4,4,https://www.chinamoney.com.cn/chinese/bkcurvuir/
2026-09-02,,implied_rates,USD,,1D,implied_usd_rate,3.7892,pct,0.0114,50.0,50.0,4,4,https://www.chinamoney.com.cn/chinese/bkcurvuir/
2026-09-02,,implied_rates,USD,,1M,implied_usd_rate,3.9316,pct,0.0189,100.0,100.0,4,4,https://www.chinamoney.com.cn/chinese/bkcurvuir/
2026-09-02,,implied_rates,USD,,1W,implied_usd_rate,3.8281,pct,-0.0078,25.0,25.0,4,4,https://www.chinamoney.com.cn/chinese/bkcurvuir/
2026-09-02,,implied_rates,USD,,1Y,implied_usd_rate,4.2292,pct,0.0213,100.0,100.0,4,4,https://www.chinamoney.com.cn/chinese/bkcurvuir/
2026-09-02,,implied_rates,USD,,2M,implied_usd_rate,3.9751,pct,0.0086,100.0,100.0,5,5,https://www.chinamoney.com.cn/chinese/bkcurvuir/
2026-09-02,,implied_rates,USD,,2W,implied_usd_rate,3.8435,pct,-0.0029,25.0,25.0,4,4,https://www.chinamoney.com.cn/chinese/bkcurvuir/
2026-09-02,,implied_rates,USD,,2Y,implied_usd_rate,4.3087,pct,0.0366,100.0,100.0,4,4,https://www.chinamoney.com.cn/chinese/bkcurvuir/
2026-09-02,,implied_rates,USD,,3M,implied_usd_rate,3.9911,pct,-0.0035,75.0,75.0,4,4,https://www.chinamoney.com.cn/chinese/bkcurvuir/
2026-09-02,,implied_rates,USD,,3W,implied_usd_rate,3.8848,pct,0.0124,50.0,50.0,4,4,https://www.chinamoney.com.cn/chinese/bkcurvuir/
2026-09-02,,implied_rates,USD,,3Y,implied_usd_rate,4.3255,pct,0.0431,100.0,100.0,4,4,https://www.chinamoney.com.cn/chinese/bkcurvuir/
2026-09-02,,implied_rates,USD,,6M,implied_usd_rate,4.0962,pct,0.0144,100.0,100.0,4,4,https://www.chinamoney.com.cn/chinese/bkcurvuir/
2026-09-02,,implied_rates,USD,,9M,implied_usd_rate,4.1719,pct,0.0187,100.0,100.0,4,4,https://www.chinamoney.com.cn/chinese/bkcurvuir/
2026-09-02,10:00,options,USD.CNY,10D BF,18M,implied_vol_ask,0.75,pct,0.0,100.0,100.0,2,2,https://www.chinamoney.com.cn/chinese/bkcurvfqq/
2026-09-02,10:00,options,USD.CNY,10D BF,18M,implied_vol_bid,0.35,pct,0.0,100.0,100.0,2,2,https://www.chinamoney.com.cn/chinese/bkcurvfqq/
2026-09-02,10:00,options,USD.CNY,10D BF,18M,implied_vol_mid,0.55,pct,0.0,100.0,100.0,2,2,https://www.chinamoney.com.cn/chinese/bkcurvfqq/
2026-09-02,10:00,options,USD.CNY,10D BF,1D,implied_vol_ask,0.15,pct,0.0,100.0,100.0,2,2,https://www.chinamoney.com.cn/chinese/bkcurvfqq/
2026-09-02,10:00,options,USD.CNY,10D BF,1D,implied_vol_bid,0.15,pct,0.0,100.0,100.0,2,2,https://www.chinamoney.com.cn/chinese/bkcurvfqq/
2026-09-02,10:00,options,USD.CNY,10D BF,1D,implied_vol_mid,0.15,pct,0.0,100.0,100.0,2,2,https://www.chinamoney.com.cn/chinese/bkcurvfqq/
2026-09-02,10:00,options,USD.CNY,10D BF,1M,implied_vol_ask,0.1,pct,0.0,100.0,100.0,2,2,https://www.chinamoney.com.cn/chinese/bkcurvfqq/
2026-09-02,10:00,options,USD.CNY,10D BF,1M,implied_vol_bid,0.1,pct,0.0,100.0,100.0,2,2,https://www.chinamoney.com.cn/chinese/bkcurvfqq/
2026-09-02,10:00,options,USD.CNY,10D BF,1M,implied_vol_mid,0.1,pct,0.0,100.0,100.0,2,2,https://www.chinamoney.com.cn/chinese/bkcurvfqq/
2026-09-02,10:00,options,USD.CNY,10D BF,1W,implied_vol_ask,0.1,pct,0.0,100.0,100.0,2,2,https://www.chinamoney.com.cn/chinese/bkcurvfqq/
2026-09-02,10:00,options,USD.CNY,10D BF,1W,implied_vol_bid,0.1,pct,0.0,100.0,100.0,2,2,https://www.chinamoney.com.cn/chinese/bkcurvfqq/
2026-09-02,10:00,options,USD.CNY,10D BF,1W,implied_vol_mid,0.1,pct,0.0,100.0,100.0,2,2,https://www.chinamoney.com.cn/chinese/bkcurvfqq/
2026-09-02,10:00,options,USD.CNY,10D BF,1Y,implied_vol_ask,0.76,pct,0.0,100.0,100.0,2,2,https://www.chinamoney.com.cn/chinese/bkcurvfqq/
2026-09-02,10:00,options,USD.CNY,10D BF,1Y,implied_vol_bid,0.3,pct,0.0,100.0,100.0,2,2,https://www.chinamoney.com.cn/chinese/bkcurvfqq/
2026-09-02,10:00,options,USD.CNY,10D BF,1Y,implied_vol_mid,0.53,pct,0.0,100.0,100.0,2,2,https://www.chinamoney.com.cn/chinese/bkcurvfqq/
2026-09-02,10:00,options,USD.CNY,10D BF,2M,implied_vol_ask,0.22,pct,-0.18,50.0,50.0,2,2,https://www.chinamoney.com.cn/chinese/bkcurvfqq/
2026-09-02,10:00,options,USD.CNY,10D BF,2M,implied_vol_bid,0.22,pct,0.18,100.0,100.0,2,2,https://www.chinamoney.com.cn/chinese/bkcurvfqq/
2026-09-02,10:00,options,USD.CNY,10D BF,2M,implied_vol_mid,0.22,pct,0.0,100.0,100.0,2,2,https://www.chinamoney.com.cn/chinese/bkcurvfqq/
2026-09-02,10:00,options,USD.CNY,10D BF,2W,implied_vol_ask,0.1,pct,0.0,100.0,100.0,2,2,https://www.chinamoney.com.cn/chinese/bkcurvfqq/
2026-09-02,10:00,options,USD.CNY,10D BF,2W,implied_vol_bid,0.1,pct,0.0,100.0,100.0,2,2,https://www.chinamoney.com.cn/chinese/bkcurvfqq/
2026-09-02,10:00,options,USD.CNY,10D BF,2W,implied_vol_mid,0.1,pct,0.0,100.0,100.0,2,2,https://www.chinamoney.com.cn/chinese/bkcurvfqq/
2026-09-02,10:00,options,USD.CNY,10D BF,2Y,implied_vol_ask,0.75,pct,0.0,100.0,100.0,2,2,https://www.chinamoney.com.cn/chinese/bkcurvfqq/
2026-09-02,10:00,options,USD.CNY,10D BF,2Y,implied_vol_bid,0.35,pct,0.0,100.0,100.0,2,2,https://www.chinamoney.com.cn/chinese/bkcurvfqq/
2026-09-02,10:00,options,USD.CNY,10D BF,2Y,implied_vol_mid,0.55,pct,0.0,100.0,100.0,2,2,https://www.chinamoney.com.cn/chinese/bkcurvfqq/
2026-09-02,10:00,options,USD.CNY,10D BF,3M,implied_vol_ask,0.325,pct,-0.165,50.0,50.0,2,2,https://www.chinamoney.com.cn/chinese/bkcurvfqq/
2026-09-02,10:00,options,USD.CNY,10D BF,3M,implied_vol_bid,0.325,pct,0.165,100.0,100.0,2,2,https://www.chinamoney.com.cn/chinese/bkcurvfqq/
2026-09-02,10:00,options,USD.CNY,10D BF,3M,implied_vol_mid,0.325,pct,0.0,100.0,100.0,2,2,https://www.chinamoney.com.cn/chinese/bkcurvfqq/
2026-09-02,10:00,options,USD.CNY,10D BF,3W,implied_vol_ask,0.1,pct,0.0,100.0,100.0,2,2,https://www.chinamoney.com.cn/chinese/bkcurvfqq/
2026-09-02,10:00,options,USD.CNY,10D BF,3W,implied_vol_bid,0.1,pct,0.0,100.0,100.0,2,2,https://www.chinamoney.com.cn/chinese/bkcurvfqq/
2026-09-02,10:00,options,USD.CNY,10D BF,3W,implied_vol_mid,0.1,pct,0.0,100.0,100.0,2,2,https://www.chinamoney.com.cn/chinese/bkcurvfqq/
2026-09-02,10:00,options,USD.CNY,10D BF,3Y,implied_vol_ask,0.8,pct,0.0,100.0,100.0,2,2,https://www.chinamoney.com.cn/chinese/bkcurvfqq/
2026-09-02,10:00,options,USD.CNY,10D BF,3Y,implied_vol_bid,0.4,pct,0.0,100.0,100.0,2,2,https://www.chinamoney.com.cn/chinese/bkcurvfqq/
2026-09-02,10:00,options,USD.CNY,10D BF,3Y,implied_vol_mid,0.6,pct,0.0,100.0,100.0,2,2,https://www.chinamoney.com.cn/chinese/bkcurvfqq/
2026-09-02,10:00,options,USD.CNY,10D BF,6M,implied_vol_ask,0.435,pct,0.0,100.0,100.0,2,2,https://www.chinamoney.com.cn/chinese/bkcurvfqq/
2026-09-02,10:00,options,USD.CNY,10D BF,6M,implied_vol_bid,0.435,pct,0.0,100.0,100.0,2,2,https://www.chinamoney.com.cn/chinese/bkcurvfqq/
2026-09-02,10:00,options,USD.CNY,10D BF,6M,implied_vol_mid,0.435,pct,0.0,100.0,100.0,2,2,https://www.chinamoney.com.cn/chinese/bkcurvfqq/
2026-09-02,10:00,options,USD.CNY,10D BF,9M,implied_vol_ask,0.73,pct,0.245,100.0,100.0,2,2,https://www.chinamoney.com.cn/chinese/bkcurvfqq/
2026-09-02,10:00,options,USD.CNY,10D BF,9M,implied_vol_bid,0.24,pct,-0.245,50.0,50.0,2,2,https://www.chinamoney.com.cn/chinese/bkcurvfqq/
2026-09-02,10:00,options,USD.CNY,10D BF,9M,implied_vol_mid,0.485,pct,0.0,100.0,100.0,2,2,https://www.chinamoney.com.cn/chinese/bkcurvfqq/
2026-09-02,10:00,options,USD.CNY,25D BF,18M,implied_vol_ask,0.28,pct,0.0,100.0,100.0,2,2,https://www.chinamoney.com.cn/chinese/bkcurvfqq/
2026-09-02,10:00,options,USD.CNY,25D BF,18M,implied_vol_bid,0.1,pct,0.0,100.0,100.0,2,2,https://www.chinamoney.com.cn/chinese/bkcurvfqq/
2026-09-02,10:00,options,USD.CNY,25D BF,18M,implied_vol_mid,0.19,pct,0.0,100.0,100.0,2,2,https://www.chinamoney.com.cn/chinese/bkcurvfqq/
2026-09-02,10:00,options,USD.CNY,25D BF,1D,implied_vol_ask,0.1,pct,0.0,100.0,100.0,2,2,https://www.chinamoney.com.cn/chinese/bkcurvfqq/
2026-09-02,10:00,options,USD.CNY,25D BF,1D,implied_vol_bid,0.1,pct,0.0,100.0,100.0,2,2,https://www.chinamoney.com.cn/chinese/bkcurvfqq/
2026-09-02,10:00,options,USD.CNY,25D BF,1D,implied_vol_mid,0.1,pct,0.0,100.0,100.0,2,2,https://www.chinamoney.com.cn/chinese/bkcurvfqq/
2026-09-02,10:00,options,USD.CNY,25D BF,1M,implied_vol_ask,0.0675,pct,0.0,100.0,100.0,2,2,https://www.chinamoney.com.cn/chinese/bkcurvfqq/
2026-09-02,10:00,options,USD.CNY,25D BF,1M,implied_vol_bid,0.0675,pct,0.0,100.0,100.0,2,2,https://www.chinamoney.com.cn/chinese/bkcurvfqq/
2026-09-02,10:00,options,USD.CNY,25D BF,1M,implied_vol_mid,0.0675,pct,0.0,100.0,100.0,2,2,https://www.chinamoney.com.cn/chinese/bkcurvfqq/
2026-09-02,10:00,options,USD.CNY,25D BF,1W,implied_vol_ask,0.0706,pct,0.0206,100.0,100.0,2,2,https://www.chinamoney.com.cn/chinese/bkcurvfqq/
2026-09-02,10:00,options,USD.CNY,25D BF,1W,implied_vol_bid,0.0706,pct,0.0206,100.0,100.0,2,2,https://www.chinamoney.com.cn/chinese/bkcurvfqq/
2026-09-02,10:00,options,USD.CNY,25D BF,1W,implied_vol_mid,0.0706,pct,0.0206,100.0,100.0,2,2,https://www.chinamoney.com.cn/chinese/bkcurvfqq/
2026-09-02,10:00,options,USD.CNY,25D BF,1Y,implied_vol_ask,0.28,pct,0.0,100.0,100.0,2,2,https://www.chinamoney.com.cn/chinese/bkcurvfqq/
2026-09-02,10:00,options,USD.CNY,25D BF,1Y,implied_vol_bid,0.07,pct,0.0,100.0,100.0,2,2,https://www.chinamoney.com.cn/chinese/bkcurvfqq/
2026-09-02,10:00,options,USD.CNY,25D BF,1Y,implied_vol_mid,0.175,pct,0.0,100.0,100.0,2,2,https://www.chinamoney.com.cn/chinese/bkcurvfqq/
2026-09-02,10:00,options,USD.CNY,25D BF,2M,implied_vol_ask,0.085,pct,-0.085,50.0,50.0,2,2,https://www.chinamoney.com.cn/chinese/bkcurvfqq/
2026-09-02,10:00,options,USD.CNY,25D BF,2M,implied_vol_bid,0.085,pct,0.085,100.0,100.0,2,2,https://www.chinamoney.com.cn/chinese/bkcurvfqq/
2026-09-02,10:00,options,USD.CNY,25D BF,2M,implied_vol_mid,0.085,pct,0.0,100.0,100.0,2,2,https://www.chinamoney.com.cn/chinese/bkcurvfqq/
2026-09-02,10:00,options,USD.CNY,25D BF,2W,implied_vol_ask,0.0675,pct,0.0175,100.0,100.0,2,2,https://www.chinamoney.com.cn/chinese/bkcurvfqq/
2026-09-02,10:00,options,USD.CNY,25D BF,2W,implied_vol_bid,0.0675,pct,0.0175,100.0,100.0,2,2,https://www.chinamoney.com.cn/chinese/bkcurvfqq/
2026-09-02,10:00,options,USD.CNY,25D BF,2W,implied_vol_mid,0.0675,pct,0.0175,100.0,100.0,2,2,https://www.chinamoney.com.cn/chinese/bkcurvfqq/
2026-09-02,10:00,options,USD.CNY,25D BF,2Y,implied_vol_ask,0.32,pct,0.0,100.0,100.0,2,2,https://www.chinamoney.com.cn/chinese/bkcurvfqq/
2026-09-02,10:00,options,USD.CNY,25D BF,2Y,implied_vol_bid,0.1,pct,0.0,100.0,100.0,2,2,https://www.chinamoney.com.cn/chinese/bkcurvfqq/
2026-09-02,10:00,options,USD.CNY,25D BF,2Y,implied_vol_mid,0.21,pct,0.0,100.0,100.0,2,2,https://www.chinamoney.com.cn/chinese/bkcurvfqq/
2026-09-02,10:00,options,USD.CNY,25D BF,3M,implied_vol_ask,0.09,pct,-0.0025,50.0,50.0,2,2,https://www.chinamoney.com.cn/chinese/bkcurvfqq/
2026-09-02,10:00,options,USD.CNY,25D BF,3M,implied_vol_bid,0.09,pct,0.0025,100.0,100.0,2,2,https://www.chinamoney.com.cn/chinese/bkcurvfqq/
2026-09-02,10:00,options,USD.CNY,25D BF,3M,implied_vol_mid,0.09,pct,-0.0025,50.0,50.0,2,2,https://www.chinamoney.com.cn/chinese/bkcurvfqq/
2026-09-02,10:00,options,USD.CNY,25D BF,3W,implied_vol_ask,0.0675,pct,-0.0075,50.0,50.0,2,2,https://www.chinamoney.com.cn/chinese/bkcurvfqq/
2026-09-02,10:00,options,USD.CNY,25D BF,3W,implied_vol_bid,0.0675,pct,-0.0075,50.0,50.0,2,2,https://www.chinamoney.com.cn/chinese/bkcurvfqq/
2026-09-02,10:00,options,USD.CNY,25D BF,3W,implied_vol_mid,0.0675,pct,-0.0075,50.0,50.0,2,2,https://www.chinamoney.com.cn/chinese/bkcurvfqq/
2026-09-02,10:00,options,USD.CNY,25D BF,3Y,implied_vol_ask,0.35,pct,0.0,100.0,100.0,2,2,https://www.chinamoney.com.cn/chinese/bkcurvfqq/
2026-09-02,10:00,options,USD.CNY,25D BF,3Y,implied_vol_bid,0.1,pct,0.0,100.0,100.0,2,2,https://www.chinamoney.com.cn/chinese/bkcurvfqq/
2026-09-02,10:00,options,USD.CNY,25D BF,3Y,implied_vol_mid,0.225,pct,0.0,100.0,100.0,2,2,https://www.chinamoney.com.cn/chinese/bkcurvfqq/
2026-09-02,10:00,options,USD.CNY,25D BF,6M,implied_vol_ask,0.135,pct,-0.0013,50.0,50.0,2,2,https://www.chinamoney.com.cn/chinese/bkcurvfqq/
2026-09-02,10:00,options,USD.CNY,25D BF,6M,implied_vol_bid,0.135,pct,-0.0013,50.0,50.0,2,2,https://www.chinamoney.com.cn/chinese/bkcurvfqq/
2026-09-02,10:00,options,USD.CNY,25D BF,6M,implied_vol_mid,0.135,pct,-0.0013,50.0,50.0,2,2,https://www.chinamoney.com.cn/chinese/bkcurvfqq/
2026-09-02,10:00,options,USD.CNY,25D BF,9M,implied_vol_ask,0.26,pct,0.095,100.0,100.0,2,2,https://www.chinamoney.com.cn/chinese/bkcurvfqq/
2026-09-02,10:00,options,USD.CNY,25D BF,9M,implied_vol_bid,0.07,pct,-0.095,50.0,50.0,2,2,https://www.chinamoney.com.cn/chinese/bkcurvfqq/
2026-09-02,10:00,options,USD.CNY,25D BF,9M,implied_vol_mid,0.165,pct,0.0,100.0,100.0,2,2,https://www.chinamoney.com.cn/chinese/bkcurvfqq/
2026-09-02,10:00,options,USD.CNY,25D RR,18M,implied_vol_ask,0.5,pct,0.0,100.0,100.0,2,2,https://www.chinamoney.com.cn/chinese/bkcurvfqq/
2026-09-02,10:00,options,USD.CNY,25D RR,18M,implied_vol_bid,-0.5,pct,0.0,100.0,100.0,2,2,https://www.chinamoney.com.cn/chinese/bkcurvfqq/
2026-09-02,10:00,options,USD.CNY,25D RR,18M,implied_vol_mid,0.0,pct,0.0,100.0,100.0,2,2,https://www.chinamoney.com.cn/chinese/bkcurvfqq/
2026-09-02,10:00,options,USD.CNY,25D RR,1D,implied_vol_ask,0.0,pct,0.0,100.0,100.0,2,2,https://www.chinamoney.com.cn/chinese/bkcurvfqq/
2026-09-02,10:00,options,USD.CNY,25D RR,1D,implied_vol_bid,0.0,pct,0.0,100.0,100.0,2,2,https://www.chinamoney.com.cn/chinese/bkcurvfqq/
2026-09-02,10:00,options,USD.CNY,25D RR,1D,implied_vol_mid,0.0,pct,0.0,100.0,100.0,2,2,https://www.chinamoney.com.cn/chinese/bkcurvfqq/
2026-09-02,10:00,options,USD.CNY,25D RR,1M,implied_vol_ask,0.0,pct,0.0,100.0,100.0,2,2,https://www.chinamoney.com.cn/chinese/bkcurvfqq/
2026-09-02,10:00,options,USD.CNY,25D RR,1M,implied_vol_bid,0.0,pct,0.0,100.0,100.0,2,2,https://www.chinamoney.com.cn/chinese/bkcurvfqq/
2026-09-02,10:00,options,USD.CNY,25D RR,1M,implied_vol_mid,0.0,pct,0.0,100.0,100.0,2,2,https://www.chinamoney.com.cn/chinese/bkcurvfqq/
2026-09-02,10:00,options,USD.CNY,25D RR,1W,implied_vol_ask,0.0,pct,0.0,100.0,100.0,2,2,https://www.chinamoney.com.cn/chinese/bkcurvfqq/
2026-09-02,10:00,options,USD.CNY,25D RR,1W,implied_vol_bid,0.0,pct,0.0,100.0,100.0,2,2,https://www.chinamoney.com.cn/chinese/bkcurvfqq/
2026-09-02,10:00,options,USD.CNY,25D RR,1W,implied_vol_mid,0.0,pct,0.0,100.0,100.0,2,2,https://www.chinamoney.com.cn/chinese/bkcurvfqq/
2026-09-02,10:00,options,USD.CNY,25D RR,1Y,implied_vol_ask,0.05,pct,-0.3,50.0,50.0,2,2,https://www.chinamoney.com.cn/chinese/bkcurvfqq/
2026-09-02,10:00,options,USD.CNY,25D RR,1Y,implied_vol_bid,0.0,pct,0.35,100.0,100.0,2,2,https://www.chinamoney.com.cn/chinese/bkcurvfqq/
2026-09-02,10:00,options,USD.CNY,25D RR,1Y,implied_vol_mid,0.025,pct,0.025,100.0,100.0,2,2,https://www.chinamoney.com.cn/chinese/bkcurvfqq/
2026-09-02,10:00,options,USD.CNY,25D RR,2M,implied_vol_ask,0.0,pct,-0.35,50.0,50.0,2,2,https://www.chinamoney.com.cn/chinese/bkcurvfqq/
2026-09-02,10:00,options,USD.CNY,25D RR,2M,implied_vol_bid,0.0,pct,0.35,100.0,100.0,2,2,https://www.chinamoney.com.cn/chinese/bkcurvfqq/
2026-09-02,10:00,options,USD.CNY,25D RR,2M,implied_vol_mid,0.0,pct,0.0,100.0,100.0,2,2,https://www.chinamoney.com.cn/chinese/bkcurvfqq/
2026-09-02,10:00,options,USD.CNY,25D RR,2W,implied_vol_ask,0.0,pct,0.0,100.0,100.0,2,2,https://www.chinamoney.com.cn/chinese/bkcurvfqq/
2026-09-02,10:00,options,USD.CNY,25D RR,2W,implied_vol_bid,0.0,pct,0.0,100.0,100.0,2,2,https://www.chinamoney.com.cn/chinese/bkcurvfqq/
2026-09-02,10:00,options,USD.CNY,25D RR,2W,implied_vol_mid,0.0,pct,0.0,100.0,100.0,2,2,https://www.chinamoney.com.cn/chinese/bkcurvfqq/
2026-09-02,10:00,options,USD.CNY,25D RR,2Y,implied_vol_ask,0.5,pct,0.0,100.0,100.0,2,2,https://www.chinamoney.com.cn/chinese/bkcurvfqq/
2026-09-02,10:00,options,USD.CNY,25D RR,2Y,implied_vol_bid,-0.5,pct,0.0,100.0,100.0,2,2,https://www.chinamoney.com.cn/chinese/bkcurvfqq/
2026-09-02,10:00,options,USD.CNY,25D RR,2Y,implied_vol_mid,0.0,pct,0.0,100.0,100.0,2,2,https://www.chinamoney.com.cn/chinese/bkcurvfqq/
2026-09-02,10:00,options,USD.CNY,25D RR,3M,implied_vol_ask,0.025,pct,-0.325,50.0,50.0,2,2,https://www.chinamoney.com.cn/chinese/bkcurvfqq/
2026-09-02,10:00,options,USD.CNY,25D RR,3M,implied_vol_bid,0.025,pct,0.375,100.0,100.0,2,2,https://www.chinamoney.com.cn/chinese/bkcurvfqq/
2026-09-02,10:00,options,USD.CNY,25D RR,3M,implied_vol_mid,0.025,pct,0.025,100.0,100.0,2,2,https://www.chinamoney.com.cn/chinese/bkcurvfqq/
2026-09-02,10:00,options,USD.CNY,25D RR,3W,implied_vol_ask,0.0,pct,0.0,100.0,100.0,2,2,https://www.chinamoney.com.cn/chinese/bkcurvfqq/
2026-09-02,10:00,options,USD.CNY,25D RR,3W,implied_vol_bid,0.0,pct,0.0,100.0,100.0,2,2,https://www.chinamoney.com.cn/chinese/bkcurvfqq/
2026-09-02,10:00,options,USD.CNY,25D RR,3W,implied_vol_mid,0.0,pct,0.0,100.0,100.0,2,2,https://www.chinamoney.com.cn/chinese/bkcurvfqq/
2026-09-02,10:00,options,USD.CNY,25D RR,3Y,implied_vol_ask,0.5,pct,0.0,100.0,100.0,2,2,https://www.chinamoney.com.cn/chinese/bkcurvfqq/
2026-09-02,10:00,options,USD.CNY,25D RR,3Y,implied_vol_bid,-0.5,pct,0.0,100.0,100.0,2,2,https://www.chinamoney.com.cn/chinese/bkcurvfqq/
2026-09-02,10:00,options,USD.CNY,25D RR,3Y,implied_vol_mid,0.0,pct,0.0,100.0,100.0,2,2,https://www.chinamoney.com.cn/chinese/bkcurvfqq/
2026-09-02,10:00,options,USD.CNY,25D RR,6M,implied_vol_ask,0.025,pct,0.025,100.0,100.0,2,2,https://www.chinamoney.com.cn/chinese/bkcurvfqq/
2026-09-02,10:00,options,USD.CNY,25D RR,6M,implied_vol_bid,0.025,pct,0.025,100.0,100.0,2,2,https://www.chinamoney.com.cn/chinese/bkcurvfqq/
2026-09-02,10:00,options,USD.CNY,25D RR,6M,implied_vol_mid,0.025,pct,0.025,100.0,100.0,2,2,https://www.chinamoney.com.cn/chinese/bkcurvfqq/
2026-09-02,10:00,options,USD.CNY,25D RR,9M,implied_vol_ask,0.05,pct,0.05,100.0,100.0,2,2,https://www.chinamoney.com.cn/chinese/bkcurvfqq/
2026-09-02,10:00,options,USD.CNY,25D RR,9M,implied_vol_bid,0.0,pct,0.0,100.0,100.0,2,2,https://www.chinamoney.com.cn/chinese/bkcurvfqq/
2026-09-02,10:00,options,USD.CNY,25D RR,9M,implied_vol_mid,0.025,pct,0.025,100.0,100.0,2,2,https://www.chinamoney.com.cn/chinese/bkcurvfqq/
2026-09-02,10:00,options,USD.CNY,ATM,18M,implied_vol_ask,3.4,pct,0.0,100.0,100.0,2,2,https://www.chinamoney.com.cn/chinese/bkcurvfqq/
2026-09-02,10:00,options,USD.CNY,ATM,18M,implied_vol_bid,3.0,pct,0.0,100.0,100.0,2,2,https://www.chinamoney.com.cn/chinese/bkcurvfqq/
2026-09-02,10:00,options,USD.CNY,ATM,18M,implied_vol_mid,3.2,pct,0.0,100.0,100.0,2,2,https://www.chinamoney.com.cn/chinese/bkcurvfqq/
2026-09-02,10:00,options,USD.CNY,ATM,1D,implied_vol_ask,1.3,pct,-0.2,50.0,50.0,2,2,https://www.chinamoney.com.cn/chinese/bkcurvfqq/
2026-09-02,10:00,options,USD.CNY,ATM,1D,implied_vol_bid,1.3,pct,-0.2,50.0,50.0,2,2,https://www.chinamoney.com.cn/chinese/bkcurvfqq/
2026-09-02,10:00,options,USD.CNY,ATM,1D,implied_vol_mid,1.3,pct,-0.2,50.0,50.0,2,2,https://www.chinamoney.com.cn/chinese/bkcurvfqq/
2026-09-02,10:00,options,USD.CNY,ATM,1M,implied_vol_ask,1.5,pct,-0.0107,50.0,50.0,2,2,https://www.chinamoney.com.cn/chinese/bkcurvfqq/
2026-09-02,10:00,options,USD.CNY,ATM,1M,implied_vol_bid,1.5,pct,-0.0107,50.0,50.0,2,2,https://www.chinamoney.com.cn/chinese/bkcurvfqq/
2026-09-02,10:00,options,USD.CNY,ATM,1M,implied_vol_mid,1.5,pct,-0.0107,50.0,50.0,2,2,https://www.chinamoney.com.cn/chinese/bkcurvfqq/
2026-09-02,10:00,options,USD.CNY,ATM,1W,implied_vol_ask,1.2818,pct,0.0485,100.0,100.0,2,2,https://www.chinamoney.com.cn/chinese/bkcurvfqq/
2026-09-02,10:00,options,USD.CNY,ATM,1W,implied_vol_bid,1.2818,pct,0.0485,100.0,100.0,2,2,https://www.chinamoney.com.cn/chinese/bkcurvfqq/
2026-09-02,10:00,options,USD.CNY,ATM,1W,implied_vol_mid,1.2818,pct,0.0485,100.0,100.0,2,2,https://www.chinamoney.com.cn/chinese/bkcurvfqq/
2026-09-02,10:00,options,USD.CNY,ATM,1Y,implied_vol_ask,3.035,pct,-0.165,50.0,50.0,2,2,https://www.chinamoney.com.cn/chinese/bkcurvfqq/
2026-09-02,10:00,options,USD.CNY,ATM,1Y,implied_vol_bid,3.03,pct,0.23,100.0,100.0,2,2,https://www.chinamoney.com.cn/chinese/bkcurvfqq/
2026-09-02,10:00,options,USD.CNY,ATM,1Y,implied_vol_mid,3.0339,pct,0.0039,100.0,100.0,2,2,https://www.chinamoney.com.cn/chinese/bkcurvfqq/
2026-09-02,10:00,options,USD.CNY,ATM,2M,implied_vol_ask,1.7875,pct,-0.2125,50.0,50.0,2,2,https://www.chinamoney.com.cn/chinese/bkcurvfqq/
2026-09-02,10:00,options,USD.CNY,ATM,2M,implied_vol_bid,1.7875,pct,0.1875,100.0,100.0,2,2,https://www.chinamoney.com.cn/chinese/bkcurvfqq/
2026-09-02,10:00,options,USD.CNY,ATM,2M,implied_vol_mid,1.7875,pct,-0.0275,50.0,50.0,2,2,https://www.chinamoney.com.cn/chinese/bkcurvfqq/
2026-09-02,10:00,options,USD.CNY,ATM,2W,implied_vol_ask,1.323,pct,0.048,100.0,100.0,2,2,https://www.chinamoney.com.cn/chinese/bkcurvfqq/
2026-09-02,10:00,options,USD.CNY,ATM,2W,implied_vol_bid,1.323,pct,0.048,100.0,100.0,2,2,https://www.chinamoney.com.cn/chinese/bkcurvfqq/
2026-09-02,10:00,options,USD.CNY,ATM,2W,implied_vol_mid,1.323,pct,0.048,100.0,100.0,2,2,https://www.chinamoney.com.cn/chinese/bkcurvfqq/
2026-09-02,10:00,options,USD.CNY,ATM,2Y,implied_vol_ask,3.6,pct,0.0,100.0,100.0,2,2,https://www.chinamoney.com.cn/chinese/bkcurvfqq/
2026-09-02,10:00,options,USD.CNY,ATM,2Y,implied_vol_bid,3.15,pct,0.0,100.0,100.0,2,2,https://www.chinamoney.com.cn/chinese/bkcurvfqq/
2026-09-02,10:00,options,USD.CNY,ATM,2Y,implied_vol_mid,3.375,pct,0.0,100.0,100.0,2,2,https://www.chinamoney.com.cn/chinese/bkcurvfqq/
2026-09-02,10:00,options,USD.CNY,ATM,3M,implied_vol_ask,2.0375,pct,-0.2125,50.0,50.0,2,2,https://www.chinamoney.com.cn/chinese/bkcurvfqq/
2026-09-02,10:00,options,USD.CNY,ATM,3M,implied_vol_bid,2.0375,pct,0.2375,100.0,100.0,2,2,https://www.chinamoney.com.cn/chinese/bkcurvfqq/
2026-09-02,10:00,options,USD.CNY,ATM,3M,implied_vol_mid,2.0375,pct,-0.0137,50.0,50.0,2,2,https://www.chinamoney.com.cn/chinese/bkcurvfqq/
2026-09-02,10:00,options,USD.CNY,ATM,3W,implied_vol_ask,1.4,pct,0.0,100.0,100.0,2,2,https://www.chinamoney.com.cn/chinese/bkcurvfqq/
2026-09-02,10:00,options,USD.CNY,ATM,3W,implied_vol_bid,1.4,pct,0.0,100.0,100.0,2,2,https://www.chinamoney.com.cn/chinese/bkcurvfqq/
2026-09-02,10:00,options,USD.CNY,ATM,3W,implied_vol_mid,1.4,pct,0.0,100.0,100.0,2,2,https://www.chinamoney.com.cn/chinese/bkcurvfqq/
2026-09-02,10:00,options,USD.CNY,ATM,3Y,implied_vol_ask,3.8,pct,0.0,100.0,100.0,2,2,https://www.chinamoney.com.cn/chinese/bkcurvfqq/
2026-09-02,10:00,options,USD.CNY,ATM,3Y,implied_vol_bid,3.25,pct,0.0,100.0,100.0,2,2,https://www.chinamoney.com.cn/chinese/bkcurvfqq/
2026-09-02,10:00,options,USD.CNY,ATM,3Y,implied_vol_mid,3.525,pct,0.0,100.0,100.0,2,2,https://www.chinamoney.com.cn/chinese/bkcurvfqq/
2026-09-02,10:00,options,USD.CNY,ATM,6M,implied_vol_ask,2.5075,pct,-0.0008,50.0,50.0,2,2,https://www.chinamoney.com.cn/chinese/bkcurvfqq/
2026-09-02,10:00,options,USD.CNY,ATM,6M,implied_vol_bid,2.5075,pct,-0.0008,50.0,50.0,2,2,https://www.chinamoney.com.cn/chinese/bkcurvfqq/
2026-09-02,10:00,options,USD.CNY,ATM,6M,implied_vol_mid,2.5075,pct,-0.0008,50.0,50.0,2,2,https://www.chinamoney.com.cn/chinese/bkcurvfqq/
2026-09-02,10:00,options,USD.CNY,ATM,9M,implied_vol_ask,2.85,pct,0.025,100.0,100.0,2,2,https://www.chinamoney.com.cn/chinese/bkcurvfqq/
2026-09-02,10:00,options,USD.CNY,ATM,9M,implied_vol_bid,2.78,pct,-0.045,50.0,50.0,2,2,https://www.chinamoney.com.cn/chinese/bkcurvfqq/
2026-09-02,10:00,options,USD.CNY,ATM,9M,implied_vol_mid,2.815,pct,-0.01,50.0,50.0,2,2,https://www.chinamoney.com.cn/chinese/bkcurvfqq/
2026-09-02,14:00,reference_rate,USD/CNY,,,reference_rate_14,6.7216,rate,0.001,100.0,100.0,5,5,https://www.chinamoney.com.cn/ags/ms/cm-u-bk-fx/RefRateHis
2026-09-02,16:30,swaps,USD.CNY,,18M,forward_all_in,6.4405,rate,-0.0038,25.0,25.0,4,4,https://www.chinamoney.com.cn/chinese/bkcurvfsw/
2026-09-02,16:30,swaps,USD.CNY,,18M,swap_points,-2815.0,pips,-39.5,25.0,25.0,4,4,https://www.chinamoney.com.cn/chinese/bkcurvfsw/
2026-09-02,16:30,swaps,USD.CNY,,1M,forward_all_in,6.7062,rate,0.0004,100.0,100.0,4,4,https://www.chinamoney.com.cn/chinese/bkcurvfsw/
2026-09-02,16:30,swaps,USD.CNY,,1M,swap_points,-157.1,pips,3.4,100.0,100.0,4,4,https://www.chinamoney.com.cn/chinese/bkcurvfsw/
2026-09-02,16:30,swaps,USD.CNY,,1W,forward_all_in,6.7188,rate,0.0001,100.0,100.0,4,4,https://www.chinamoney.com.cn/chinese/bkcurvfsw/
2026-09-02,16:30,swaps,USD.CNY,,1W,swap_points,-31.4,pips,-0.15,75.0,75.0,4,4,https://www.chinamoney.com.cn/chinese/bkcurvfsw/
2026-09-02,16:30,swaps,USD.CNY,,1Y,forward_all_in,6.5354,rate,-0.0027,25.0,25.0,4,4,https://www.chinamoney.com.cn/chinese/bkcurvfsw/
2026-09-02,16:30,swaps,USD.CNY,,1Y,swap_points,-1866.0,pips,-28.0,25.0,25.0,4,4,https://www.chinamoney.com.cn/chinese/bkcurvfsw/
2026-09-02,16:30,swaps,USD.CNY,,2M,forward_all_in,6.6934,rate,0.0,100.0,100.0,4,4,https://www.chinamoney.com.cn/chinese/bkcurvfsw/
2026-09-02,16:30,swaps,USD.CNY,,2M,swap_points,-286.0,pips,-1.0,25.0,25.0,4,4,https://www.chinamoney.com.cn/chinese/bkcurvfsw/
2026-09-02,16:30,swaps,USD.CNY,,2W,forward_all_in,6.7157,rate,0.0001,100.0,100.0,4,4,https://www.chinamoney.com.cn/chinese/bkcurvfsw/
2026-09-02,16:30,swaps,USD.CNY,,2W,swap_points,-62.7,pips,0.12,100.0,100.0,4,4,https://www.chinamoney.com.cn/chinese/bkcurvfsw/
2026-09-02,16:30,swaps,USD.CNY,,2Y,forward_all_in,6.346,rate,-0.0037,25.0,25.0,4,4,https://www.chinamoney.com.cn/chinese/bkcurvfsw/
2026-09-02,16:30,swaps,USD.CNY,,2Y,swap_points,-3760.0,pips,-38.5,25.0,25.0,4,4,https://www.chinamoney.com.cn/chinese/bkcurvfsw/
2026-09-02,16:30,swaps,USD.CNY,,3M,forward_all_in,6.6791,rate,0.0001,100.0,100.0,4,4,https://www.chinamoney.com.cn/chinese/bkcurvfsw/
2026-09-02,16:30,swaps,USD.CNY,,3M,swap_points,-428.5,pips,0.5,50.0,50.0,4,4,https://www.chinamoney.com.cn/chinese/bkcurvfsw/
2026-09-02,16:30,swaps,USD.CNY,,3W,forward_all_in,6.7111,rate,-0.0013,75.0,75.0,4,4,https://www.chinamoney.com.cn/chinese/bkcurvfsw/
2026-09-02,16:30,swaps,USD.CNY,,3W,swap_points,-109.0,pips,-14.0,25.0,25.0,4,4,https://www.chinamoney.com.cn/chinese/bkcurvfsw/
2026-09-02,16:30,swaps,USD.CNY,,3Y,forward_all_in,6.1675,rate,-0.006,25.0,25.0,4,4,https://www.chinamoney.com.cn/chinese/bkcurvfsw/
2026-09-02,16:30,swaps,USD.CNY,,3Y,swap_points,-5545.0,pips,-61.0,25.0,25.0,4,4,https://www.chinamoney.com.cn/chinese/bkcurvfsw/
2026-09-02,16:30,swaps,USD.CNY,,4M,forward_all_in,6.6635,rate,0.0002,100.0,100.0,4,4,https://www.chinamoney.com.cn/chinese/bkcurvfsw/
2026-09-02,16:30,swaps,USD.CNY,,4M,swap_points,-585.0,pips,0.4,100.0,100.0,4,4,https://www.chinamoney.com.cn/chinese/bkcurvfsw/
2026-09-02,16:30,swaps,USD.CNY,,4Y,forward_all_in,5.987,rate,-0.0099,25.0,25.0,4,4,https://www.chinamoney.com.cn/chinese/bkcurvfsw/
2026-09-02,16:30,swaps,USD.CNY,,4Y,swap_points,-7350.0,pips,-100.0,25.0,25.0,4,4,https://www.chinamoney.com.cn/chinese/bkcurvfsw/
2026-09-02,16:30,swaps,USD.CNY,,5M,forward_all_in,6.6481,rate,-0.0003,75.0,75.0,4,4,https://www.chinamoney.com.cn/chinese/bkcurvfsw/
2026-09-02,16:30,swaps,USD.CNY,,5M,swap_points,-738.5,pips,-3.56,25.0,25.0,4,4,https://www.chinamoney.com.cn/chinese/bkcurvfsw/
2026-09-02,16:30,swaps,USD.CNY,,5Y,forward_all_in,5.812,rate,-0.0099,25.0,25.0,4,4,https://www.chinamoney.com.cn/chinese/bkcurvfsw/
2026-09-02,16:30,swaps,USD.CNY,,5Y,swap_points,-9100.0,pips,-100.0,25.0,25.0,4,4,https://www.chinamoney.com.cn/chinese/bkcurvfsw/
2026-09-02,16:30,swaps,USD.CNY,,6M,forward_all_in,6.6339,rate,-0.0003,50.0,50.0,4,4,https://www.chinamoney.com.cn/chinese/bkcurvfsw/
2026-09-02,16:30,swaps,USD.CNY,,6M,swap_points,-881.0,pips,-4.0,25.0,25.0,4,4,https://www.chinamoney.com.cn/chinese/bkcurvfsw/
2026-09-02,16:30,swaps,USD.CNY,,9M,forward_all_in,6.586,rate,-0.0008,50.0,50.0,4,4,https://www.chinamoney.com.cn/chinese/bkcurvfsw/
2026-09-02,16:30,swaps,USD.CNY,,9M,swap_points,-1360.0,pips,-9.0,25.0,25.0,4,4,https://www.chinamoney.com.cn/chinese/bkcurvfsw/
2026-09-02,16:30,swaps,USD.CNY,,ON,forward_all_in,6.7228,rate,0.0001,100.0,100.0,4,4,https://www.chinamoney.com.cn/chinese/bkcurvfsw/
2026-09-02,16:30,swaps,USD.CNY,,ON,swap_points,-4.3,pips,0.05,75.0,75.0,4,4,https://www.chinamoney.com.cn/chinese/bkcurvfsw/
2026-09-02,16:30,swaps,USD.CNY,,SN,forward_all_in,6.7202,rate,-0.0012,75.0,75.0,4,4,https://www.chinamoney.com.cn/chinese/bkcurvfsw/
2026-09-02,16:30,swaps,USD.CNY,,SN,swap_points,-17.75,pips,-13.35,25.0,25.0,4,4,https://www.chinamoney.com.cn/chinese/bkcurvfsw/
2026-09-02,16:30,swaps,USD.CNY,,TN,forward_all_in,6.7224,rate,0.0001,100.0,100.0,4,4,https://www.chinamoney.com.cn/chinese/bkcurvfsw/
2026-09-02,16:30,swaps,USD.CNY,,TN,swap_points,-4.4,pips,0.0,75.0,75.0,4,4,https://www.chinamoney.com.cn/chinese/bkcurvfsw/
2026-09-03,09:15,fixing,USD/CNY,,,fixing,6.7807,rate,-0.0022,20.0,20.0,5,5,https://www.chinamoney.com.cn/chinese/bkccpr/
2026-09-03,,implied_rates,USD,,18M,implied_usd_rate,4.2768,pct,-0.0057,80.0,80.0,5,5,https://www.chinamoney.com.cn/chinese/bkcurvuir/
2026-09-03,,implied_rates,USD,,1D,implied_usd_rate,3.7688,pct,-0.0204,20.0,20.0,5,5,https://www.chinamoney.com.cn/chinese/bkcurvuir/
2026-09-03,,implied_rates,USD,,1M,implied_usd_rate,3.9328,pct,0.0012,100.0,100.0,5,5,https://www.chinamoney.com.cn/chinese/bkcurvuir/
2026-09-03,,implied_rates,USD,,1W,implied_usd_rate,3.8178,pct,-0.0103,20.0,20.0,5,5,https://www.chinamoney.com.cn/chinese/bkcurvuir/
2026-09-03,,implied_rates,USD,,1Y,implied_usd_rate,4.2142,pct,-0.015,80.0,80.0,5,5,https://www.chinamoney.com.cn/chinese/bkcurvuir/
2026-09-03,,implied_rates,USD,,2M,implied_usd_rate,3.9642,pct,-0.0109,66.7,66.7,6,6,https://www.chinamoney.com.cn/chinese/bkcurvuir/
2026-09-03,,implied_rates,USD,,2W,implied_usd_rate,3.8525,pct,0.009,60.0,60.0,5,5,https://www.chinamoney.com.cn/chinese/bkcurvuir/
2026-09-03,,implied_rates,USD,,2Y,implied_usd_rate,4.288,pct,-0.0207,80.0,80.0,5,5,https://www.chinamoney.com.cn/chinese/bkcurvuir/
2026-09-03,,implied_rates,USD,,3M,implied_usd_rate,3.9853,pct,-0.0058,60.0,60.0,5,5,https://www.chinamoney.com.cn/chinese/bkcurvuir/
2026-09-03,,implied_rates,USD,,3W,implied_usd_rate,3.8924,pct,0.0076,80.0,80.0,5,5,https://www.chinamoney.com.cn/chinese/bkcurvuir/
2026-09-03,,implied_rates,USD,,3Y,implied_usd_rate,4.3066,pct,-0.0189,80.0,80.0,5,5,https://www.chinamoney.com.cn/chinese/bkcurvuir/
2026-09-03,,implied_rates,USD,,6M,implied_usd_rate,4.0824,pct,-0.0138,80.0,80.0,5,5,https://www.chinamoney.com.cn/chinese/bkcurvuir/
2026-09-03,,implied_rates,USD,,9M,implied_usd_rate,4.1557,pct,-0.0162,80.0,80.0,5,5,https://www.chinamoney.com.cn/chinese/bkcurvuir/
2026-09-03,10:00,options,USD.CNY,10D BF,18M,implied_vol_ask,0.75,pct,0.0,100.0,100.0,3,3,https://www.chinamoney.com.cn/chinese/bkcurvfqq/
2026-09-03,10:00,options,USD.CNY,10D BF,18M,implied_vol_bid,0.35,pct,0.0,100.0,100.0,3,3,https://www.chinamoney.com.cn/chinese/bkcurvfqq/
2026-09-03,10:00,options,USD.CNY,10D BF,18M,implied_vol_mid,0.55,pct,0.0,100.0,100.0,3,3,https://www.chinamoney.com.cn/chinese/bkcurvfqq/
2026-09-03,10:00,options,USD.CNY,10D BF,1D,implied_vol_ask,0.15,pct,0.0,100.0,100.0,3,3,https://www.chinamoney.com.cn/chinese/bkcurvfqq/
2026-09-03,10:00,options,USD.CNY,10D BF,1D,implied_vol_bid,0.15,pct,0.0,100.0,100.0,3,3,https://www.chinamoney.com.cn/chinese/bkcurvfqq/
2026-09-03,10:00,options,USD.CNY,10D BF,1D,implied_vol_mid,0.15,pct,0.0,100.0,100.0,3,3,https://www.chinamoney.com.cn/chinese/bkcurvfqq/
2026-09-03,10:00,options,USD.CNY,10D BF,1M,implied_vol_ask,0.1,pct,0.0,100.0,100.0,3,3,https://www.chinamoney.com.cn/chinese/bkcurvfqq/
2026-09-03,10:00,options,USD.CNY,10D BF,1M,implied_vol_bid,0.1,pct,0.0,100.0,100.0,3,3,https://www.chinamoney.com.cn/chinese/bkcurvfqq/
2026-09-03,10:00,options,USD.CNY,10D BF,1M,implied_vol_mid,0.1,pct,0.0,100.0,100.0,3,3,https://www.chinamoney.com.cn/chinese/bkcurvfqq/
2026-09-03,10:00,options,USD.CNY,10D BF,1W,implied_vol_ask,0.1,pct,0.0,100.0,100.0,3,3,https://www.chinamoney.com.cn/chinese/bkcurvfqq/
2026-09-03,10:00,options,USD.CNY,10D BF,1W,implied_vol_bid,0.1,pct,0.0,100.0,100.0,3,3,https://www.chinamoney.com.cn/chinese/bkcurvfqq/
2026-09-03,10:00,options,USD.CNY,10D BF,1W,implied_vol_mid,0.1,pct,0.0,100.0,100.0,3,3,https://www.chinamoney.com.cn/chinese/bkcurvfqq/
2026-09-03,10:00,options,USD.CNY,10D BF,1Y,implied_vol_ask,0.53,pct,-0.23,33.3,33.3,3,3,https://www.chinamoney.com.cn/chinese/bkcurvfqq/
2026-09-03,10:00,options,USD.CNY,10D BF,1Y,implied_vol_bid,0.53,pct,0.23,100.0,100.0,3,3,https://www.chinamoney.com.cn/chinese/bkcurvfqq/
2026-09-03,10:00,options,USD.CNY,10D BF,1Y,implied_vol_mid,0.53,pct,0.0,100.0,100.0,3,3,https://www.chinamoney.com.cn/chinese/bkcurvfqq/
2026-09-03,10:00,options,USD.CNY,10D BF,2M,implied_vol_ask,0.4,pct,0.18,100.0,100.0,3,3,https://www.chinamoney.com.cn/chinese/bkcurvfqq/
2026-09-03,10:00,options,USD.CNY,10D BF,2M,implied_vol_bid,0.04,pct,-0.18,66.7,66.7,3,3,https://www.chinamoney.com.cn/chinese/bkcurvfqq/
2026-09-03,10:00,options,USD.CNY,10D BF,2M,implied_vol_mid,0.22,pct,0.0,100.0,100.0,3,3,https://www.chinamoney.com.cn/chinese/bkcurvfqq/
2026-09-03,10:00,options,USD.CNY,10D BF,2W,implied_vol_ask,0.1,pct,0.0,100.0,100.0,3,3,https://www.chinamoney.com.cn/chinese/bkcurvfqq/
2026-09-03,10:00,options,USD.CNY,10D BF,2W,implied_vol_bid,0.1,pct,0.0,100.0,100.0,3,3,https://www.chinamoney.com.cn/chinese/bkcurvfqq/
2026-09-03,10:00,options,USD.CNY,10D BF,2W,implied_vol_mid,0.1,pct,0.0,100.0,100.0,3,3,https://www.chinamoney.com.cn/chinese/bkcurvfqq/
2026-09-03,10:00,options,USD.CNY,10D BF,2Y,implied_vol_ask,0.75,pct,0.0,100.0,100.0,3,3,https://www.chinamoney.com.cn/chinese/bkcurvfqq/
2026-09-03,10:00,options,USD.CNY,10D BF,2Y,implied_vol_bid,0.35,pct,0.0,100.0,100.0,3,3,https://www.chinamoney.com.cn/chinese/bkcurvfqq/
2026-09-03,10:00,options,USD.CNY,10D BF,2Y,implied_vol_mid,0.55,pct,0.0,100.0,100.0,3,3,https://www.chinamoney.com.cn/chinese/bkcurvfqq/
2026-09-03,10:00,options,USD.CNY,10D BF,3M,implied_vol_ask,0.325,pct,0.0,66.7,66.7,3,3,https://www.chinamoney.com.cn/chinese/bkcurvfqq/
2026-09-03,10:00,options,USD.CNY,10D BF,3M,implied_vol_bid,0.325,pct,0.0,100.0,100.0,3,3,https://www.chinamoney.com.cn/chinese/bkcurvfqq/
2026-09-03,10:00,options,USD.CNY,10D BF,3M,implied_vol_mid,0.325,pct,0.0,100.0,100.0,3,3,https://www.chinamoney.com.cn/chinese/bkcurvfqq/
2026-09-03,10:00,options,USD.CNY,10D BF,3W,implied_vol_ask,0.1,pct,0.0,100.0,100.0,3,3,https://www.chinamoney.com.cn/chinese/bkcurvfqq/
2026-09-03,10:00,options,USD.CNY,10D BF,3W,implied_vol_bid,0.1,pct,0.0,100.0,100.0,3,3,https://www.chinamoney.com.cn/chinese/bkcurvfqq/
2026-09-03,10:00,options,USD.CNY,10D BF,3W,implied_vol_mid,0.1,pct,0.0,100.0,100.0,3,3,https://www.chinamoney.com.cn/chinese/bkcurvfqq/
2026-09-03,10:00,options,USD.CNY,10D BF,3Y,implied_vol_ask,0.8,pct,0.0,100.0,100.0,3,3,https://www.chinamoney.com.cn/chinese/bkcurvfqq/
2026-09-03,10:00,options,USD.CNY,10D BF,3Y,implied_vol_bid,0.4,pct,0.0,100.0,100.0,3,3,https://www.chinamoney.com.cn/chinese/bkcurvfqq/
2026-09-03,10:00,options,USD.CNY,10D BF,3Y,implied_vol_mid,0.6,pct,0.0,100.0,100.0,3,3,https://www.chinamoney.com.cn/chinese/bkcurvfqq/
2026-09-03,10:00,options,USD.CNY,10D BF,6M,implied_vol_ask,0.435,pct,0.0,100.0,100.0,3,3,https://www.chinamoney.com.cn/chinese/bkcurvfqq/
2026-09-03,10:00,options,USD.CNY,10D BF,6M,implied_vol_bid,0.435,pct,0.0,100.0,100.0,3,3,https://www.chinamoney.com.cn/chinese/bkcurvfqq/
2026-09-03,10:00,options,USD.CNY,10D BF,6M,implied_vol_mid,0.435,pct,0.0,100.0,100.0,3,3,https://www.chinamoney.com.cn/chinese/bkcurvfqq/
2026-09-03,10:00,options,USD.CNY,10D BF,9M,implied_vol_ask,0.73,pct,0.0,100.0,100.0,3,3,https://www.chinamoney.com.cn/chinese/bkcurvfqq/
2026-09-03,10:00,options,USD.CNY,10D BF,9M,implied_vol_bid,0.24,pct,0.0,66.7,66.7,3,3,https://www.chinamoney.com.cn/chinese/bkcurvfqq/
2026-09-03,10:00,options,USD.CNY,10D BF,9M,implied_vol_mid,0.485,pct,0.0,100.0,100.0,3,3,https://www.chinamoney.com.cn/chinese/bkcurvfqq/
2026-09-03,10:00,options,USD.CNY,25D BF,18M,implied_vol_ask,0.28,pct,0.0,100.0,100.0,3,3,https://www.chinamoney.com.cn/chinese/bkcurvfqq/
2026-09-03,10:00,options,USD.CNY,25D BF,18M,implied_vol_bid,0.1,pct,0.0,100.0,100.0,3,3,https://www.chinamoney.com.cn/chinese/bkcurvfqq/
2026-09-03,10:00,options,USD.CNY,25D BF,18M,implied_vol_mid,0.19,pct,0.0,100.0,100.0,3,3,https://www.chinamoney.com.cn/chinese/bkcurvfqq/
2026-09-03,10:00,options,USD.CNY,25D BF,1D,implied_vol_ask,0.1,pct,0.0,100.0,100.0,3,3,https://www.chinamoney.com.cn/chinese/bkcurvfqq/
2026-09-03,10:00,options,USD.CNY,25D BF,1D,implied_vol_bid,0.1,pct,0.0,100.0,100.0,3,3,https://www.chinamoney.com.cn/chinese/bkcurvfqq/
2026-09-03,10:00,options,USD.CNY,25D BF,1D,implied_vol_mid,0.1,pct,0.0,100.0,100.0,3,3,https://www.chinamoney.com.cn/chinese/bkcurvfqq/
2026-09-03,10:00,options,USD.CNY,25D BF,1M,implied_vol_ask,0.065,pct,-0.0025,33.3,33.3,3,3,https://www.chinamoney.com.cn/chinese/bkcurvfqq/
2026-09-03,10:00,options,USD.CNY,25D BF,1M,implied_vol_bid,0.065,pct,-0.0025,33.3,33.3,3,3,https://www.chinamoney.com.cn/chinese/bkcurvfqq/
2026-09-03,10:00,options,USD.CNY,25D BF,1M,implied_vol_mid,0.065,pct,-0.0025,33.3,33.3,3,3,https://www.chinamoney.com.cn/chinese/bkcurvfqq/
2026-09-03,10:00,options,USD.CNY,25D BF,1W,implied_vol_ask,0.05,pct,-0.0206,66.7,66.7,3,3,https://www.chinamoney.com.cn/chinese/bkcurvfqq/
2026-09-03,10:00,options,USD.CNY,25D BF,1W,implied_vol_bid,0.05,pct,-0.0206,66.7,66.7,3,3,https://www.chinamoney.com.cn/chinese/bkcurvfqq/
2026-09-03,10:00,options,USD.CNY,25D BF,1W,implied_vol_mid,0.05,pct,-0.0206,66.7,66.7,3,3,https://www.chinamoney.com.cn/chinese/bkcurvfqq/
2026-09-03,10:00,options,USD.CNY,25D BF,1Y,implied_vol_ask,0.175,pct,-0.105,33.3,33.3,3,3,https://www.chinamoney.com.cn/chinese/bkcurvfqq/
2026-09-03,10:00,options,USD.CNY,25D BF,1Y,implied_vol_bid,0.175,pct,0.105,100.0,100.0,3,3,https://www.chinamoney.com.cn/chinese/bkcurvfqq/
2026-09-03,10:00,options,USD.CNY,25D BF,1Y,implied_vol_mid,0.175,pct,0.0,100.0,100.0,3,3,https://www.chinamoney.com.cn/chinese/bkcurvfqq/
2026-09-03,10:00,options,USD.CNY,25D BF,2M,implied_vol_ask,0.17,pct,0.085,100.0,100.0,3,3,https://www.chinamoney.com.cn/chinese/bkcurvfqq/
2026-09-03,10:00,options,USD.CNY,25D BF,2M,implied_vol_bid,0.0,pct,-0.085,66.7,66.7,3,3,https://www.chinamoney.com.cn/chinese/bkcurvfqq/
2026-09-03,10:00,options,USD.CNY,25D BF,2M,implied_vol_mid,0.085,pct,0.0,100.0,100.0,3,3,https://www.chinamoney.com.cn/chinese/bkcurvfqq/
2026-09-03,10:00,options,USD.CNY,25D BF,2W,implied_vol_ask,0.075,pct,0.0075,100.0,100.0,3,3,https://www.chinamoney.com.cn/chinese/bkcurvfqq/
2026-09-03,10:00,options,USD.CNY,25D BF,2W,implied_vol_bid,0.075,pct,0.0075,100.0,100.0,3,3,https://www.chinamoney.com.cn/chinese/bkcurvfqq/
2026-09-03,10:00,options,USD.CNY,25D BF,2W,implied_vol_mid,0.075,pct,0.0075,100.0,100.0,3,3,https://www.chinamoney.com.cn/chinese/bkcurvfqq/
2026-09-03,10:00,options,USD.CNY,25D BF,2Y,implied_vol_ask,0.32,pct,0.0,100.0,100.0,3,3,https://www.chinamoney.com.cn/chinese/bkcurvfqq/
2026-09-03,10:00,options,USD.CNY,25D BF,2Y,implied_vol_bid,0.1,pct,0.0,100.0,100.0,3,3,https://www.chinamoney.com.cn/chinese/bkcurvfqq/
2026-09-03,10:00,options,USD.CNY,25D BF,2Y,implied_vol_mid,0.21,pct,0.0,100.0,100.0,3,3,https://www.chinamoney.com.cn/chinese/bkcurvfqq/
2026-09-03,10:00,options,USD.CNY,25D BF,3M,implied_vol_ask,0.09,pct,0.0,66.7,66.7,3,3,https://www.chinamoney.com.cn/chinese/bkcurvfqq/
2026-09-03,10:00,options,USD.CNY,25D BF,3M,implied_vol_bid,0.09,pct,0.0,100.0,100.0,3,3,https://www.chinamoney.com.cn/chinese/bkcurvfqq/
2026-09-03,10:00,options,USD.CNY,25D BF,3M,implied_vol_mid,0.09,pct,0.0,66.7,66.7,3,3,https://www.chinamoney.com.cn/chinese/bkcurvfqq/
2026-09-03,10:00,options,USD.CNY,25D BF,3W,implied_vol_ask,0.0675,pct,0.0,66.7,66.7,3,3,https://www.chinamoney.com.cn/chinese/bkcurvfqq/
2026-09-03,10:00,options,USD.CNY,25D BF,3W,implied_vol_bid,0.0675,pct,0.0,66.7,66.7,3,3,https://www.chinamoney.com.cn/chinese/bkcurvfqq/
2026-09-03,10:00,options,USD.CNY,25D BF,3W,implied_vol_mid,0.0675,pct,0.0,66.7,66.7,3,3,https://www.chinamoney.com.cn/chinese/bkcurvfqq/
2026-09-03,10:00,options,USD.CNY,25D BF,3Y,implied_vol_ask,0.35,pct,0.0,100.0,100.0,3,3,https://www.chinamoney.com.cn/chinese/bkcurvfqq/
2026-09-03,10:00,options,USD.CNY,25D BF,3Y,implied_vol_bid,0.1,pct,0.0,100.0,100.0,3,3,https://www.chinamoney.com.cn/chinese/bkcurvfqq/
2026-09-03,10:00,options,USD.CNY,25D BF,3Y,implied_vol_mid,0.225,pct,0.0,100.0,100.0,3,3,https://www.chinamoney.com.cn/chinese/bkcurvfqq/
2026-09-03,10:00,options,USD.CNY,25D BF,6M,implied_vol_ask,0.1375,pct,0.0025,100.0,100.0,3,3,https://www.chinamoney.com.cn/chinese/bkcurvfqq/
2026-09-03,10:00,options,USD.CNY,25D BF,6M,implied_vol_bid,0.1375,pct,0.0025,100.0,100.0,3,3,https://www.chinamoney.com.cn/chinese/bkcurvfqq/
2026-09-03,10:00,options,USD.CNY,25D BF,6M,implied_vol_mid,0.1375,pct,0.0025,100.0,100.0,3,3,https://www.chinamoney.com.cn/chinese/bkcurvfqq/
2026-09-03,10:00,options,USD.CNY,25D BF,9M,implied_vol_ask,0.26,pct,0.0,100.0,100.0,3,3,https://www.chinamoney.com.cn/chinese/bkcurvfqq/
2026-09-03,10:00,options,USD.CNY,25D BF,9M,implied_vol_bid,0.07,pct,0.0,66.7,66.7,3,3,https://www.chinamoney.com.cn/chinese/bkcurvfqq/
2026-09-03,10:00,options,USD.CNY,25D BF,9M,implied_vol_mid,0.164,pct,-0.001,33.3,33.3,3,3,https://www.chinamoney.com.cn/chinese/bkcurvfqq/
2026-09-03,10:00,options,USD.CNY,25D RR,18M,implied_vol_ask,0.5,pct,0.0,100.0,100.0,3,3,https://www.chinamoney.com.cn/chinese/bkcurvfqq/
2026-09-03,10:00,options,USD.CNY,25D RR,18M,implied_vol_bid,-0.5,pct,0.0,100.0,100.0,3,3,https://www.chinamoney.com.cn/chinese/bkcurvfqq/
2026-09-03,10:00,options,USD.CNY,25D RR,18M,implied_vol_mid,0.0,pct,0.0,100.0,100.0,3,3,https://www.chinamoney.com.cn/chinese/bkcurvfqq/
2026-09-03,10:00,options,USD.CNY,25D RR,1D,implied_vol_ask,0.0,pct,0.0,100.0,100.0,3,3,https://www.chinamoney.com.cn/chinese/bkcurvfqq/
2026-09-03,10:00,options,USD.CNY,25D RR,1D,implied_vol_bid,0.0,pct,0.0,100.0,100.0,3,3,https://www.chinamoney.com.cn/chinese/bkcurvfqq/
2026-09-03,10:00,options,USD.CNY,25D RR,1D,implied_vol_mid,0.0,pct,0.0,100.0,100.0,3,3,https://www.chinamoney.com.cn/chinese/bkcurvfqq/
2026-09-03,10:00,options,USD.CNY,25D RR,1M,implied_vol_ask,0.015,pct,0.015,100.0,100.0,3,3,https://www.chinamoney.com.cn/chinese/bkcurvfqq/
2026-09-03,10:00,options,USD.CNY,25D RR,1M,implied_vol_bid,0.015,pct,0.015,100.0,100.0,3,3,https://www.chinamoney.com.cn/chinese/bkcurvfqq/
2026-09-03,10:00,options,USD.CNY,25D RR,1M,implied_vol_mid,0.015,pct,0.015,100.0,100.0,3,3,https://www.chinamoney.com.cn/chinese/bkcurvfqq/
2026-09-03,10:00,options,USD.CNY,25D RR,1W,implied_vol_ask,0.0,pct,0.0,100.0,100.0,3,3,https://www.chinamoney.com.cn/chinese/bkcurvfqq/
2026-09-03,10:00,options,USD.CNY,25D RR,1W,implied_vol_bid,0.0,pct,0.0,100.0,100.0,3,3,https://www.chinamoney.com.cn/chinese/bkcurvfqq/
2026-09-03,10:00,options,USD.CNY,25D RR,1W,implied_vol_mid,0.0,pct,0.0,100.0,100.0,3,3,https://www.chinamoney.com.cn/chinese/bkcurvfqq/
2026-09-03,10:00,options,USD.CNY,25D RR,1Y,implied_vol_ask,0.015,pct,-0.035,33.3,33.3,3,3,https://www.chinamoney.com.cn/chinese/bkcurvfqq/
2026-09-03,10:00,options,USD.CNY,25D RR,1Y,implied_vol_bid,0.015,pct,0.015,100.0,100.0,3,3,https://www.chinamoney.com.cn/chinese/bkcurvfqq/
2026-09-03,10:00,options,USD.CNY,25D RR,1Y,implied_vol_mid,0.015,pct,-0.01,66.7,66.7,3,3,https://www.chinamoney.com.cn/chinese/bkcurvfqq/
2026-09-03,10:00,options,USD.CNY,25D RR,2M,implied_vol_ask,0.38,pct,0.38,100.0,100.0,3,3,https://www.chinamoney.com.cn/chinese/bkcurvfqq/
2026-09-03,10:00,options,USD.CNY,25D RR,2M,implied_vol_bid,-0.35,pct,-0.35,66.7,66.7,3,3,https://www.chinamoney.com.cn/chinese/bkcurvfqq/
2026-09-03,10:00,options,USD.CNY,25D RR,2M,implied_vol_mid,0.015,pct,0.015,100.0,100.0,3,3,https://www.chinamoney.com.cn/chinese/bkcurvfqq/
2026-09-03,10:00,options,USD.CNY,25D RR,2W,implied_vol_ask,0.0,pct,0.0,100.0,100.0,3,3,https://www.chinamoney.com.cn/chinese/bkcurvfqq/
2026-09-03,10:00,options,USD.CNY,25D RR,2W,implied_vol_bid,0.0,pct,0.0,100.0,100.0,3,3,https://www.chinamoney.com.cn/chinese/bkcurvfqq/
2026-09-03,10:00,options,USD.CNY,25D RR,2W,implied_vol_mid,0.0,pct,0.0,100.0,100.0,3,3,https://www.chinamoney.com.cn/chinese/bkcurvfqq/
2026-09-03,10:00,options,USD.CNY,25D RR,2Y,implied_vol_ask,0.5,pct,0.0,100.0,100.0,3,3,https://www.chinamoney.com.cn/chinese/bkcurvfqq/
2026-09-03,10:00,options,USD.CNY,25D RR,2Y,implied_vol_bid,-0.5,pct,0.0,100.0,100.0,3,3,https://www.chinamoney.com.cn/chinese/bkcurvfqq/
2026-09-03,10:00,options,USD.CNY,25D RR,2Y,implied_vol_mid,0.0,pct,0.0,100.0,100.0,3,3,https://www.chinamoney.com.cn/chinese/bkcurvfqq/
2026-09-03,10:00,options,USD.CNY,25D RR,3M,implied_vol_ask,0.015,pct,-0.01,33.3,33.3,3,3,https://www.chinamoney.com.cn/chinese/bkcurvfqq/
2026-09-03,10:00,options,USD.CNY,25D RR,3M,implied_vol_bid,0.015,pct,-0.01,66.7,66.7,3,3,https://www.chinamoney.com.cn/chinese/bkcurvfqq/
2026-09-03,10:00,options,USD.CNY,25D RR,3M,implied_vol_mid,0.015,pct,-0.01,66.7,66.7,3,3,https://www.chinamoney.com.cn/chinese/bkcurvfqq/
2026-09-03,10:00,options,USD.CNY,25D RR,3W,implied_vol_ask,0.0,pct,0.0,100.0,100.0,3,3,https://www.chinamoney.com.cn/chinese/bkcurvfqq/
2026-09-03,10:00,options,USD.CNY,25D RR,3W,implied_vol_bid,0.0,pct,0.0,100.0,100.0,3,3,https://www.chinamoney.com.cn/chinese/bkcurvfqq/
2026-09-03,10:00,options,USD.CNY,25D RR,3W,implied_vol_mid,0.0,pct,0.0,100.0,100.0,3,3,https://www.chinamoney.com.cn/chinese/bkcurvfqq/
2026-09-03,10:00,options,USD.CNY,25D RR,3Y,implied_vol_ask,0.5,pct,0.0,100.0,100.0,3,3,https://www.chinamoney.com.cn/chinese/bkcurvfqq/
2026-09-03,10:00,options,USD.CNY,25D RR,3Y,implied_vol_bid,-0.5,pct,0.0,100.0,100.0,3,3,https://www.chinamoney.com.cn/chinese/bkcurvfqq/
2026-09-03,10:00,options,USD.CNY,25D RR,3Y,implied_vol_mid,0.0,pct,0.0,100.0,100.0,3,3,https://www.chinamoney.com.cn/chinese/bkcurvfqq/
2026-09-03,10:00,options,USD.CNY,25D RR,6M,implied_vol_ask,0.015,pct,-0.01,66.7,66.7,3,3,https://www.chinamoney.com.cn/chinese/bkcurvfqq/
2026-09-03,10:00,options,USD.CNY,25D RR,6M,implied_vol_bid,0.015,pct,-0.01,66.7,66.7,3,3,https://www.chinamoney.com.cn/chinese/bkcurvfqq/
2026-09-03,10:00,options,USD.CNY,25D RR,6M,implied_vol_mid,0.015,pct,-0.01,66.7,66.7,3,3,https://www.chinamoney.com.cn/chinese/bkcurvfqq/
2026-09-03,10:00,options,USD.CNY,25D RR,9M,implied_vol_ask,0.38,pct,0.33,100.0,100.0,3,3,https://www.chinamoney.com.cn/chinese/bkcurvfqq/
2026-09-03,10:00,options,USD.CNY,25D RR,9M,implied_vol_bid,-0.35,pct,-0.35,33.3,33.3,3,3,https://www.chinamoney.com.cn/chinese/bkcurvfqq/
2026-09-03,10:00,options,USD.CNY,25D RR,9M,implied_vol_mid,0.015,pct,-0.01,66.7,66.7,3,3,https://www.chinamoney.com.cn/chinese/bkcurvfqq/
2026-09-03,10:00,options,USD.CNY,ATM,18M,implied_vol_ask,3.4,pct,0.0,100.0,100.0,3,3,https://www.chinamoney.com.cn/chinese/bkcurvfqq/
2026-09-03,10:00,options,USD.CNY,ATM,18M,implied_vol_bid,3.0,pct,0.0,100.0,100.0,3,3,https://www.chinamoney.com.cn/chinese/bkcurvfqq/
2026-09-03,10:00,options,USD.CNY,ATM,18M,implied_vol_mid,3.2,pct,0.0,100.0,100.0,3,3,https://www.chinamoney.com.cn/chinese/bkcurvfqq/
2026-09-03,10:00,options,USD.CNY,ATM,1D,implied_vol_ask,1.3,pct,0.0,66.7,66.7,3,3,https://www.chinamoney.com.cn/chinese/bkcurvfqq/
2026-09-03,10:00,options,USD.CNY,ATM,1D,implied_vol_bid,1.3,pct,0.0,66.7,66.7,3,3,https://www.chinamoney.com.cn/chinese/bkcurvfqq/
2026-09-03,10:00,options,USD.CNY,ATM,1D,implied_vol_mid,1.3,pct,0.0,66.7,66.7,3,3,https://www.chinamoney.com.cn/chinese/bkcurvfqq/
2026-09-03,10:00,options,USD.CNY,ATM,1M,implied_vol_ask,1.475,pct,-0.025,33.3,33.3,3,3,https://www.chinamoney.com.cn/chinese/bkcurvfqq/
2026-09-03,10:00,options,USD.CNY,ATM,1M,implied_vol_bid,1.475,pct,-0.025,33.3,33.3,3,3,https://www.chinamoney.com.cn/chinese/bkcurvfqq/
2026-09-03,10:00,options,USD.CNY,ATM,1M,implied_vol_mid,1.475,pct,-0.025,33.3,33.3,3,3,https://www.chinamoney.com.cn/chinese/bkcurvfqq/
2026-09-03,10:00,options,USD.CNY,ATM,1W,implied_vol_ask,1.2697,pct,-0.0121,66.7,66.7,3,3,https://www.chinamoney.com.cn/chinese/bkcurvfqq/
2026-09-03,10:00,options,USD.CNY,ATM,1W,implied_vol_bid,1.2697,pct,-0.0121,66.7,66.7,3,3,https://www.chinamoney.com.cn/chinese/bkcurvfqq/
2026-09-03,10:00,options,USD.CNY,ATM,1W,implied_vol_mid,1.2697,pct,-0.0121,66.7,66.7,3,3,https://www.chinamoney.com.cn/chinese/bkcurvfqq/
2026-09-03,10:00,options,USD.CNY,ATM,1Y,implied_vol_ask,3.0279,pct,-0.0071,33.3,33.3,3,3,https://www.chinamoney.com.cn/chinese/bkcurvfqq/
2026-09-03,10:00,options,USD.CNY,ATM,1Y,implied_vol_bid,3.0279,pct,-0.0021,66.7,66.7,3,3,https://www.chinamoney.com.cn/chinese/bkcurvfqq/
2026-09-03,10:00,options,USD.CNY,ATM,1Y,implied_vol_mid,3.0279,pct,-0.006,33.3,33.3,3,3,https://www.chinamoney.com.cn/chinese/bkcurvfqq/
2026-09-03,10:00,options,USD.CNY,ATM,2M,implied_vol_ask,2.1,pct,0.3125,100.0,100.0,3,3,https://www.chinamoney.com.cn/chinese/bkcurvfqq/
2026-09-03,10:00,options,USD.CNY,ATM,2M,implied_vol_bid,1.6,pct,-0.1875,66.7,66.7,3,3,https://www.chinamoney.com.cn/chinese/bkcurvfqq/
2026-09-03,10:00,options,USD.CNY,ATM,2M,implied_vol_mid,1.85,pct,0.0625,100.0,100.0,3,3,https://www.chinamoney.com.cn/chinese/bkcurvfqq/
2026-09-03,10:00,options,USD.CNY,ATM,2W,implied_vol_ask,1.4875,pct,0.1645,100.0,100.0,3,3,https://www.chinamoney.com.cn/chinese/bkcurvfqq/
2026-09-03,10:00,options,USD.CNY,ATM,2W,implied_vol_bid,1.4875,pct,0.1645,100.0,100.0,3,3,https://www.chinamoney.com.cn/chinese/bkcurvfqq/
2026-09-03,10:00,options,USD.CNY,ATM,2W,implied_vol_mid,1.4875,pct,0.1645,100.0,100.0,3,3,https://www.chinamoney.com.cn/chinese/bkcurvfqq/
2026-09-03,10:00,options,USD.CNY,ATM,2Y,implied_vol_ask,3.6,pct,0.0,100.0,100.0,3,3,https://www.chinamoney.com.cn/chinese/bkcurvfqq/
2026-09-03,10:00,options,USD.CNY,ATM,2Y,implied_vol_bid,3.15,pct,0.0,100.0,100.0,3,3,https://www.chinamoney.com.cn/chinese/bkcurvfqq/
2026-09-03,10:00,options,USD.CNY,ATM,2Y,implied_vol_mid,3.375,pct,0.0,100.0,100.0,3,3,https://www.chinamoney.com.cn/chinese/bkcurvfqq/
2026-09-03,10:00,options,USD.CNY,ATM,3M,implied_vol_ask,2.0375,pct,0.0,66.7,66.7,3,3,https://www.chinamoney.com.cn/chinese/bkcurvfqq/
2026-09-03,10:00,options,USD.CNY,ATM,3M,implied_vol_bid,2.0375,pct,0.0,100.0,100.0,3,3,https://www.chinamoney.com.cn/chinese/bkcurvfqq/
2026-09-03,10:00,options,USD.CNY,ATM,3M,implied_vol_mid,2.0375,pct,0.0,66.7,66.7,3,3,https://www.chinamoney.com.cn/chinese/bkcurvfqq/
2026-09-03,10:00,options,USD.CNY,ATM,3W,implied_vol_ask,1.45,pct,0.05,100.0,100.0,3,3,https://www.chinamoney.com.cn/chinese/bkcurvfqq/
2026-09-03,10:00,options,USD.CNY,ATM,3W,implied_vol_bid,1.45,pct,0.05,100.0,100.0,3,3,https://www.chinamoney.com.cn/chinese/bkcurvfqq/
2026-09-03,10:00,options,USD.CNY,ATM,3W,implied_vol_mid,1.45,pct,0.05,100.0,100.0,3,3,https://www.chinamoney.com.cn/chinese/bkcurvfqq/
2026-09-03,10:00,options,USD.CNY,ATM,3Y,implied_vol_ask,3.8,pct,0.0,100.0,100.0,3,3,https://www.chinamoney.com.cn/chinese/bkcurvfqq/
2026-09-03,10:00,options,USD.CNY,ATM,3Y,implied_vol_bid,3.25,pct,0.0,100.0,100.0,3,3,https://www.chinamoney.com.cn/chinese/bkcurvfqq/
2026-09-03,10:00,options,USD.CNY,ATM,3Y,implied_vol_mid,3.525,pct,0.0,100.0,100.0,3,3,https://www.chinamoney.com.cn/chinese/bkcurvfqq/
2026-09-03,10:00,options,USD.CNY,ATM,6M,implied_vol_ask,2.5,pct,-0.0075,33.3,33.3,3,3,https://www.chinamoney.com.cn/chinese/bkcurvfqq/
2026-09-03,10:00,options,USD.CNY,ATM,6M,implied_vol_bid,2.5,pct,-0.0075,33.3,33.3,3,3,https://www.chinamoney.com.cn/chinese/bkcurvfqq/
2026-09-03,10:00,options,USD.CNY,ATM,6M,implied_vol_mid,2.5,pct,-0.0075,33.3,33.3,3,3,https://www.chinamoney.com.cn/chinese/bkcurvfqq/
2026-09-03,10:00,options,USD.CNY,ATM,9M,implied_vol_ask,3.03,pct,0.18,100.0,100.0,3,3,https://www.chinamoney.com.cn/chinese/bkcurvfqq/
2026-09-03,10:00,options,USD.CNY,ATM,9M,implied_vol_bid,2.6,pct,-0.18,33.3,33.3,3,3,https://www.chinamoney.com.cn/chinese/bkcurvfqq/
2026-09-03,10:00,options,USD.CNY,ATM,9M,implied_vol_mid,2.8057,pct,-0.0093,33.3,33.3,3,3,https://www.chinamoney.com.cn/chinese/bkcurvfqq/
2026-09-03,14:00,reference_rate,USD/CNY,,,reference_rate_14,6.7182,rate,-0.0034,16.7,16.7,6,6,https://www.chinamoney.com.cn/ags/ms/cm-u-bk-fx/RefRateHis
2026-09-03,16:30,swaps,USD.CNY,,18M,forward_all_in,6.4381,rate,-0.0024,20.0,20.0,5,5,https://www.chinamoney.com.cn/chinese/bkcurvfsw/
2026-09-03,16:30,swaps,USD.CNY,,18M,swap_points,-2800.0,pips,15.0,40.0,40.0,5,5,https://www.chinamoney.com.cn/chinese/bkcurvfsw/
2026-09-03,16:30,swaps,USD.CNY,,1M,forward_all_in,6.7042,rate,-0.002,60.0,60.0,5,5,https://www.chinamoney.com.cn/chinese/bkcurvfsw/
2026-09-03,16:30,swaps,USD.CNY,,1M,swap_points,-138.2,pips,18.9,100.0,100.0,5,5,https://www.chinamoney.com.cn/chinese/bkcurvfsw/
2026-09-03,16:30,swaps,USD.CNY,,1W,forward_all_in,6.7149,rate,-0.0039,20.0,20.0,5,5,https://www.chinamoney.com.cn/chinese/bkcurvfsw/
2026-09-03,16:30,swaps,USD.CNY,,1W,swap_points,-31.24,pips,0.16,100.0,100.0,5,5,https://www.chinamoney.com.cn/chinese/bkcurvfsw/
2026-09-03,16:30,swaps,USD.CNY,,1Y,forward_all_in,6.534,rate,-0.0014,20.0,20.0,5,5,https://www.chinamoney.com.cn/chinese/bkcurvfsw/
2026-09-03,16:30,swaps,USD.CNY,,1Y,swap_points,-1841.0,pips,25.0,40.0,40.0,5,5,https://www.chinamoney.com.cn/chinese/bkcurvfsw/
2026-09-03,16:30,swaps,USD.CNY,,2M,forward_all_in,6.6892,rate,-0.0042,20.0,20.0,5,5,https://www.chinamoney.com.cn/chinese/bkcurvfsw/
2026-09-03,16:30,swaps,USD.CNY,,2M,swap_points,-289.0,pips,-3.0,20.0,20.0,5,5,https://www.chinamoney.com.cn/chinese/bkcurvfsw/
2026-09-03,16:30,swaps,USD.CNY,,2W,forward_all_in,6.7118,rate,-0.0039,20.0,20.0,5,5,https://www.chinamoney.com.cn/chinese/bkcurvfsw/
2026-09-03,16:30,swaps,USD.CNY,,2W,swap_points,-62.9,pips,-0.2,60.0,60.0,5,5,https://www.chinamoney.com.cn/chinese/bkcurvfsw/
2026-09-03,16:30,swaps,USD.CNY,,2Y,forward_all_in,6.3451,rate,-0.0009,20.0,20.0,5,5,https://www.chinamoney.com.cn/chinese/bkcurvfsw/
2026-09-03,16:30,swaps,USD.CNY,,2Y,swap_points,-3730.0,pips,30.0,40.0,40.0,5,5,https://www.chinamoney.com.cn/chinese/bkcurvfsw/
2026-09-03,16:30,swaps,USD.CNY,,3M,forward_all_in,6.6753,rate,-0.0038,20.0,20.0,5,5,https://www.chinamoney.com.cn/chinese/bkcurvfsw/
2026-09-03,16:30,swaps,USD.CNY,,3M,swap_points,-427.2,pips,1.3,60.0,60.0,5,5,https://www.chinamoney.com.cn/chinese/bkcurvfsw/
2026-09-03,16:30,swaps,USD.CNY,,3W,forward_all_in,6.7085,rate,-0.0026,20.0,20.0,5,5,https://www.chinamoney.com.cn/chinese/bkcurvfsw/
2026-09-03,16:30,swaps,USD.CNY,,3W,swap_points,-95.5,pips,13.5,80.0,80.0,5,5,https://www.chinamoney.com.cn/chinese/bkcurvfsw/
2026-09-03,16:30,swaps,USD.CNY,,3Y,forward_all_in,6.1646,rate,-0.0029,20.0,20.0,5,5,https://www.chinamoney.com.cn/chinese/bkcurvfsw/
2026-09-03,16:30,swaps,USD.CNY,,3Y,swap_points,-5535.0,pips,10.0,40.0,40.0,5,5,https://www.chinamoney.com.cn/chinese/bkcurvfsw/
2026-09-03,16:30,swaps,USD.CNY,,4M,forward_all_in,6.6599,rate,-0.0036,20.0,20.0,5,5,https://www.chinamoney.com.cn/chinese/bkcurvfsw/
2026-09-03,16:30,swaps,USD.CNY,,4M,swap_points,-582.0,pips,3.0,100.0,100.0,5,5,https://www.chinamoney.com.cn/chinese/bkcurvfsw/
2026-09-03,16:30,swaps,USD.CNY,,4Y,forward_all_in,5.9831,rate,-0.0039,20.0,20.0,5,5,https://www.chinamoney.com.cn/chinese/bkcurvfsw/
2026-09-03,16:30,swaps,USD.CNY,,4Y,swap_points,-7350.0,pips,0.0,40.0,40.0,5,5,https://www.chinamoney.com.cn/chinese/bkcurvfsw/
2026-09-03,16:30,swaps,USD.CNY,,5M,forward_all_in,6.6407,rate,-0.0074,20.0,20.0,5,5,https://www.chinamoney.com.cn/chinese/bkcurvfsw/
2026-09-03,16:30,swaps,USD.CNY,,5M,swap_points,-773.75,pips,-35.25,20.0,20.0,5,5,https://www.chinamoney.com.cn/chinese/bkcurvfsw/
2026-09-03,16:30,swaps,USD.CNY,,5Y,forward_all_in,5.8081,rate,-0.0039,20.0,20.0,5,5,https://www.chinamoney.com.cn/chinese/bkcurvfsw/
2026-09-03,16:30,swaps,USD.CNY,,5Y,swap_points,-9100.0,pips,0.0,40.0,40.0,5,5,https://www.chinamoney.com.cn/chinese/bkcurvfsw/
2026-09-03,16:30,swaps,USD.CNY,,6M,forward_all_in,6.6305,rate,-0.0034,20.0,20.0,5,5,https://www.chinamoney.com.cn/chinese/bkcurvfsw/
2026-09-03,16:30,swaps,USD.CNY,,6M,swap_points,-876.0,pips,5.0,60.0,60.0,5,5,https://www.chinamoney.com.cn/chinese/bkcurvfsw/
2026-09-03,16:30,swaps,USD.CNY,,9M,forward_all_in,6.5828,rate,-0.0032,20.0,20.0,5,5,https://www.chinamoney.com.cn/chinese/bkcurvfsw/
2026-09-03,16:30,swaps,USD.CNY,,9M,swap_points,-1353.0,pips,7.0,40.0,40.0,5,5,https://www.chinamoney.com.cn/chinese/bkcurvfsw/
2026-09-03,16:30,swaps,USD.CNY,,ON,forward_all_in,6.7202,rate,-0.0026,20.0,20.0,5,5,https://www.chinamoney.com.cn/chinese/bkcurvfsw/
2026-09-03,16:30,swaps,USD.CNY,,ON,swap_points,-4.49,pips,-0.19,40.0,40.0,5,5,https://www.chinamoney.com.cn/chinese/bkcurvfsw/
2026-09-03,16:30,swaps,USD.CNY,,SN,forward_all_in,6.7176,rate,-0.0026,20.0,20.0,5,5,https://www.chinamoney.com.cn/chinese/bkcurvfsw/
2026-09-03,16:30,swaps,USD.CNY,,SN,swap_points,-4.41,pips,13.34,80.0,80.0,5,5,https://www.chinamoney.com.cn/chinese/bkcurvfsw/
2026-09-03,16:30,swaps,USD.CNY,,TN,forward_all_in,6.7198,rate,-0.0026,20.0,20.0,5,5,https://www.chinamoney.com.cn/chinese/bkcurvfsw/
2026-09-03,16:30,swaps,USD.CNY,,TN,swap_points,-17.4,pips,-13.0,20.0,20.0,5,5,https://www.chinamoney.com.cn/chinese/bkcurvfsw/
2026-09-04,09:15,fixing,USD/CNY,,,fixing,6.7787,rate,-0.002,16.7,16.7,6,6,https://www.chinamoney.com.cn/chinese/bkccpr/
2026-09-04,,implied_rates,USD,,18M,implied_usd_rate,4.2467,pct,-0.0301,50.0,50.0,6,6,https://www.chinamoney.com.cn/chinese/bkcurvuir/
2026-09-04,,implied_rates,USD,,1D,implied_usd_rate,3.7288,pct,-0.04,16.7,16.7,6,6,https://www.chinamoney.com.cn/chinese/bkcurvuir/
2026-09-04,,implied_rates,USD,,1M,implied_usd_rate,3.8889,pct,-0.0439,16.7,16.7,6,6,https://www.chinamoney.com.cn/chinese/bkcurvuir/
2026-09-04,,implied_rates,USD,,1W,implied_usd_rate,3.7935,pct,-0.0243,16.7,16.7,6,6,https://www.chinamoney.com.cn/chinese/bkcurvuir/
2026-09-04,,implied_rates,USD,,1Y,implied_usd_rate,4.189,pct,-0.0252,50.0,50.0,6,6,https://www.chinamoney.com.cn/chinese/bkcurvuir/
2026-09-04,,implied_rates,USD,,2M,implied_usd_rate,3.9488,pct,-0.0154,42.9,42.9,7,7,https://www.chinamoney.com.cn/chinese/bkcurvuir/
2026-09-04,,implied_rates,USD,,2W,implied_usd_rate,3.8314,pct,-0.0211,16.7,16.7,6,6,https://www.chinamoney.com.cn/chinese/bkcurvuir/
2026-09-04,,implied_rates,USD,,2Y,implied_usd_rate,4.2654,pct,-0.0226,50.0,50.0,6,6,https://www.chinamoney.com.cn/chinese/bkcurvuir/
2026-09-04,,implied_rates,USD,,3M,implied_usd_rate,3.9688,pct,-0.0165,33.3,33.3,6,6,https://www.chinamoney.com.cn/chinese/bkcurvuir/
2026-09-04,,implied_rates,USD,,3W,implied_usd_rate,3.877,pct,-0.0154,33.3,33.3,6,6,https://www.chinamoney.com.cn/chinese/bkcurvuir/
2026-09-04,,implied_rates,USD,,3Y,implied_usd_rate,4.3015,pct,-0.0051,66.7,66.7,6,6,https://www.chinamoney.com.cn/chinese/bkcurvuir/
2026-09-04,,implied_rates,USD,,6M,implied_usd_rate,4.0638,pct,-0.0186,33.3,33.3,6,6,https://www.chinamoney.com.cn/chinese/bkcurvuir/
2026-09-04,,implied_rates,USD,,9M,implied_usd_rate,4.1295,pct,-0.0262,33.3,33.3,6,6,https://www.chinamoney.com.cn/chinese/bkcurvuir/
2026-09-04,10:00,options,USD.CNY,10D BF,18M,implied_vol_ask,0.75,pct,0.0,100.0,100.0,4,4,https://www.chinamoney.com.cn/chinese/bkcurvfqq/
2026-09-04,10:00,options,USD.CNY,10D BF,18M,implied_vol_bid,0.35,pct,0.0,100.0,100.0,4,4,https://www.chinamoney.com.cn/chinese/bkcurvfqq/
2026-09-04,10:00,options,USD.CNY,10D BF,18M,implied_vol_mid,0.55,pct,0.0,100.0,100.0,4,4,https://www.chinamoney.com.cn/chinese/bkcurvfqq/
2026-09-04,10:00,options,USD.CNY,10D BF,1D,implied_vol_ask,0.15,pct,0.0,100.0,100.0,4,4,https://www.chinamoney.com.cn/chinese/bkcurvfqq/
2026-09-04,10:00,options,USD.CNY,10D BF,1D,implied_vol_bid,0.15,pct,0.0,100.0,100.0,4,4,https://www.chinamoney.com.cn/chinese/bkcurvfqq/
2026-09-04,10:00,options,USD.CNY,10D BF,1D,implied_vol_mid,0.15,pct,0.0,100.0,100.0,4,4,https://www.chinamoney.com.cn/chinese/bkcurvfqq/
2026-09-04,10:00,options,USD.CNY,10D BF,1M,implied_vol_ask,0.1,pct,0.0,100.0,100.0,4,4,https://www.chinamoney.com.cn/chinese/bkcurvfqq/
2026-09-04,10:00,options,USD.CNY,10D BF,1M,implied_vol_bid,0.1,pct,0.0,100.0,100.0,4,4,https://www.chinamoney.com.cn/chinese/bkcurvfqq/
2026-09-04,10:00,options,USD.CNY,10D BF,1M,implied_vol_mid,0.1,pct,0.0,100.0,100.0,4,4,https://www.chinamoney.com.cn/chinese/bkcurvfqq/
2026-09-04,10:00,options,USD.CNY,10D BF,1W,implied_vol_ask,0.2,pct,0.1,100.0,100.0,4,4,https://www.chinamoney.com.cn/chinese/bkcurvfqq/
2026-09-04,10:00,options,USD.CNY,10D BF,1W,implied_vol_bid,0.0,pct,-0.1,25.0,25.0,4,4,https://www.chinamoney.com.cn/chinese/bkcurvfqq/
2026-09-04,10:00,options,USD.CNY,10D BF,1W,implied_vol_mid,0.1,pct,0.0,100.0,100.0,4,4,https://www.chinamoney.com.cn/chinese/bkcurvfqq/
2026-09-04,10:00,options,USD.CNY,10D BF,1Y,implied_vol_ask,0.76,pct,0.23,100.0,100.0,4,4,https://www.chinamoney.com.cn/chinese/bkcurvfqq/
2026-09-04,10:00,options,USD.CNY,10D BF,1Y,implied_vol_bid,0.3,pct,-0.23,75.0,75.0,4,4,https://www.chinamoney.com.cn/chinese/bkcurvfqq/
2026-09-04,10:00,options,USD.CNY,10D BF,1Y,implied_vol_mid,0.53,pct,0.0,100.0,100.0,4,4,https://www.chinamoney.com.cn/chinese/bkcurvfqq/
2026-09-04,10:00,options,USD.CNY,10D BF,2M,implied_vol_ask,0.22,pct,-0.18,50.0,50.0,4,4,https://www.chinamoney.com.cn/chinese/bkcurvfqq/
2026-09-04,10:00,options,USD.CNY,10D BF,2M,implied_vol_bid,0.22,pct,0.18,100.0,100.0,4,4,https://www.chinamoney.com.cn/chinese/bkcurvfqq/
2026-09-04,10:00,options,USD.CNY,10D BF,2M,implied_vol_mid,0.22,pct,0.0,100.0,100.0,4,4,https://www.chinamoney.com.cn/chinese/bkcurvfqq/
2026-09-04,10:00,options,USD.CNY,10D BF,2W,implied_vol_ask,0.1,pct,0.0,100.0,100.0,4,4,https://www.chinamoney.com.cn/chinese/bkcurvfqq/
2026-09-04,10:00,options,USD.CNY,10D BF,2W,implied_vol_bid,0.1,pct,0.0,100.0,100.0,4,4,https://www.chinamoney.com.cn/chinese/bkcurvfqq/
2026-09-04,10:00,options,USD.CNY,10D BF,2W,implied_vol_mid,0.1,pct,0.0,100.0,100.0,4,4,https://www.chinamoney.com.cn/chinese/bkcurvfqq/
2026-09-04,10:00,options,USD.CNY,10D BF,2Y,implied_vol_ask,0.75,pct,0.0,100.0,100.0,4,4,https://www.chinamoney.com.cn/chinese/bkcurvfqq/
2026-09-04,10:00,options,USD.CNY,10D BF,2Y,implied_vol_bid,0.35,pct,0.0,100.0,100.0,4,4,https://www.chinamoney.com.cn/chinese/bkcurvfqq/
2026-09-04,10:00,options,USD.CNY,10D BF,2Y,implied_vol_mid,0.55,pct,0.0,100.0,100.0,4,4,https://www.chinamoney.com.cn/chinese/bkcurvfqq/
2026-09-04,10:00,options,USD.CNY,10D BF,3M,implied_vol_ask,0.325,pct,0.0,75.0,75.0,4,4,https://www.chinamoney.com.cn/chinese/bkcurvfqq/
2026-09-04,10:00,options,USD.CNY,10D BF,3M,implied_vol_bid,0.325,pct,0.0,100.0,100.0,4,4,https://www.chinamoney.com.cn/chinese/bkcurvfqq/
2026-09-04,10:00,options,USD.CNY,10D BF,3M,implied_vol_mid,0.325,pct,0.0,100.0,100.0,4,4,https://www.chinamoney.com.cn/chinese/bkcurvfqq/
2026-09-04,10:00,options,USD.CNY,10D BF,3W,implied_vol_ask,0.2,pct,0.1,100.0,100.0,4,4,https://www.chinamoney.com.cn/chinese/bkcurvfqq/
2026-09-04,10:00,options,USD.CNY,10D BF,3W,implied_vol_bid,0.0,pct,-0.1,25.0,25.0,4,4,https://www.chinamoney.com.cn/chinese/bkcurvfqq/
2026-09-04,10:00,options,USD.CNY,10D BF,3W,implied_vol_mid,0.1,pct,0.0,100.0,100.0,4,4,https://www.chinamoney.com.cn/chinese/bkcurvfqq/
2026-09-04,10:00,options,USD.CNY,10D BF,3Y,implied_vol_ask,0.8,pct,0.0,100.0,100.0,4,4,https://www.chinamoney.com.cn/chinese/bkcurvfqq/
2026-09-04,10:00,options,USD.CNY,10D BF,3Y,implied_vol_bid,0.4,pct,0.0,100.0,100.0,4,4,https://www.chinamoney.com.cn/chinese/bkcurvfqq/
2026-09-04,10:00,options,USD.CNY,10D BF,3Y,implied_vol_mid,0.6,pct,0.0,100.0,100.0,4,4,https://www.chinamoney.com.cn/chinese/bkcurvfqq/
2026-09-04,10:00,options,USD.CNY,10D BF,6M,implied_vol_ask,0.435,pct,0.0,100.0,100.0,4,4,https://www.chinamoney.com.cn/chinese/bkcurvfqq/
2026-09-04,10:00,options,USD.CNY,10D BF,6M,implied_vol_bid,0.435,pct,0.0,100.0,100.0,4,4,https://www.chinamoney.com.cn/chinese/bkcurvfqq/
2026-09-04,10:00,options,USD.CNY,10D BF,6M,implied_vol_mid,0.435,pct,0.0,100.0,100.0,4,4,https://www.chinamoney.com.cn/chinese/bkcurvfqq/
2026-09-04,10:00,options,USD.CNY,10D BF,9M,implied_vol_ask,0.73,pct,0.0,100.0,100.0,4,4,https://www.chinamoney.com.cn/chinese/bkcurvfqq/
2026-09-04,10:00,options,USD.CNY,10D BF,9M,implied_vol_bid,0.24,pct,0.0,75.0,75.0,4,4,https://www.chinamoney.com.cn/chinese/bkcurvfqq/
2026-09-04,10:00,options,USD.CNY,10D BF,9M,implied_vol_mid,0.485,pct,0.0,100.0,100.0,4,4,https://www.chinamoney.com.cn/chinese/bkcurvfqq/
2026-09-04,10:00,options,USD.CNY,25D BF,18M,implied_vol_ask,0.28,pct,0.0,100.0,100.0,4,4,https://www.chinamoney.com.cn/chinese/bkcurvfqq/
2026-09-04,10:00,options,USD.CNY,25D BF,18M,implied_vol_bid,0.1,pct,0.0,100.0,100.0,4,4,https://www.chinamoney.com.cn/chinese/bkcurvfqq/
2026-09-04,10:00,options,USD.CNY,25D BF,18M,implied_vol_mid,0.19,pct,0.0,100.0,100.0,4,4,https://www.chinamoney.com.cn/chinese/bkcurvfqq/
2026-09-04,10:00,options,USD.CNY,25D BF,1D,implied_vol_ask,0.1,pct,0.0,100.0,100.0,4,4,https://www.chinamoney.com.cn/chinese/bkcurvfqq/
2026-09-04,10:00,options,USD.CNY,25D BF,1D,implied_vol_bid,0.1,pct,0.0,100.0,100.0,4,4,https://www.chinamoney.com.cn/chinese/bkcurvfqq/
2026-09-04,10:00,options,USD.CNY,25D BF,1D,implied_vol_mid,0.1,pct,0.0,100.0,100.0,4,4,https://www.chinamoney.com.cn/chinese/bkcurvfqq/
2026-09-04,10:00,options,USD.CNY,25D BF,1M,implied_vol_ask,0.065,pct,0.0,50.0,50.0,4,4,https://www.chinamoney.com.cn/chinese/bkcurvfqq/
2026-09-04,10:00,options,USD.CNY,25D BF,1M,implied_vol_bid,0.065,pct,0.0,50.0,50.0,4,4,https://www.chinamoney.com.cn/chinese/bkcurvfqq/
2026-09-04,10:00,options,USD.CNY,25D BF,1M,implied_vol_mid,0.065,pct,0.0,50.0,50.0,4,4,https://www.chinamoney.com.cn/chinese/bkcurvfqq/
2026-09-04,10:00,options,USD.CNY,25D BF,1W,implied_vol_ask,0.1,pct,0.05,100.0,100.0,4,4,https://www.chinamoney.com.cn/chinese/bkcurvfqq/
2026-09-04,10:00,options,USD.CNY,25D BF,1W,implied_vol_bid,0.0,pct,-0.05,25.0,25.0,4,4,https://www.chinamoney.com.cn/chinese/bkcurvfqq/
2026-09-04,10:00,options,USD.CNY,25D BF,1W,implied_vol_mid,0.05,pct,0.0,75.0,75.0,4,4,https://www.chinamoney.com.cn/chinese/bkcurvfqq/
2026-09-04,10:00,options,USD.CNY,25D BF,1Y,implied_vol_ask,0.28,pct,0.105,100.0,100.0,4,4,https://www.chinamoney.com.cn/chinese/bkcurvfqq/
2026-09-04,10:00,options,USD.CNY,25D BF,1Y,implied_vol_bid,0.07,pct,-0.105,75.0,75.0,4,4,https://www.chinamoney.com.cn/chinese/bkcurvfqq/
2026-09-04,10:00,options,USD.CNY,25D BF,1Y,implied_vol_mid,0.175,pct,0.0,100.0,100.0,4,4,https://www.chinamoney.com.cn/chinese/bkcurvfqq/
2026-09-04,10:00,options,USD.CNY,25D BF,2M,implied_vol_ask,0.085,pct,-0.085,50.0,50.0,4,4,https://www.chinamoney.com.cn/chinese/bkcurvfqq/
2026-09-04,10:00,options,USD.CNY,25D BF,2M,implied_vol_bid,0.085,pct,0.085,100.0,100.0,4,4,https://www.chinamoney.com.cn/chinese/bkcurvfqq/
2026-09-04,10:00,options,USD.CNY,25D BF,2M,implied_vol_mid,0.085,pct,0.0,100.0,100.0,4,4,https://www.chinamoney.com.cn/chinese/bkcurvfqq/
2026-09-04,10:00,options,USD.CNY,25D BF,2W,implied_vol_ask,0.05,pct,-0.025,50.0,50.0,4,4,https://www.chinamoney.com.cn/chinese/bkcurvfqq/
2026-09-04,10:00,options,USD.CNY,25D BF,2W,implied_vol_bid,0.05,pct,-0.025,50.0,50.0,4,4,https://www.chinamoney.com.cn/chinese/bkcurvfqq/
2026-09-04,10:00,options,USD.CNY,25D BF,2W,implied_vol_mid,0.05,pct,-0.025,50.0,50.0,4,4,https://www.chinamoney.com.cn/chinese/bkcurvfqq/
2026-09-04,10:00,options,USD.CNY,25D BF,2Y,implied_vol_ask,0.32,pct,0.0,100.0,100.0,4,4,https://www.chinamoney.com.cn/chinese/bkcurvfqq/
2026-09-04,10:00,options,USD.CNY,25D BF,2Y,implied_vol_bid,0.1,pct,0.0,100.0,100.0,4,4,https://www.chinamoney.com.cn/chinese/bkcurvfqq/
2026-09-04,10:00,options,USD.CNY,25D BF,2Y,implied_vol_mid,0.21,pct,0.0,100.0,100.0,4,4,https://www.chinamoney.com.cn/chinese/bkcurvfqq/
2026-09-04,10:00,options,USD.CNY,25D BF,3M,implied_vol_ask,0.09,pct,0.0,75.0,75.0,4,4,https://www.chinamoney.com.cn/chinese/bkcurvfqq/
2026-09-04,10:00,options,USD.CNY,25D BF,3M,implied_vol_bid,0.09,pct,0.0,100.0,100.0,4,4,https://www.chinamoney.com.cn/chinese/bkcurvfqq/
2026-09-04,10:00,options,USD.CNY,25D BF,3M,implied_vol_mid,0.09,pct,0.0,75.0,75.0,4,4,https://www.chinamoney.com.cn/chinese/bkcurvfqq/
2026-09-04,10:00,options,USD.CNY,25D BF,3W,implied_vol_ask,0.1,pct,0.0325,100.0,100.0,4,4,https://www.chinamoney.com.cn/chinese/bkcurvfqq/
2026-09-04,10:00,options,USD.CNY,25D BF,3W,implied_vol_bid,0.0,pct,-0.0675,25.0,25.0,4,4,https://www.chinamoney.com.cn/chinese/bkcurvfqq/
2026-09-04,10:00,options,USD.CNY,25D BF,3W,implied_vol_mid,0.07,pct,0.0025,75.0,75.0,4,4,https://www.chinamoney.com.cn/chinese/bkcurvfqq/
2026-09-04,10:00,options,USD.CNY,25D BF,3Y,implied_vol_ask,0.35,pct,0.0,100.0,100.0,4,4,https://www.chinamoney.com.cn/chinese/bkcurvfqq/
2026-09-04,10:00,options,USD.CNY,25D BF,3Y,implied_vol_bid,0.1,pct,0.0,100.0,100.0,4,4,https://www.chinamoney.com.cn/chinese/bkcurvfqq/
2026-09-04,10:00,options,USD.CNY,25D BF,3Y,implied_vol_mid,0.225,pct,0.0,100.0,100.0,4,4,https://www.chinamoney.com.cn/chinese/bkcurvfqq/
2026-09-04,10:00,options,USD.CNY,25D BF,6M,implied_vol_ask,0.135,pct,-0.0025,50.0,50.0,4,4,https://www.chinamoney.com.cn/chinese/bkcurvfqq/
2026-09-04,10:00,options,USD.CNY,25D BF,6M,implied_vol_bid,0.135,pct,-0.0025,50.0,50.0,4,4,https://www.chinamoney.com.cn/chinese/bkcurvfqq/
2026-09-04,10:00,options,USD.CNY,25D BF,6M,implied_vol_mid,0.135,pct,-0.0025,50.0,50.0,4,4,https://www.chinamoney.com.cn/chinese/bkcurvfqq/
2026-09-04,10:00,options,USD.CNY,25D BF,9M,implied_vol_ask,0.26,pct,0.0,100.0,100.0,4,4,https://www.chinamoney.com.cn/chinese/bkcurvfqq/
2026-09-04,10:00,options,USD.CNY,25D BF,9M,implied_vol_bid,0.07,pct,0.0,75.0,75.0,4,4,https://www.chinamoney.com.cn/chinese/bkcurvfqq/
2026-09-04,10:00,options,USD.CNY,25D BF,9M,implied_vol_mid,0.165,pct,0.001,100.0,100.0,4,4,https://www.chinamoney.com.cn/chinese/bkcurvfqq/
2026-09-04,10:00,options,USD.CNY,25D RR,18M,implied_vol_ask,0.5,pct,0.0,100.0,100.0,4,4,https://www.chinamoney.com.cn/chinese/bkcurvfqq/
2026-09-04,10:00,options,USD.CNY,25D RR,18M,implied_vol_bid,-0.5,pct,0.0,100.0,100.0,4,4,https://www.chinamoney.com.cn/chinese/bkcurvfqq/
2026-09-04,10:00,options,USD.CNY,25D RR,18M,implied_vol_mid,0.0,pct,0.0,100.0,100.0,4,4,https://www.chinamoney.com.cn/chinese/bkcurvfqq/
2026-09-04,10:00,options,USD.CNY,25D RR,1D,implied_vol_ask,-0.05,pct,-0.05,25.0,25.0,4,4,https://www.chinamoney.com.cn/chinese/bkcurvfqq/
2026-09-04,10:00,options,USD.CNY,25D RR,1D,implied_vol_bid,-0.05,pct,-0.05,25.0,25.0,4,4,https://www.chinamoney.com.cn/chinese/bkcurvfqq/
2026-09-04,10:00,options,USD.CNY,25D RR,1D,implied_vol_mid,-0.05,pct,-0.05,25.0,25.0,4,4,https://www.chinamoney.com.cn/chinese/bkcurvfqq/
2026-09-04,10:00,options,USD.CNY,25D RR,1M,implied_vol_ask,0.0,pct,-0.015,75.0,75.0,4,4,https://www.chinamoney.com.cn/chinese/bkcurvfqq/
2026-09-04,10:00,options,USD.CNY,25D RR,1M,implied_vol_bid,0.0,pct,-0.015,75.0,75.0,4,4,https://www.chinamoney.com.cn/chinese/bkcurvfqq/
2026-09-04,10:00,options,USD.CNY,25D RR,1M,implied_vol_mid,0.0,pct,-0.015,75.0,75.0,4,4,https://www.chinamoney.com.cn/chinese/bkcurvfqq/
2026-09-04,10:00,options,USD.CNY,25D RR,1W,implied_vol_ask,0.4,pct,0.4,100.0,100.0,4,4,https://www.chinamoney.com.cn/chinese/bkcurvfqq/
2026-09-04,10:00,options,USD.CNY,25D RR,1W,implied_vol_bid,-0.5,pct,-0.5,25.0,25.0,4,4,https://www.chinamoney.com.cn/chinese/bkcurvfqq/
2026-09-04,10:00,options,USD.CNY,25D RR,1W,implied_vol_mid,-0.05,pct,-0.05,25.0,25.0,4,4,https://www.chinamoney.com.cn/chinese/bkcurvfqq/
2026-09-04,10:00,options,USD.CNY,25D RR,1Y,implied_vol_ask,0.025,pct,0.01,50.0,50.0,4,4,https://www.chinamoney.com.cn/chinese/bkcurvfqq/
2026-09-04,10:00,options,USD.CNY,25D RR,1Y,implied_vol_bid,-0.025,pct,-0.04,50.0,50.0,4,4,https://www.chinamoney.com.cn/chinese/bkcurvfqq/
2026-09-04,10:00,options,USD.CNY,25D RR,1Y,implied_vol_mid,0.0,pct,-0.015,50.0,50.0,4,4,https://www.chinamoney.com.cn/chinese/bkcurvfqq/
2026-09-04,10:00,options,USD.CNY,25D RR,2M,implied_vol_ask,-0.025,pct,-0.405,25.0,25.0,4,4,https://www.chinamoney.com.cn/chinese/bkcurvfqq/
2026-09-04,10:00,options,USD.CNY,25D RR,2M,implied_vol_bid,-0.025,pct,0.325,75.0,75.0,4,4,https://www.chinamoney.com.cn/chinese/bkcurvfqq/
2026-09-04,10:00,options,USD.CNY,25D RR,2M,implied_vol_mid,-0.025,pct,-0.04,25.0,25.0,4,4,https://www.chinamoney.com.cn/chinese/bkcurvfqq/
2026-09-04,10:00,options,USD.CNY,25D RR,2W,implied_vol_ask,-0.05,pct,-0.05,25.0,25.0,4,4,https://www.chinamoney.com.cn/chinese/bkcurvfqq/
2026-09-04,10:00,options,USD.CNY,25D RR,2W,implied_vol_bid,-0.05,pct,-0.05,25.0,25.0,4,4,https://www.chinamoney.com.cn/chinese/bkcurvfqq/
2026-09-04,10:00,options,USD.CNY,25D RR,2W,implied_vol_mid,-0.05,pct,-0.05,25.0,25.0,4,4,https://www.chinamoney.com.cn/chinese/bkcurvfqq/
2026-09-04,10:00,options,USD.CNY,25D RR,2Y,implied_vol_ask,0.5,pct,0.0,100.0,100.0,4,4,https://www.chinamoney.com.cn/chinese/bkcurvfqq/
2026-09-04,10:00,options,USD.CNY,25D RR,2Y,implied_vol_bid,-0.5,pct,0.0,100.0,100.0,4,4,https://www.chinamoney.com.cn/chinese/bkcurvfqq/
2026-09-04,10:00,options,USD.CNY,25D RR,2Y,implied_vol_mid,0.0,pct,0.0,100.0,100.0,4,4,https://www.chinamoney.com.cn/chinese/bkcurvfqq/
2026-09-04,10:00,options,USD.CNY,25D RR,3M,implied_vol_ask,0.0,pct,-0.015,25.0,25.0,4,4,https://www.chinamoney.com.cn/chinese/bkcurvfqq/
2026-09-04,10:00,options,USD.CNY,25D RR,3M,implied_vol_bid,0.0,pct,-0.015,50.0,50.0,4,4,https://www.chinamoney.com.cn/chinese/bkcurvfqq/
2026-09-04,10:00,options,USD.CNY,25D RR,3M,implied_vol_mid,0.0,pct,-0.015,50.0,50.0,4,4,https://www.chinamoney.com.cn/chinese/bkcurvfqq/
2026-09-04,10:00,options,USD.CNY,25D RR,3W,implied_vol_ask,0.4,pct,0.4,100.0,100.0,4,4,https://www.chinamoney.com.cn/chinese/bkcurvfqq/
2026-09-04,10:00,options,USD.CNY,25D RR,3W,implied_vol_bid,-0.5,pct,-0.5,25.0,25.0,4,4,https://www.chinamoney.com.cn/chinese/bkcurvfqq/
2026-09-04,10:00,options,USD.CNY,25D RR,3W,implied_vol_mid,-0.05,pct,-0.05,25.0,25.0,4,4,https://www.chinamoney.com.cn/chinese/bkcurvfqq/
2026-09-04,10:00,options,USD.CNY,25D RR,3Y,implied_vol_ask,0.5,pct,0.0,100.0,100.0,4,4,https://www.chinamoney.com.cn/chinese/bkcurvfqq/
2026-09-04,10:00,options,USD.CNY,25D RR,3Y,implied_vol_bid,-0.5,pct,0.0,100.0,100.0,4,4,https://www.chinamoney.com.cn/chinese/bkcurvfqq/
2026-09-04,10:00,options,USD.CNY,25D RR,3Y,implied_vol_mid,0.0,pct,0.0,100.0,100.0,4,4,https://www.chinamoney.com.cn/chinese/bkcurvfqq/
2026-09-04,10:00,options,USD.CNY,25D RR,6M,implied_vol_ask,-0.0031,pct,-0.0181,25.0,25.0,4,4,https://www.chinamoney.com.cn/chinese/bkcurvfqq/
2026-09-04,10:00,options,USD.CNY,25D RR,6M,implied_vol_bid,-0.0031,pct,-0.0181,25.0,25.0,4,4,https://www.chinamoney.com.cn/chinese/bkcurvfqq/
2026-09-04,10:00,options,USD.CNY,25D RR,6M,implied_vol_mid,-0.0031,pct,-0.0181,25.0,25.0,4,4,https://www.chinamoney.com.cn/chinese/bkcurvfqq/
2026-09-04,10:00,options,USD.CNY,25D RR,9M,implied_vol_ask,0.025,pct,-0.355,50.0,50.0,4,4,https://www.chinamoney.com.cn/chinese/bkcurvfqq/
2026-09-04,10:00,options,USD.CNY,25D RR,9M,implied_vol_bid,-0.025,pct,0.325,50.0,50.0,4,4,https://www.chinamoney.com.cn/chinese/bkcurvfqq/
2026-09-04,10:00,options,USD.CNY,25D RR,9M,implied_vol_mid,-0.025,pct,-0.04,25.0,25.0,4,4,https://www.chinamoney.com.cn/chinese/bkcurvfqq/
2026-09-04,10:00,options,USD.CNY,ATM,18M,implied_vol_ask,3.4,pct,0.0,100.0,100.0,4,4,https://www.chinamoney.com.cn/chinese/bkcurvfqq/
2026-09-04,10:00,options,USD.CNY,ATM,18M,implied_vol_bid,3.0,pct,0.0,100.0,100.0,4,4,https://www.chinamoney.com.cn/chinese/bkcurvfqq/
2026-09-04,10:00,options,USD.CNY,ATM,18M,implied_vol_mid,3.2,pct,0.0,100.0,100.0,4,4,https://www.chinamoney.com.cn/chinese/bkcurvfqq/
2026-09-04,10:00,options,USD.CNY,ATM,1D,implied_vol_ask,1.5,pct,0.2,100.0,100.0,4,4,https://www.chinamoney.com.cn/chinese/bkcurvfqq/
2026-09-04,10:00,options,USD.CNY,ATM,1D,implied_vol_bid,1.5,pct,0.2,100.0,100.0,4,4,https://www.chinamoney.com.cn/chinese/bkcurvfqq/
2026-09-04,10:00,options,USD.CNY,ATM,1D,implied_vol_mid,1.5,pct,0.2,100.0,100.0,4,4,https://www.chinamoney.com.cn/chinese/bkcurvfqq/
2026-09-04,10:00,options,USD.CNY,ATM,1M,implied_vol_ask,1.5624,pct,0.0874,100.0,100.0,4,4,https://www.chinamoney.com.cn/chinese/bkcurvfqq/
2026-09-04,10:00,options,USD.CNY,ATM,1M,implied_vol_bid,1.5624,pct,0.0874,100.0,100.0,4,4,https://www.chinamoney.com.cn/chinese/bkcurvfqq/
2026-09-04,10:00,options,USD.CNY,ATM,1M,implied_vol_mid,1.5624,pct,0.0874,100.0,100.0,4,4,https://www.chinamoney.com.cn/chinese/bkcurvfqq/
2026-09-04,10:00,options,USD.CNY,ATM,1W,implied_vol_ask,1.65,pct,0.3803,100.0,100.0,4,4,https://www.chinamoney.com.cn/chinese/bkcurvfqq/
2026-09-04,10:00,options,USD.CNY,ATM,1W,implied_vol_bid,1.25,pct,-0.0197,50.0,50.0,4,4,https://www.chinamoney.com.cn/chinese/bkcurvfqq/
2026-09-04,10:00,options,USD.CNY,ATM,1W,implied_vol_mid,1.45,pct,0.1803,100.0,100.0,4,4,https://www.chinamoney.com.cn/chinese/bkcurvfqq/
2026-09-04,10:00,options,USD.CNY,ATM,1Y,implied_vol_ask,3.05,pct,0.0221,75.0,75.0,4,4,https://www.chinamoney.com.cn/chinese/bkcurvfqq/
2026-09-04,10:00,options,USD.CNY,ATM,1Y,implied_vol_bid,3.02,pct,-0.0079,50.0,50.0,4,4,https://www.chinamoney.com.cn/chinese/bkcurvfqq/
2026-09-04,10:00,options,USD.CNY,ATM,1Y,implied_vol_mid,3.03,pct,0.0021,75.0,75.0,4,4,https://www.chinamoney.com.cn/chinese/bkcurvfqq/
2026-09-04,10:00,options,USD.CNY,ATM,2M,implied_vol_ask,1.8788,pct,-0.2212,50.0,50.0,4,4,https://www.chinamoney.com.cn/chinese/bkcurvfqq/
2026-09-04,10:00,options,USD.CNY,ATM,2M,implied_vol_bid,1.8788,pct,0.2788,100.0,100.0,4,4,https://www.chinamoney.com.cn/chinese/bkcurvfqq/
2026-09-04,10:00,options,USD.CNY,ATM,2M,implied_vol_mid,1.8788,pct,0.0288,100.0,100.0,4,4,https://www.chinamoney.com.cn/chinese/bkcurvfqq/
2026-09-04,10:00,options,USD.CNY,ATM,2W,implied_vol_ask,1.55,pct,0.0625,100.0,100.0,4,4,https://www.chinamoney.com.cn/chinese/bkcurvfqq/
2026-09-04,10:00,options,USD.CNY,ATM,2W,implied_vol_bid,1.55,pct,0.0625,100.0,100.0,4,4,https://www.chinamoney.com.cn/chinese/bkcurvfqq/
2026-09-04,10:00,options,USD.CNY,ATM,2W,implied_vol_mid,1.55,pct,0.0625,100.0,100.0,4,4,https://www.chinamoney.com.cn/chinese/bkcurvfqq/
2026-09-04,10:00,options,USD.CNY,ATM,2Y,implied_vol_ask,3.6,pct,0.0,100.0,100.0,4,4,https://www.chinamoney.com.cn/chinese/bkcurvfqq/
2026-09-04,10:00,options,USD.CNY,ATM,2Y,implied_vol_bid,3.15,pct,0.0,100.0,100.0,4,4,https://www.chinamoney.com.cn/chinese/bkcurvfqq/
2026-09-04,10:00,options,USD.CNY,ATM,2Y,implied_vol_mid,3.375,pct,0.0,100.0,100.0,4,4,https://www.chinamoney.com.cn/chinese/bkcurvfqq/
2026-09-04,10:00,options,USD.CNY,ATM,3M,implied_vol_ask,2.0316,pct,-0.0059,25.0,25.0,4,4,https://www.chinamoney.com.cn/chinese/bkcurvfqq/
2026-09-04,10:00,options,USD.CNY,ATM,3M,implied_vol_bid,2.0316,pct,-0.0059,50.0,50.0,4,4,https://www.chinamoney.com.cn/chinese/bkcurvfqq/
2026-09-04,10:00,options,USD.CNY,ATM,3M,implied_vol_mid,2.0316,pct,-0.0059,25.0,25.0,4,4,https://www.chinamoney.com.cn/chinese/bkcurvfqq/
2026-09-04,10:00,options,USD.CNY,ATM,3W,implied_vol_ask,1.9,pct,0.45,100.0,100.0,4,4,https://www.chinamoney.com.cn/chinese/bkcurvfqq/
2026-09-04,10:00,options,USD.CNY,ATM,3W,implied_vol_bid,1.35,pct,-0.1,25.0,25.0,4,4,https://www.chinamoney.com.cn/chinese/bkcurvfqq/
2026-09-04,10:00,options,USD.CNY,ATM,3W,implied_vol_mid,1.5,pct,0.05,100.0,100.0,4,4,https://www.chinamoney.com.cn/chinese/bkcurvfqq/
2026-09-04,10:00,options,USD.CNY,ATM,3Y,implied_vol_ask,3.8,pct,0.0,100.0,100.0,4,4,https://www.chinamoney.com.cn/chinese/bkcurvfqq/
2026-09-04,10:00,options,USD.CNY,ATM,3Y,implied_vol_bid,3.25,pct,0.0,100.0,100.0,4,4,https://www.chinamoney.com.cn/chinese/bkcurvfqq/
2026-09-04,10:00,options,USD.CNY,ATM,3Y,implied_vol_mid,3.525,pct,0.0,100.0,100.0,4,4,https://www.chinamoney.com.cn/chinese/bkcurvfqq/
2026-09-04,10:00,options,USD.CNY,ATM,6M,implied_vol_ask,2.4878,pct,-0.0122,25.0,25.0,4,4,https://www.chinamoney.com.cn/chinese/bkcurvfqq/
2026-09-04,10:00,options,USD.CNY,ATM,6M,implied_vol_bid,2.4878,pct,-0.0122,25.0,25.0,4,4,https://www.chinamoney.com.cn/chinese/bkcurvfqq/
2026-09-04,10:00,options,USD.CNY,ATM,6M,implied_vol_mid,2.4878,pct,-0.0122,25.0,25.0,4,4,https://www.chinamoney.com.cn/chinese/bkcurvfqq/
2026-09-04,10:00,options,USD.CNY,ATM,9M,implied_vol_ask,2.9,pct,-0.13,75.0,75.0,4,4,https://www.chinamoney.com.cn/chinese/bkcurvfqq/
2026-09-04,10:00,options,USD.CNY,ATM,9M,implied_vol_bid,2.775,pct,0.175,50.0,50.0,4,4,https://www.chinamoney.com.cn/chinese/bkcurvfqq/
2026-09-04,10:00,options,USD.CNY,ATM,9M,implied_vol_mid,2.8,pct,-0.0057,25.0,25.0,4,4,https://www.chinamoney.com.cn/chinese/bkcurvfqq/
2026-09-04,14:00,reference_rate,USD/CNY,,,reference_rate_14,6.7155,rate,-0.0027,14.3,14.3,7,7,https://www.chinamoney.com.cn/ags/ms/cm-u-bk-fx/RefRateHis
2026-09-04,16:30,swaps,USD.CNY,,18M,forward_all_in,6.4339,rate,-0.0042,16.7,16.7,6,6,https://www.chinamoney.com.cn/chinese/bkcurvfsw/
2026-09-04,16:30,swaps,USD.CNY,,18M,swap_points,-2770.0,pips,30.0,66.7,66.7,6,6,https://www.chinamoney.com.cn/chinese/bkcurvfsw/
2026-09-04,16:30,swaps,USD.CNY,,1M,forward_all_in,6.6973,rate,-0.0069,16.7,16.7,6,6,https://www.chinamoney.com.cn/chinese/bkcurvfsw/
2026-09-04,16:30,swaps,USD.CNY,,1M,swap_points,-136.0,pips,2.2,100.0,100.0,6,6,https://www.chinamoney.com.cn/chinese/bkcurvfsw/
2026-09-04,16:30,swaps,USD.CNY,,1W,forward_all_in,6.7078,rate,-0.0071,16.7,16.7,6,6,https://www.chinamoney.com.cn/chinese/bkcurvfsw/
2026-09-04,16:30,swaps,USD.CNY,,1W,swap_points,-30.8,pips,0.44,100.0,100.0,6,6,https://www.chinamoney.com.cn/chinese/bkcurvfsw/
2026-09-04,16:30,swaps,USD.CNY,,1Y,forward_all_in,6.5286,rate,-0.0054,16.7,16.7,6,6,https://www.chinamoney.com.cn/chinese/bkcurvfsw/
2026-09-04,16:30,swaps,USD.CNY,,1Y,swap_points,-1823.0,pips,18.0,83.3,83.3,6,6,https://www.chinamoney.com.cn/chinese/bkcurvfsw/
2026-09-04,16:30,swaps,USD.CNY,,2M,forward_all_in,6.6821,rate,-0.0071,16.7,16.7,6,6,https://www.chinamoney.com.cn/chinese/bkcurvfsw/
2026-09-04,16:30,swaps,USD.CNY,,2M,swap_points,-287.25,pips,1.75,33.3,33.3,6,6,https://www.chinamoney.com.cn/chinese/bkcurvfsw/
2026-09-04,16:30,swaps,USD.CNY,,2W,forward_all_in,6.7046,rate,-0.0072,16.7,16.7,6,6,https://www.chinamoney.com.cn/chinese/bkcurvfsw/
2026-09-04,16:30,swaps,USD.CNY,,2W,swap_points,-62.5,pips,0.4,100.0,100.0,6,6,https://www.chinamoney.com.cn/chinese/bkcurvfsw/
2026-09-04,16:30,swaps,USD.CNY,,2Y,forward_all_in,6.3409,rate,-0.0042,16.7,16.7,6,6,https://www.chinamoney.com.cn/chinese/bkcurvfsw/
2026-09-04,16:30,swaps,USD.CNY,,2Y,swap_points,-3700.0,pips,30.0,66.7,66.7,6,6,https://www.chinamoney.com.cn/chinese/bkcurvfsw/
2026-09-04,16:30,swaps,USD.CNY,,3M,forward_all_in,6.6684,rate,-0.0069,16.7,16.7,6,6,https://www.chinamoney.com.cn/chinese/bkcurvfsw/
2026-09-04,16:30,swaps,USD.CNY,,3M,swap_points,-424.2,pips,3.0,83.3,83.3,6,6,https://www.chinamoney.com.cn/chinese/bkcurvfsw/
2026-09-04,16:30,swaps,USD.CNY,,3W,forward_all_in,6.7014,rate,-0.0071,16.7,16.7,6,6,https://www.chinamoney.com.cn/chinese/bkcurvfsw/
2026-09-04,16:30,swaps,USD.CNY,,3W,swap_points,-95.0,pips,0.5,100.0,100.0,6,6,https://www.chinamoney.com.cn/chinese/bkcurvfsw/
2026-09-04,16:30,swaps,USD.CNY,,3Y,forward_all_in,6.1599,rate,-0.0047,16.7,16.7,6,6,https://www.chinamoney.com.cn/chinese/bkcurvfsw/
2026-09-04,16:30,swaps,USD.CNY,,3Y,swap_points,-5510.0,pips,25.0,50.0,50.0,6,6,https://www.chinamoney.com.cn/chinese/bkcurvfsw/
2026-09-04,16:30,swaps,USD.CNY,,4M,forward_all_in,6.6533,rate,-0.0066,16.7,16.7,6,6,https://www.chinamoney.com.cn/chinese/bkcurvfsw/
2026-09-04,16:30,swaps,USD.CNY,,4M,swap_points,-576.0,pips,6.0,100.0,100.0,6,6,https://www.chinamoney.com.cn/chinese/bkcurvfsw/
2026-09-04,16:30,swaps,USD.CNY,,4Y,forward_all_in,5.9759,rate,-0.0072,16.7,16.7,6,6,https://www.chinamoney.com.cn/chinese/bkcurvfsw/
2026-09-04,16:30,swaps,USD.CNY,,4Y,swap_points,-7350.0,pips,0.0,50.0,50.0,6,6,https://www.chinamoney.com.cn/chinese/bkcurvfsw/
2026-09-04,16:30,swaps,USD.CNY,,5M,forward_all_in,6.6342,rate,-0.0065,16.7,16.7,6,6,https://www.chinamoney.com.cn/chinese/bkcurvfsw/
2026-09-04,16:30,swaps,USD.CNY,,5M,swap_points,-767.0,pips,6.75,33.3,33.3,6,6,https://www.chinamoney.com.cn/chinese/bkcurvfsw/
2026-09-04,16:30,swaps,USD.CNY,,5Y,forward_all_in,5.8009,rate,-0.0072,16.7,16.7,6,6,https://www.chinamoney.com.cn/chinese/bkcurvfsw/
2026-09-04,16:30,swaps,USD.CNY,,5Y,swap_points,-9100.0,pips,0.0,50.0,50.0,6,6,https://www.chinamoney.com.cn/chinese/bkcurvfsw/
2026-09-04,16:30,swaps,USD.CNY,,6M,forward_all_in,6.624,rate,-0.0065,16.7,16.7,6,6,https://www.chinamoney.com.cn/chinese/bkcurvfsw/
2026-09-04,16:30,swaps,USD.CNY,,6M,swap_points,-868.5,pips,7.5,83.3,83.3,6,6,https://www.chinamoney.com.cn/chinese/bkcurvfsw/
2026-09-04,16:30,swaps,USD.CNY,,9M,forward_all_in,6.577,rate,-0.0058,16.7,16.7,6,6,https://www.chinamoney.com.cn/chinese/bkcurvfsw/
2026-09-04,16:30,swaps,USD.CNY,,9M,swap_points,-1338.5,pips,14.5,83.3,83.3,6,6,https://www.chinamoney.com.cn/chinese/bkcurvfsw/
2026-09-04,16:30,swaps,USD.CNY,,ON,forward_all_in,6.7143,rate,-0.0059,16.7,16.7,6,6,https://www.chinamoney.com.cn/chinese/bkcurvfsw/
2026-09-04,16:30,swaps,USD.CNY,,ON,swap_points,-17.3,pips,-12.81,16.7,16.7,6,6,https://www.chinamoney.com.cn/chinese/bkcurvfsw/
2026-09-04,16:30,swaps,USD.CNY,,SN,forward_all_in,6.7104,rate,-0.0072,16.7,16.7,6,6,https://www.chinamoney.com.cn/chinese/bkcurvfsw/
2026-09-04,16:30,swaps,USD.CNY,,SN,swap_points,-4.33,pips,0.08,100.0,100.0,6,6,https://www.chinamoney.com.cn/chinese/bkcurvfsw/
2026-09-04,16:30,swaps,USD.CNY,,TN,forward_all_in,6.7126,rate,-0.0072,16.7,16.7,6,6,https://www.chinamoney.com.cn/chinese/bkcurvfsw/
2026-09-04,16:30,swaps,USD.CNY,,TN,swap_points,-17.3,pips,0.1,33.3,33.3,6,6,https://www.chinamoney.com.cn/chinese/bkcurvfsw/
2026-09-07,09:15,fixing,USD/CNY,,,fixing,6.7795,rate,0.0008,28.6,28.6,7,7,https://www.chinamoney.com.cn/chinese/bkccpr/
2026-09-07,,implied_rates,USD,,18M,implied_usd_rate,4.2576,pct,0.0109,71.4,71.4,7,7,https://www.chinamoney.com.cn/chinese/bkcurvuir/
2026-09-07,,implied_rates,USD,,1D,implied_usd_rate,3.7639,pct,0.0351,28.6,28.6,7,7,https://www.chinamoney.com.cn/chinese/bkcurvuir/
2026-09-07,,implied_rates,USD,,1M,implied_usd_rate,3.9097,pct,0.0208,42.9,42.9,7,7,https://www.chinamoney.com.cn/chinese/bkcurvuir/
2026-09-07,,implied_rates,USD,,1W,implied_usd_rate,3.7937,pct,0.0002,28.6,28.6,7,7,https://www.chinamoney.com.cn/chinese/bkcurvuir/
2026-09-07,,implied_rates,USD,,1Y,implied_usd_rate,4.1967,pct,0.0077,57.1,57.1,7,7,https://www.chinamoney.com.cn/chinese/bkcurvuir/
2026-09-07,,implied_rates,USD,,2M,implied_usd_rate,3.9498,pct,0.001,50.0,50.0,8,8,https://www.chinamoney.com.cn/chinese/bkcurvuir/
2026-09-07,,implied_rates,USD,,2W,implied_usd_rate,3.8292,pct,-0.0022,14.3,14.3,7,7,https://www.chinamoney.com.cn/chinese/bkcurvuir/
2026-09-07,,implied_rates,USD,,2Y,implied_usd_rate,4.2675,pct,0.0021,57.1,57.1,7,7,https://www.chinamoney.com.cn/chinese/bkcurvuir/
2026-09-07,,implied_rates,USD,,3M,implied_usd_rate,3.9684,pct,-0.0004,28.6,28.6,7,7,https://www.chinamoney.com.cn/chinese/bkcurvuir/
2026-09-07,,implied_rates,USD,,3W,implied_usd_rate,3.8625,pct,-0.0145,14.3,14.3,7,7,https://www.chinamoney.com.cn/chinese/bkcurvuir/
2026-09-07,,implied_rates,USD,,3Y,implied_usd_rate,4.3231,pct,0.0216,85.7,85.7,7,7,https://www.chinamoney.com.cn/chinese/bkcurvuir/
2026-09-07,,implied_rates,USD,,6M,implied_usd_rate,4.0661,pct,0.0023,42.9,42.9,7,7,https://www.chinamoney.com.cn/chinese/bkcurvuir/
2026-09-07,,implied_rates,USD,,9M,implied_usd_rate,4.138,pct,0.0085,57.1,57.1,7,7,https://www.chinamoney.com.cn/chinese/bkcurvuir/
2026-09-07,10:00,options,USD.CNY,10D BF,18M,implied_vol_ask,0.75,pct,0.0,100.0,100.0,5,5,https://www.chinamoney.com.cn/chinese/bkcurvfqq/
2026-09-07,10:00,options,USD.CNY,10D BF,18M,implied_vol_bid,0.35,pct,0.0,100.0,100.0,5,5,https://www.chinamoney.com.cn/chinese/bkcurvfqq/
2026-09-07,10:00,options,USD.CNY,10D BF,18M,implied_vol_mid,0.55,pct,0.0,100.0,100.0,5,5,https://www.chinamoney.com.cn/chinese/bkcurvfqq/
2026-09-07,10:00,options,USD.CNY,10D BF,1D,implied_vol_ask,0.15,pct,0.0,100.0,100.0,5,5,https://www.chinamoney.com.cn/chinese/bkcurvfqq/
2026-09-07,10:00,options,USD.CNY,10D BF,1D,implied_vol_bid,0.15,pct,0.0,100.0,100.0,5,5,https://www.chinamoney.com.cn/chinese/bkcurvfqq/
2026-09-07,10:00,options,USD.CNY,10D BF,1D,implied_vol_mid,0.15,pct,0.0,100.0,100.0,5,5,https://www.chinamoney.com.cn/chinese/bkcurvfqq/
2026-09-07,10:00,options,USD.CNY,10D BF,1M,implied_vol_ask,0.1,pct,0.0,100.0,100.0,5,5,https://www.chinamoney.com.cn/chinese/bkcurvfqq/
2026-09-07,10:00,options,USD.CNY,10D BF,1M,implied_vol_bid,0.1,pct,0.0,100.0,100.0,5,5,https://www.chinamoney.com.cn/chinese/bkcurvfqq/
2026-09-07,10:00,options,USD.CNY,10D BF,1M,implied_vol_mid,0.1,pct,0.0,100.0,100.0,5,5,https://www.chinamoney.com.cn/chinese/bkcurvfqq/
2026-09-07,10:00,options,USD.CNY,10D BF,1W,implied_vol_ask,0.1,pct,-0.1,80.0,80.0,5,5,https://www.chinamoney.com.cn/chinese/bkcurvfqq/
2026-09-07,10:00,options,USD.CNY,10D BF,1W,implied_vol_bid,0.1,pct,0.1,100.0,100.0,5,5,https://www.chinamoney.com.cn/chinese/bkcurvfqq/
2026-09-07,10:00,options,USD.CNY,10D BF,1W,implied_vol_mid,0.1,pct,0.0,100.0,100.0,5,5,https://www.chinamoney.com.cn/chinese/bkcurvfqq/
2026-09-07,10:00,options,USD.CNY,10D BF,1Y,implied_vol_ask,0.53,pct,-0.23,40.0,40.0,5,5,https://www.chinamoney.com.cn/chinese/bkcurvfqq/
2026-09-07,10:00,options,USD.CNY,10D BF,1Y,implied_vol_bid,0.53,pct,0.23,100.0,100.0,5,5,https://www.chinamoney.com.cn/chinese/bkcurvfqq/
2026-09-07,10:00,options,USD.CNY,10D BF,1Y,implied_vol_mid,0.53,pct,0.0,100.0,100.0,5,5,https://www.chinamoney.com.cn/chinese/bkcurvfqq/
2026-09-07,10:00,options,USD.CNY,10D BF,2M,implied_vol_ask,0.4,pct,0.18,100.0,100.0,5,5,https://www.chinamoney.com.cn/chinese/bkcurvfqq/
2026-09-07,10:00,options,USD.CNY,10D BF,2M,implied_vol_bid,0.04,pct,-0.18,60.0,60.0,5,5,https://www.chinamoney.com.cn/chinese/bkcurvfqq/
2026-09-07,10:00,options,USD.CNY,10D BF,2M,implied_vol_mid,0.22,pct,0.0,100.0,100.0,5,5,https://www.chinamoney.com.cn/chinese/bkcurvfqq/
2026-09-07,10:00,options,USD.CNY,10D BF,2W,implied_vol_ask,0.1,pct,0.0,100.0,100.0,5,5,https://www.chinamoney.com.cn/chinese/bkcurvfqq/
2026-09-07,10:00,options,USD.CNY,10D BF,2W,implied_vol_bid,0.1,pct,0.0,100.0,100.0,5,5,https://www.chinamoney.com.cn/chinese/bkcurvfqq/
2026-09-07,10:00,options,USD.CNY,10D BF,2W,implied_vol_mid,0.1,pct,0.0,100.0,100.0,5,5,https://www.chinamoney.com.cn/chinese/bkcurvfqq/
2026-09-07,10:00,options,USD.CNY,10D BF,2Y,implied_vol_ask,0.75,pct,0.0,100.0,100.0,5,5,https://www.chinamoney.com.cn/chinese/bkcurvfqq/
2026-09-07,10:00,options,USD.CNY,10D BF,2Y,implied_vol_bid,0.35,pct,0.0,100.0,100.0,5,5,https://www.chinamoney.com.cn/chinese/bkcurvfqq/
2026-09-07,10:00,options,USD.CNY,10D BF,2Y,implied_vol_mid,0.55,pct,0.0,100.0,100.0,5,5,https://www.chinamoney.com.cn/chinese/bkcurvfqq/
2026-09-07,10:00,options,USD.CNY,10D BF,3M,implied_vol_ask,0.49,pct,0.165,100.0,100.0,5,5,https://www.chinamoney.com.cn/chinese/bkcurvfqq/
2026-09-07,10:00,options,USD.CNY,10D BF,3M,implied_vol_bid,0.16,pct,-0.165,40.0,40.0,5,5,https://www.chinamoney.com.cn/chinese/bkcurvfqq/
2026-09-07,10:00,options,USD.CNY,10D BF,3M,implied_vol_mid,0.325,pct,0.0,100.0,100.0,5,5,https://www.chinamoney.com.cn/chinese/bkcurvfqq/
2026-09-07,10:00,options,USD.CNY,10D BF,3W,implied_vol_ask,0.1,pct,-0.1,80.0,80.0,5,5,https://www.chinamoney.com.cn/chinese/bkcurvfqq/
2026-09-07,10:00,options,USD.CNY,10D BF,3W,implied_vol_bid,0.1,pct,0.1,100.0,100.0,5,5,https://www.chinamoney.com.cn/chinese/bkcurvfqq/
2026-09-07,10:00,options,USD.CNY,10D BF,3W,implied_vol_mid,0.1,pct,0.0,100.0,100.0,5,5,https://www.chinamoney.com.cn/chinese/bkcurvfqq/
2026-09-07,10:00,options,USD.CNY,10D BF,3Y,implied_vol_ask,0.8,pct,0.0,100.0,100.0,5,5,https://www.chinamoney.com.cn/chinese/bkcurvfqq/
2026-09-07,10:00,options,USD.CNY,10D BF,3Y,implied_vol_bid,0.4,pct,0.0,100.0,100.0,5,5,https://www.chinamoney.com.cn/chinese/bkcurvfqq/
2026-09-07,10:00,options,USD.CNY,10D BF,3Y,implied_vol_mid,0.6,pct,0.0,100.0,100.0,5,5,https://www.chinamoney.com.cn/chinese/bkcurvfqq/
2026-09-07,10:00,options,USD.CNY,10D BF,6M,implied_vol_ask,0.61,pct,0.175,100.0,100.0,5,5,https://www.chinamoney.com.cn/chinese/bkcurvfqq/
2026-09-07,10:00,options,USD.CNY,10D BF,6M,implied_vol_bid,0.26,pct,-0.175,20.0,20.0,5,5,https://www.chinamoney.com.cn/chinese/bkcurvfqq/
2026-09-07,10:00,options,USD.CNY,10D BF,6M,implied_vol_mid,0.435,pct,0.0,100.0,100.0,5,5,https://www.chinamoney.com.cn/chinese/bkcurvfqq/
2026-09-07,10:00,options,USD.CNY,10D BF,9M,implied_vol_ask,0.73,pct,0.0,100.0,100.0,5,5,https://www.chinamoney.com.cn/chinese/bkcurvfqq/
2026-09-07,10:00,options,USD.CNY,10D BF,9M,implied_vol_bid,0.24,pct,0.0,80.0,80.0,5,5,https://www.chinamoney.com.cn/chinese/bkcurvfqq/
2026-09-07,10:00,options,USD.CNY,10D BF,9M,implied_vol_mid,0.485,pct,0.0,100.0,100.0,5,5,https://www.chinamoney.com.cn/chinese/bkcurvfqq/
2026-09-07,10:00,options,USD.CNY,25D BF,18M,implied_vol_ask,0.28,pct,0.0,100.0,100.0,5,5,https://www.chinamoney.com.cn/chinese/bkcurvfqq/
2026-09-07,10:00,options,USD.CNY,25D BF,18M,implied_vol_bid,0.1,pct,0.0,100.0,100.0,5,5,https://www.chinamoney.com.cn/chinese/bkcurvfqq/
2026-09-07,10:00,options,USD.CNY,25D BF,18M,implied_vol_mid,0.19,pct,0.0,100.0,100.0,5,5,https://www.chinamoney.com.cn/chinese/bkcurvfqq/
2026-09-07,10:00,options,USD.CNY,25D BF,1D,implied_vol_ask,0.1,pct,0.0,100.0,100.0,5,5,https://www.chinamoney.com.cn/chinese/bkcurvfqq/
2026-09-07,10:00,options,USD.CNY,25D BF,1D,implied_vol_bid,0.1,pct,0.0,100.0,100.0,5,5,https://www.chinamoney.com.cn/chinese/bkcurvfqq/
2026-09-07,10:00,options,USD.CNY,25D BF,1D,implied_vol_mid,0.1,pct,0.0,100.0,100.0,5,5,https://www.chinamoney.com.cn/chinese/bkcurvfqq/
2026-09-07,10:00,options,USD.CNY,25D BF,1M,implied_vol_ask,0.0663,pct,0.0013,60.0,60.0,5,5,https://www.chinamoney.com.cn/chinese/bkcurvfqq/
2026-09-07,10:00,options,USD.CNY,25D BF,1M,implied_vol_bid,0.0663,pct,0.0013,60.0,60.0,5,5,https://www.chinamoney.com.cn/chinese/bkcurvfqq/
2026-09-07,10:00,options,USD.CNY,25D BF,1M,implied_vol_mid,0.0663,pct,0.0013,60.0,60.0,5,5,https://www.chinamoney.com.cn/chinese/bkcurvfqq/
2026-09-07,10:00,options,USD.CNY,25D BF,1W,implied_vol_ask,0.075,pct,-0.025,80.0,80.0,5,5,https://www.chinamoney.com.cn/chinese/bkcurvfqq/
2026-09-07,10:00,options,USD.CNY,25D BF,1W,implied_vol_bid,0.075,pct,0.075,100.0,100.0,5,5,https://www.chinamoney.com.cn/chinese/bkcurvfqq/
2026-09-07,10:00,options,USD.CNY,25D BF,1W,implied_vol_mid,0.075,pct,0.025,100.0,100.0,5,5,https://www.chinamoney.com.cn/chinese/bkcurvfqq/
2026-09-07,10:00,options,USD.CNY,25D BF,1Y,implied_vol_ask,0.175,pct,-0.105,40.0,40.0,5,5,https://www.chinamoney.com.cn/chinese/bkcurvfqq/
2026-09-07,10:00,options,USD.CNY,25D BF,1Y,implied_vol_bid,0.175,pct,0.105,100.0,100.0,5,5,https://www.chinamoney.com.cn/chinese/bkcurvfqq/
2026-09-07,10:00,options,USD.CNY,25D BF,1Y,implied_vol_mid,0.175,pct,0.0,100.0,100.0,5,5,https://www.chinamoney.com.cn/chinese/bkcurvfqq/
2026-09-07,10:00,options,USD.CNY,25D BF,2M,implied_vol_ask,0.09,pct,0.005,60.0,60.0,5,5,https://www.chinamoney.com.cn/chinese/bkcurvfqq/
2026-09-07,10:00,options,USD.CNY,25D BF,2M,implied_vol_bid,0.085,pct,0.0,100.0,100.0,5,5,https://www.chinamoney.com.cn/chinese/bkcurvfqq/
2026-09-07,10:00,options,USD.CNY,25D BF,2M,implied_vol_mid,0.0875,pct,0.0025,100.0,100.0,5,5,https://www.chinamoney.com.cn/chinese/bkcurvfqq/
2026-09-07,10:00,options,USD.CNY,25D BF,2W,implied_vol_ask,0.075,pct,0.025,100.0,100.0,5,5,https://www.chinamoney.com.cn/chinese/bkcurvfqq/
2026-09-07,10:00,options,USD.CNY,25D BF,2W,implied_vol_bid,0.075,pct,0.025,100.0,100.0,5,5,https://www.chinamoney.com.cn/chinese/bkcurvfqq/
2026-09-07,10:00,options,USD.CNY,25D BF,2W,implied_vol_mid,0.075,pct,0.025,100.0,100.0,5,5,https://www.chinamoney.com.cn/chinese/bkcurvfqq/
2026-09-07,10:00,options,USD.CNY,25D BF,2Y,implied_vol_ask,0.32,pct,0.0,100.0,100.0,5,5,https://www.chinamoney.com.cn/chinese/bkcurvfqq/
2026-09-07,10:00,options,USD.CNY,25D BF,2Y,implied_vol_bid,0.1,pct,0.0,100.0,100.0,5,5,https://www.chinamoney.com.cn/chinese/bkcurvfqq/
2026-09-07,10:00,options,USD.CNY,25D BF,2Y,implied_vol_mid,0.21,pct,0.0,100.0,100.0,5,5,https://www.chinamoney.com.cn/chinese/bkcurvfqq/
2026-09-07,10:00,options,USD.CNY,25D BF,3M,implied_vol_ask,0.095,pct,0.005,100.0,100.0,5,5,https://www.chinamoney.com.cn/chinese/bkcurvfqq/
2026-09-07,10:00,options,USD.CNY,25D BF,3M,implied_vol_bid,0.09,pct,0.0,100.0,100.0,5,5,https://www.chinamoney.com.cn/chinese/bkcurvfqq/
2026-09-07,10:00,options,USD.CNY,25D BF,3M,implied_vol_mid,0.0925,pct,0.0025,100.0,100.0,5,5,https://www.chinamoney.com.cn/chinese/bkcurvfqq/
2026-09-07,10:00,options,USD.CNY,25D BF,3W,implied_vol_ask,0.075,pct,-0.025,80.0,80.0,5,5,https://www.chinamoney.com.cn/chinese/bkcurvfqq/
2026-09-07,10:00,options,USD.CNY,25D BF,3W,implied_vol_bid,0.075,pct,0.075,100.0,100.0,5,5,https://www.chinamoney.com.cn/chinese/bkcurvfqq/
2026-09-07,10:00,options,USD.CNY,25D BF,3W,implied_vol_mid,0.075,pct,0.005,100.0,100.0,5,5,https://www.chinamoney.com.cn/chinese/bkcurvfqq/
2026-09-07,10:00,options,USD.CNY,25D BF,3Y,implied_vol_ask,0.35,pct,0.0,100.0,100.0,5,5,https://www.chinamoney.com.cn/chinese/bkcurvfqq/
2026-09-07,10:00,options,USD.CNY,25D BF,3Y,implied_vol_bid,0.1,pct,0.0,100.0,100.0,5,5,https://www.chinamoney.com.cn/chinese/bkcurvfqq/
2026-09-07,10:00,options,USD.CNY,25D BF,3Y,implied_vol_mid,0.225,pct,0.0,100.0,100.0,5,5,https://www.chinamoney.com.cn/chinese/bkcurvfqq/
2026-09-07,10:00,options,USD.CNY,25D BF,6M,implied_vol_ask,0.1425,pct,0.0075,100.0,100.0,5,5,https://www.chinamoney.com.cn/chinese/bkcurvfqq/
2026-09-07,10:00,options,USD.CNY,25D BF,6M,implied_vol_bid,0.1375,pct,0.0025,100.0,100.0,5,5,https://www.chinamoney.com.cn/chinese/bkcurvfqq/
2026-09-07,10:00,options,USD.CNY,25D BF,6M,implied_vol_mid,0.14,pct,0.005,100.0,100.0,5,5,https://www.chinamoney.com.cn/chinese/bkcurvfqq/
2026-09-07,10:00,options,USD.CNY,25D BF,9M,implied_vol_ask,0.1675,pct,-0.0925,40.0,40.0,5,5,https://www.chinamoney.com.cn/chinese/bkcurvfqq/
2026-09-07,10:00,options,USD.CNY,25D BF,9M,implied_vol_bid,0.1625,pct,0.0925,80.0,80.0,5,5,https://www.chinamoney.com.cn/chinese/bkcurvfqq/
2026-09-07,10:00,options,USD.CNY,25D BF,9M,implied_vol_mid,0.165,pct,0.0,100.0,100.0,5,5,https://www.chinamoney.com.cn/chinese/bkcurvfqq/
2026-09-07,10:00,options,USD.CNY,25D RR,18M,implied_vol_ask,0.5,pct,0.0,100.0,100.0,5,5,https://www.chinamoney.com.cn/chinese/bkcurvfqq/
2026-09-07,10:00,options,USD.CNY,25D RR,18M,implied_vol_bid,-0.5,pct,0.0,100.0,100.0,5,5,https://www.chinamoney.com.cn/chinese/bkcurvfqq/
2026-09-07,10:00,options,USD.CNY,25D RR,18M,implied_vol_mid,0.0,pct,0.0,100.0,100.0,5,5,https://www.chinamoney.com.cn/chinese/bkcurvfqq/
2026-09-07,10:00,options,USD.CNY,25D RR,1D,implied_vol_ask,-0.05,pct,0.0,40.0,40.0,5,5,https://www.chinamoney.com.cn/chinese/bkcurvfqq/
2026-09-07,10:00,options,USD.CNY,25D RR,1D,implied_vol_bid,-0.05,pct,0.0,40.0,40.0,5,5,https://www.chinamoney.com.cn/chinese/bkcurvfqq/
2026-09-07,10:00,options,USD.CNY,25D RR,1D,implied_vol_mid,-0.05,pct,0.0,40.0,40.0,5,5,https://www.chinamoney.com.cn/chinese/bkcurvfqq/
2026-09-07,10:00,options,USD.CNY,25D RR,1M,implied_vol_ask,-0.05,pct,-0.05,20.0,20.0,5,5,https://www.chinamoney.com.cn/chinese/bkcurvfqq/
2026-09-07,10:00,options,USD.CNY,25D RR,1M,implied_vol_bid,-0.05,pct,-0.05,20.0,20.0,5,5,https://www.chinamoney.com.cn/chinese/bkcurvfqq/
2026-09-07,10:00,options,USD.CNY,25D RR,1M,implied_vol_mid,-0.05,pct,-0.05,20.0,20.0,5,5,https://www.chinamoney.com.cn/chinese/bkcurvfqq/
2026-09-07,10:00,options,USD.CNY,25D RR,1W,implied_vol_ask,-0.1,pct,-0.5,20.0,20.0,5,5,https://www.chinamoney.com.cn/chinese/bkcurvfqq/
2026-09-07,10:00,options,USD.CNY,25D RR,1W,implied_vol_bid,-0.1,pct,0.4,40.0,40.0,5,5,https://www.chinamoney.com.cn/chinese/bkcurvfqq/
2026-09-07,10:00,options,USD.CNY,25D RR,1W,implied_vol_mid,-0.1,pct,-0.05,20.0,20.0,5,5,https://www.chinamoney.com.cn/chinese/bkcurvfqq/
2026-09-07,10:00,options,USD.CNY,25D RR,1Y,implied_vol_ask,-0.025,pct,-0.05,20.0,20.0,5,5,https://www.chinamoney.com.cn/chinese/bkcurvfqq/
2026-09-07,10:00,options,USD.CNY,25D RR,1Y,implied_vol_bid,-0.025,pct,0.0,60.0,60.0,5,5,https://www.chinamoney.com.cn/chinese/bkcurvfqq/
2026-09-07,10:00,options,USD.CNY,25D RR,1Y,implied_vol_mid,-0.025,pct,-0.025,20.0,20.0,5,5,https://www.chinamoney.com.cn/chinese/bkcurvfqq/
2026-09-07,10:00,options,USD.CNY,25D RR,2M,implied_vol_ask,-0.025,pct,0.0,40.0,40.0,5,5,https://www.chinamoney.com.cn/chinese/bkcurvfqq/
2026-09-07,10:00,options,USD.CNY,25D RR,2M,implied_vol_bid,-0.07,pct,-0.045,60.0,60.0,5,5,https://www.chinamoney.com.cn/chinese/bkcurvfqq/
2026-09-07,10:00,options,USD.CNY,25D RR,2M,implied_vol_mid,-0.05,pct,-0.025,20.0,20.0,5,5,https://www.chinamoney.com.cn/chinese/bkcurvfqq/
2026-09-07,10:00,options,USD.CNY,25D RR,2W,implied_vol_ask,-0.1,pct,-0.05,20.0,20.0,5,5,https://www.chinamoney.com.cn/chinese/bkcurvfqq/
2026-09-07,10:00,options,USD.CNY,25D RR,2W,implied_vol_bid,-0.1,pct,-0.05,20.0,20.0,5,5,https://www.chinamoney.com.cn/chinese/bkcurvfqq/
2026-09-07,10:00,options,USD.CNY,25D RR,2W,implied_vol_mid,-0.1,pct,-0.05,20.0,20.0,5,5,https://www.chinamoney.com.cn/chinese/bkcurvfqq/
2026-09-07,10:00,options,USD.CNY,25D RR,2Y,implied_vol_ask,0.5,pct,0.0,100.0,100.0,5,5,https://www.chinamoney.com.cn/chinese/bkcurvfqq/
2026-09-07,10:00,options,USD.CNY,25D RR,2Y,implied_vol_bid,-0.5,pct,0.0,100.0,100.0,5,5,https://www.chinamoney.com.cn/chinese/bkcurvfqq/
2026-09-07,10:00,options,USD.CNY,25D RR,2Y,implied_vol_mid,0.0,pct,0.0,100.0,100.0,5,5,https://www.chinamoney.com.cn/chinese/bkcurvfqq/
2026-09-07,10:00,options,USD.CNY,25D RR,3M,implied_vol_ask,0.0,pct,0.0,40.0,40.0,5,5,https://www.chinamoney.com.cn/chinese/bkcurvfqq/
2026-09-07,10:00,options,USD.CNY,25D RR,3M,implied_vol_bid,-0.07,pct,-0.07,40.0,40.0,5,5,https://www.chinamoney.com.cn/chinese/bkcurvfqq/
2026-09-07,10:00,options,USD.CNY,25D RR,3M,implied_vol_mid,-0.035,pct,-0.035,20.0,20.0,5,5,https://www.chinamoney.com.cn/chinese/bkcurvfqq/
2026-09-07,10:00,options,USD.CNY,25D RR,3W,implied_vol_ask,-0.1,pct,-0.5,20.0,20.0,5,5,https://www.chinamoney.com.cn/chinese/bkcurvfqq/
2026-09-07,10:00,options,USD.CNY,25D RR,3W,implied_vol_bid,-0.1,pct,0.4,40.0,40.0,5,5,https://www.chinamoney.com.cn/chinese/bkcurvfqq/
2026-09-07,10:00,options,USD.CNY,25D RR,3W,implied_vol_mid,-0.1,pct,-0.05,20.0,20.0,5,5,https://www.chinamoney.com.cn/chinese/bkcurvfqq/
2026-09-07,10:00,options,USD.CNY,25D RR,3Y,implied_vol_ask,0.5,pct,0.0,100.0,100.0,5,5,https://www.chinamoney.com.cn/chinese/bkcurvfqq/
2026-09-07,10:00,options,USD.CNY,25D RR,3Y,implied_vol_bid,-0.5,pct,0.0,100.0,100.0,5,5,https://www.chinamoney.com.cn/chinese/bkcurvfqq/
2026-09-07,10:00,options,USD.CNY,25D RR,3Y,implied_vol_mid,0.0,pct,0.0,100.0,100.0,5,5,https://www.chinamoney.com.cn/chinese/bkcurvfqq/
2026-09-07,10:00,options,USD.CNY,25D RR,6M,implied_vol_ask,0.0,pct,0.0031,60.0,60.0,5,5,https://www.chinamoney.com.cn/chinese/bkcurvfqq/
2026-09-07,10:00,options,USD.CNY,25D RR,6M,implied_vol_bid,-0.05,pct,-0.0469,20.0,20.0,5,5,https://www.chinamoney.com.cn/chinese/bkcurvfqq/
2026-09-07,10:00,options,USD.CNY,25D RR,6M,implied_vol_mid,-0.025,pct,-0.0219,20.0,20.0,5,5,https://www.chinamoney.com.cn/chinese/bkcurvfqq/
2026-09-07,10:00,options,USD.CNY,25D RR,9M,implied_vol_ask,0.0,pct,-0.025,40.0,40.0,5,5,https://www.chinamoney.com.cn/chinese/bkcurvfqq/
2026-09-07,10:00,options,USD.CNY,25D RR,9M,implied_vol_bid,-0.05,pct,-0.025,40.0,40.0,5,5,https://www.chinamoney.com.cn/chinese/bkcurvfqq/
2026-09-07,10:00,options,USD.CNY,25D RR,9M,implied_vol_mid,-0.025,pct,0.0,40.0,40.0,5,5,https://www.chinamoney.com.cn/chinese/bkcurvfqq/
2026-09-07,10:00,options,USD.CNY,ATM,18M,implied_vol_ask,3.4,pct,0.0,100.0,100.0,5,5,https://www.chinamoney.com.cn/chinese/bkcurvfqq/
2026-09-07,10:00,options,USD.CNY,ATM,18M,implied_vol_bid,3.0,pct,0.0,100.0,100.0,5,5,https://www.chinamoney.com.cn/chinese/bkcurvfqq/
2026-09-07,10:00,options,USD.CNY,ATM,18M,implied_vol_mid,3.2,pct,0.0,100.0,100.0,5,5,https://www.chinamoney.com.cn/chinese/bkcurvfqq/
2026-09-07,10:00,options,USD.CNY,ATM,1D,implied_vol_ask,1.5,pct,0.0,100.0,100.0,5,5,https://www.chinamoney.com.cn/chinese/bkcurvfqq/
2026-09-07,10:00,options,USD.CNY,ATM,1D,implied_vol_bid,1.5,pct,0.0,100.0,100.0,5,5,https://www.chinamoney.com.cn/chinese/bkcurvfqq/
2026-09-07,10:00,options,USD.CNY,ATM,1D,implied_vol_mid,1.5,pct,0.0,100.0,100.0,5,5,https://www.chinamoney.com.cn/chinese/bkcurvfqq/
2026-09-07,10:00,options,USD.CNY,ATM,1M,implied_vol_ask,1.575,pct,0.0126,100.0,100.0,5,5,https://www.chinamoney.com.cn/chinese/bkcurvfqq/
2026-09-07,10:00,options,USD.CNY,ATM,1M,implied_vol_bid,1.575,pct,0.0126,100.0,100.0,5,5,https://www.chinamoney.com.cn/chinese/bkcurvfqq/
2026-09-07,10:00,options,USD.CNY,ATM,1M,implied_vol_mid,1.575,pct,0.0126,100.0,100.0,5,5,https://www.chinamoney.com.cn/chinese/bkcurvfqq/
2026-09-07,10:00,options,USD.CNY,ATM,1W,implied_vol_ask,1.4714,pct,-0.1786,80.0,80.0,5,5,https://www.chinamoney.com.cn/chinese/bkcurvfqq/
2026-09-07,10:00,options,USD.CNY,ATM,1W,implied_vol_bid,1.4714,pct,0.2214,100.0,100.0,5,5,https://www.chinamoney.com.cn/chinese/bkcurvfqq/
2026-09-07,10:00,options,USD.CNY,ATM,1W,implied_vol_mid,1.4714,pct,0.0214,100.0,100.0,5,5,https://www.chinamoney.com.cn/chinese/bkcurvfqq/
2026-09-07,10:00,options,USD.CNY,ATM,1Y,implied_vol_ask,3.0376,pct,-0.0124,60.0,60.0,5,5,https://www.chinamoney.com.cn/chinese/bkcurvfqq/
2026-09-07,10:00,options,USD.CNY,ATM,1Y,implied_vol_bid,3.0376,pct,0.0176,100.0,100.0,5,5,https://www.chinamoney.com.cn/chinese/bkcurvfqq/
2026-09-07,10:00,options,USD.CNY,ATM,1Y,implied_vol_mid,3.0376,pct,0.0076,100.0,100.0,5,5,https://www.chinamoney.com.cn/chinese/bkcurvfqq/
2026-09-07,10:00,options,USD.CNY,ATM,2M,implied_vol_ask,1.95,pct,0.0712,60.0,60.0,5,5,https://www.chinamoney.com.cn/chinese/bkcurvfqq/
2026-09-07,10:00,options,USD.CNY,ATM,2M,implied_vol_bid,1.85,pct,-0.0288,80.0,80.0,5,5,https://www.chinamoney.com.cn/chinese/bkcurvfqq/
2026-09-07,10:00,options,USD.CNY,ATM,2M,implied_vol_mid,1.9,pct,0.0212,100.0,100.0,5,5,https://www.chinamoney.com.cn/chinese/bkcurvfqq/
2026-09-07,10:00,options,USD.CNY,ATM,2W,implied_vol_ask,1.4793,pct,-0.0707,60.0,60.0,5,5,https://www.chinamoney.com.cn/chinese/bkcurvfqq/
2026-09-07,10:00,options,USD.CNY,ATM,2W,implied_vol_bid,1.4793,pct,-0.0707,60.0,60.0,5,5,https://www.chinamoney.com.cn/chinese/bkcurvfqq/
2026-09-07,10:00,options,USD.CNY,ATM,2W,implied_vol_mid,1.4793,pct,-0.0707,60.0,60.0,5,5,https://www.chinamoney.com.cn/chinese/bkcurvfqq/
2026-09-07,10:00,options,USD.CNY,ATM,2Y,implied_vol_ask,3.6,pct,0.0,100.0,100.0,5,5,https://www.chinamoney.com.cn/chinese/bkcurvfqq/
2026-09-07,10:00,options,USD.CNY,ATM,2Y,implied_vol_bid,3.15,pct,0.0,100.0,100.0,5,5,https://www.chinamoney.com.cn/chinese/bkcurvfqq/
2026-09-07,10:00,options,USD.CNY,ATM,2Y,implied_vol_mid,3.375,pct,0.0,100.0,100.0,5,5,https://www.chinamoney.com.cn/chinese/bkcurvfqq/
2026-09-07,10:00,options,USD.CNY,ATM,3M,implied_vol_ask,2.15,pct,0.1184,80.0,80.0,5,5,https://www.chinamoney.com.cn/chinese/bkcurvfqq/
2026-09-07,10:00,options,USD.CNY,ATM,3M,implied_vol_bid,2.0,pct,-0.0316,40.0,40.0,5,5,https://www.chinamoney.com.cn/chinese/bkcurvfqq/
2026-09-07,10:00,options,USD.CNY,ATM,3M,implied_vol_mid,2.075,pct,0.0434,100.0,100.0,5,5,https://www.chinamoney.com.cn/chinese/bkcurvfqq/
2026-09-07,10:00,options,USD.CNY,ATM,3W,implied_vol_ask,1.55,pct,-0.35,80.0,80.0,5,5,https://www.chinamoney.com.cn/chinese/bkcurvfqq/
2026-09-07,10:00,options,USD.CNY,ATM,3W,implied_vol_bid,1.55,pct,0.2,100.0,100.0,5,5,https://www.chinamoney.com.cn/chinese/bkcurvfqq/
2026-09-07,10:00,options,USD.CNY,ATM,3W,implied_vol_mid,1.55,pct,0.05,100.0,100.0,5,5,https://www.chinamoney.com.cn/chinese/bkcurvfqq/
2026-09-07,10:00,options,USD.CNY,ATM,3Y,implied_vol_ask,3.8,pct,0.0,100.0,100.0,5,5,https://www.chinamoney.com.cn/chinese/bkcurvfqq/
2026-09-07,10:00,options,USD.CNY,ATM,3Y,implied_vol_bid,3.25,pct,0.0,100.0,100.0,5,5,https://www.chinamoney.com.cn/chinese/bkcurvfqq/
2026-09-07,10:00,options,USD.CNY,ATM,3Y,implied_vol_mid,3.525,pct,0.0,100.0,100.0,5,5,https://www.chinamoney.com.cn/chinese/bkcurvfqq/
2026-09-07,10:00,options,USD.CNY,ATM,6M,implied_vol_ask,2.55,pct,0.0622,100.0,100.0,5,5,https://www.chinamoney.com.cn/chinese/bkcurvfqq/
2026-09-07,10:00,options,USD.CNY,ATM,6M,implied_vol_bid,2.5,pct,0.0122,60.0,60.0,5,5,https://www.chinamoney.com.cn/chinese/bkcurvfqq/
2026-09-07,10:00,options,USD.CNY,ATM,6M,implied_vol_mid,2.525,pct,0.0372,100.0,100.0,5,5,https://www.chinamoney.com.cn/chinese/bkcurvfqq/
2026-09-07,10:00,options,USD.CNY,ATM,9M,implied_vol_ask,2.85,pct,-0.05,60.0,60.0,5,5,https://www.chinamoney.com.cn/chinese/bkcurvfqq/
2026-09-07,10:00,options,USD.CNY,ATM,9M,implied_vol_bid,2.825,pct,0.05,100.0,100.0,5,5,https://www.chinamoney.com.cn/chinese/bkcurvfqq/
2026-09-07,10:00,options,USD.CNY,ATM,9M,implied_vol_mid,2.825,pct,0.025,100.0,100.0,5,5,https://www.chinamoney.com.cn/chinese/bkcurvfqq/
2026-09-07,14:00,reference_rate,USD/CNY,,,reference_rate_14,6.7111,rate,-0.0044,12.5,12.5,8,8,https://www.chinamoney.com.cn/ags/ms/cm-u-bk-fx/RefRateHis
2026-09-07,16:30,swaps,USD.CNY,,18M,forward_all_in,6.4326,rate,-0.0013,14.3,14.3,7,7,https://www.chinamoney.com.cn/chinese/bkcurvfsw/
2026-09-07,16:30,swaps,USD.CNY,,18M,swap_points,-2780.0,pips,-10.0,42.9,42.9,7,7,https://www.chinamoney.com.cn/chinese/bkcurvfsw/
2026-09-07,16:30,swaps,USD.CNY,,1M,forward_all_in,6.6968,rate,-0.0005,14.3,14.3,7,7,https://www.chinamoney.com.cn/chinese/bkcurvfsw/
2026-09-07,16:30,swaps,USD.CNY,,1M,swap_points,-137.4,pips,-1.4,85.7,85.7,7,7,https://www.chinamoney.com.cn/chinese/bkcurvfsw/
2026-09-07,16:30,swaps,USD.CNY,,1W,forward_all_in,6.7075,rate,-0.0003,14.3,14.3,7,7,https://www.chinamoney.com.cn/chinese/bkcurvfsw/
2026-09-07,16:30,swaps,USD.CNY,,1W,swap_points,-31.0,pips,-0.2,85.7,85.7,7,7,https://www.chinamoney.com.cn/chinese/bkcurvfsw/
2026-09-07,16:30,swaps,USD.CNY,,1Y,forward_all_in,6.5277,rate,-0.0009,14.3,14.3,7,7,https://www.chinamoney.com.cn/chinese/bkcurvfsw/
2026-09-07,16:30,swaps,USD.CNY,,1Y,swap_points,-1829.0,pips,-6.0,57.1,57.1,7,7,https://www.chinamoney.com.cn/chinese/bkcurvfsw/
2026-09-07,16:30,swaps,USD.CNY,,2M,forward_all_in,6.6823,rate,0.0002,28.6,28.6,7,7,https://www.chinamoney.com.cn/chinese/bkcurvfsw/
2026-09-07,16:30,swaps,USD.CNY,,2M,swap_points,-283.0,pips,4.25,100.0,100.0,7,7,https://www.chinamoney.com.cn/chinese/bkcurvfsw/
2026-09-07,16:30,swaps,USD.CNY,,2W,forward_all_in,6.7043,rate,-0.0003,14.3,14.3,7,7,https://www.chinamoney.com.cn/chinese/bkcurvfsw/
2026-09-07,16:30,swaps,USD.CNY,,2W,swap_points,-62.68,pips,-0.18,85.7,85.7,7,7,https://www.chinamoney.com.cn/chinese/bkcurvfsw/
2026-09-07,16:30,swaps,USD.CNY,,2Y,forward_all_in,6.3396,rate,-0.0013,14.3,14.3,7,7,https://www.chinamoney.com.cn/chinese/bkcurvfsw/
2026-09-07,16:30,swaps,USD.CNY,,2Y,swap_points,-3710.0,pips,-10.0,57.1,57.1,7,7,https://www.chinamoney.com.cn/chinese/bkcurvfsw/
2026-09-07,16:30,swaps,USD.CNY,,3M,forward_all_in,6.6681,rate,-0.0003,14.3,14.3,7,7,https://www.chinamoney.com.cn/chinese/bkcurvfsw/
2026-09-07,16:30,swaps,USD.CNY,,3M,swap_points,-424.5,pips,-0.3,71.4,71.4,7,7,https://www.chinamoney.com.cn/chinese/bkcurvfsw/
2026-09-07,16:30,swaps,USD.CNY,,3W,forward_all_in,6.7011,rate,-0.0003,14.3,14.3,7,7,https://www.chinamoney.com.cn/chinese/bkcurvfsw/
2026-09-07,16:30,swaps,USD.CNY,,3W,swap_points,-94.7,pips,0.3,100.0,100.0,7,7,https://www.chinamoney.com.cn/chinese/bkcurvfsw/
2026-09-07,16:30,swaps,USD.CNY,,3Y,forward_all_in,6.1558,rate,-0.0041,14.3,14.3,7,7,https://www.chinamoney.com.cn/chinese/bkcurvfsw/
2026-09-07,16:30,swaps,USD.CNY,,3Y,swap_points,-5547.5,pips,-37.5,14.3,14.3,7,7,https://www.chinamoney.com.cn/chinese/bkcurvfsw/
2026-09-07,16:30,swaps,USD.CNY,,4M,forward_all_in,6.6519,rate,-0.0014,14.3,14.3,7,7,https://www.chinamoney.com.cn/chinese/bkcurvfsw/
2026-09-07,16:30,swaps,USD.CNY,,4M,swap_points,-587.0,pips,-11.0,42.9,42.9,7,7,https://www.chinamoney.com.cn/chinese/bkcurvfsw/
2026-09-07,16:30,swaps,USD.CNY,,4Y,forward_all_in,5.9756,rate,-0.0003,14.3,14.3,7,7,https://www.chinamoney.com.cn/chinese/bkcurvfsw/
2026-09-07,16:30,swaps,USD.CNY,,4Y,swap_points,-7350.0,pips,0.0,57.1,57.1,7,7,https://www.chinamoney.com.cn/chinese/bkcurvfsw/
2026-09-07,16:30,swaps,USD.CNY,,5M,forward_all_in,6.6341,rate,-0.0001,14.3,14.3,7,7,https://www.chinamoney.com.cn/chinese/bkcurvfsw/
2026-09-07,16:30,swaps,USD.CNY,,5M,swap_points,-764.5,pips,2.5,42.9,42.9,7,7,https://www.chinamoney.com.cn/chinese/bkcurvfsw/
2026-09-07,16:30,swaps,USD.CNY,,5Y,forward_all_in,5.8006,rate,-0.0003,14.3,14.3,7,7,https://www.chinamoney.com.cn/chinese/bkcurvfsw/
2026-09-07,16:30,swaps,USD.CNY,,5Y,swap_points,-9100.0,pips,0.0,57.1,57.1,7,7,https://www.chinamoney.com.cn/chinese/bkcurvfsw/
2026-09-07,16:30,swaps,USD.CNY,,6M,forward_all_in,6.6236,rate,-0.0004,14.3,14.3,7,7,https://www.chinamoney.com.cn/chinese/bkcurvfsw/
2026-09-07,16:30,swaps,USD.CNY,,6M,swap_points,-870.0,pips,-1.5,71.4,71.4,7,7,https://www.chinamoney.com.cn/chinese/bkcurvfsw/
2026-09-07,16:30,swaps,USD.CNY,,9M,forward_all_in,6.5759,rate,-0.0011,14.3,14.3,7,7,https://www.chinamoney.com.cn/chinese/bkcurvfsw/
2026-09-07,16:30,swaps,USD.CNY,,9M,swap_points,-1347.0,pips,-8.5,57.1,57.1,7,7,https://www.chinamoney.com.cn/chinese/bkcurvfsw/
2026-09-07,16:30,swaps,USD.CNY,,ON,forward_all_in,6.7114,rate,-0.0029,14.3,14.3,7,7,https://www.chinamoney.com.cn/chinese/bkcurvfsw/
2026-09-07,16:30,swaps,USD.CNY,,ON,swap_points,-4.4,pips,12.9,57.1,57.1,7,7,https://www.chinamoney.com.cn/chinese/bkcurvfsw/
2026-09-07,16:30,swaps,USD.CNY,,SN,forward_all_in,6.7101,rate,-0.0003,14.3,14.3,7,7,https://www.chinamoney.com.cn/chinese/bkcurvfsw/
2026-09-07,16:30,swaps,USD.CNY,,SN,swap_points,-4.39,pips,-0.06,85.7,85.7,7,7,https://www.chinamoney.com.cn/chinese/bkcurvfsw/
2026-09-07,16:30,swaps,USD.CNY,,TN,forward_all_in,6.711,rate,-0.0016,14.3,14.3,7,7,https://www.chinamoney.com.cn/chinese/bkcurvfsw/
2026-09-07,16:30,swaps,USD.CNY,,TN,swap_points,-4.4,pips,12.9,85.7,85.7,7,7,https://www.chinamoney.com.cn/chinese/bkcurvfsw/
2026-09-08,09:15,fixing,USD/CNY,,,fixing,6.7804,rate,0.0009,37.5,37.5,8,8,https://www.chinamoney.com.cn/chinese/bkccpr/
2026-09-08,,implied_rates,USD,,18M,implied_usd_rate,4.2675,pct,0.0099,75.0,75.0,8,8,https://www.chinamoney.com.cn/chinese/bkcurvuir/
2026-09-08,,implied_rates,USD,,1D,implied_usd_rate,3.7368,pct,-0.0271,25.0,25.0,8,8,https://www.chinamoney.com.cn/chinese/bkcurvuir/
2026-09-08,,implied_rates,USD,,1M,implied_usd_rate,3.9224,pct,0.0127,75.0,75.0,8,8,https://www.chinamoney.com.cn/chinese/bkcurvuir/
2026-09-08,,implied_rates,USD,,1W,implied_usd_rate,3.7876,pct,-0.0061,12.5,12.5,8,8,https://www.chinamoney.com.cn/chinese/bkcurvuir/
2026-09-08,,implied_rates,USD,,1Y,implied_usd_rate,4.2024,pct,0.0057,62.5,62.5,8,8,https://www.chinamoney.com.cn/chinese/bkcurvuir/
2026-09-08,,implied_rates,USD,,2M,implied_usd_rate,3.9617,pct,0.0119,66.7,66.7,9,9,https://www.chinamoney.com.cn/chinese/bkcurvuir/
2026-09-08,,implied_rates,USD,,2W,implied_usd_rate,3.8321,pct,0.0029,37.5,37.5,8,8,https://www.chinamoney.com.cn/chinese/bkcurvuir/
2026-09-08,,implied_rates,USD,,2Y,implied_usd_rate,4.2864,pct,0.0189,75.0,75.0,8,8,https://www.chinamoney.com.cn/chinese/bkcurvuir/
2026-09-08,,implied_rates,USD,,3M,implied_usd_rate,3.98,pct,0.0116,50.0,50.0,8,8,https://www.chinamoney.com.cn/chinese/bkcurvuir/
2026-09-08,,implied_rates,USD,,3W,implied_usd_rate,3.9184,pct,0.0559,100.0,100.0,8,8,https://www.chinamoney.com.cn/chinese/bkcurvuir/
2026-09-08,,implied_rates,USD,,3Y,implied_usd_rate,4.3241,pct,0.001,87.5,87.5,8,8,https://www.chinamoney.com.cn/chinese/bkcurvuir/
2026-09-08,,implied_rates,USD,,6M,implied_usd_rate,4.082,pct,0.0159,75.0,75.0,8,8,https://www.chinamoney.com.cn/chinese/bkcurvuir/
2026-09-08,,implied_rates,USD,,9M,implied_usd_rate,4.1454,pct,0.0074,62.5,62.5,8,8,https://www.chinamoney.com.cn/chinese/bkcurvuir/
2026-09-08,10:00,options,USD.CNY,10D BF,18M,implied_vol_ask,0.75,pct,0.0,100.0,100.0,6,6,https://www.chinamoney.com.cn/chinese/bkcurvfqq/
2026-09-08,10:00,options,USD.CNY,10D BF,18M,implied_vol_bid,0.35,pct,0.0,100.0,100.0,6,6,https://www.chinamoney.com.cn/chinese/bkcurvfqq/
2026-09-08,10:00,options,USD.CNY,10D BF,18M,implied_vol_mid,0.55,pct,0.0,100.0,100.0,6,6,https://www.chinamoney.com.cn/chinese/bkcurvfqq/
2026-09-08,10:00,options,USD.CNY,10D BF,1D,implied_vol_ask,0.15,pct,0.0,100.0,100.0,6,6,https://www.chinamoney.com.cn/chinese/bkcurvfqq/
2026-09-08,10:00,options,USD.CNY,10D BF,1D,implied_vol_bid,0.15,pct,0.0,100.0,100.0,6,6,https://www.chinamoney.com.cn/chinese/bkcurvfqq/
2026-09-08,10:00,options,USD.CNY,10D BF,1D,implied_vol_mid,0.15,pct,0.0,100.0,100.0,6,6,https://www.chinamoney.com.cn/chinese/bkcurvfqq/
2026-09-08,10:00,options,USD.CNY,10D BF,1M,implied_vol_ask,0.1225,pct,0.0225,100.0,100.0,6,6,https://www.chinamoney.com.cn/chinese/bkcurvfqq/
2026-09-08,10:00,options,USD.CNY,10D BF,1M,implied_vol_bid,0.1225,pct,0.0225,100.0,100.0,6,6,https://www.chinamoney.com.cn/chinese/bkcurvfqq/
2026-09-08,10:00,options,USD.CNY,10D BF,1M,implied_vol_mid,0.1225,pct,0.0225,100.0,100.0,6,6,https://www.chinamoney.com.cn/chinese/bkcurvfqq/
2026-09-08,10:00,options,USD.CNY,10D BF,1W,implied_vol_ask,0.2,pct,0.1,100.0,100.0,6,6,https://www.chinamoney.com.cn/chinese/bkcurvfqq/
2026-09-08,10:00,options,USD.CNY,10D BF,1W,implied_vol_bid,0.0,pct,-0.1,33.3,33.3,6,6,https://www.chinamoney.com.cn/chinese/bkcurvfqq/
2026-09-08,10:00,options,USD.CNY,10D BF,1W,implied_vol_mid,0.1,pct,0.0,100.0,100.0,6,6,https://www.chinamoney.com.cn/chinese/bkcurvfqq/
2026-09-08,10:00,options,USD.CNY,10D BF,1Y,implied_vol_ask,0.76,pct,0.23,100.0,100.0,6,6,https://www.chinamoney.com.cn/chinese/bkcurvfqq/
2026-09-08,10:00,options,USD.CNY,10D BF,1Y,implied_vol_bid,0.3,pct,-0.23,66.7,66.7,6,6,https://www.chinamoney.com.cn/chinese/bkcurvfqq/
2026-09-08,10:00,options,USD.CNY,10D BF,1Y,implied_vol_mid,0.53,pct,0.0,100.0,100.0,6,6,https://www.chinamoney.com.cn/chinese/bkcurvfqq/
2026-09-08,10:00,options,USD.CNY,10D BF,2M,implied_vol_ask,0.4,pct,0.0,100.0,100.0,6,6,https://www.chinamoney.com.cn/chinese/bkcurvfqq/
2026-09-08,10:00,options,USD.CNY,10D BF,2M,implied_vol_bid,0.04,pct,0.0,66.7,66.7,6,6,https://www.chinamoney.com.cn/chinese/bkcurvfqq/
2026-09-08,10:00,options,USD.CNY,10D BF,2M,implied_vol_mid,0.22,pct,0.0,100.0,100.0,6,6,https://www.chinamoney.com.cn/chinese/bkcurvfqq/
2026-09-08,10:00,options,USD.CNY,10D BF,2W,implied_vol_ask,0.2,pct,0.1,100.0,100.0,6,6,https://www.chinamoney.com.cn/chinese/bkcurvfqq/
2026-09-08,10:00,options,USD.CNY,10D BF,2W,implied_vol_bid,0.0,pct,-0.1,16.7,16.7,6,6,https://www.chinamoney.com.cn/chinese/bkcurvfqq/
2026-09-08,10:00,options,USD.CNY,10D BF,2W,implied_vol_mid,0.1,pct,0.0,100.0,100.0,6,6,https://www.chinamoney.com.cn/chinese/bkcurvfqq/
2026-09-08,10:00,options,USD.CNY,10D BF,2Y,implied_vol_ask,0.75,pct,0.0,100.0,100.0,6,6,https://www.chinamoney.com.cn/chinese/bkcurvfqq/
2026-09-08,10:00,options,USD.CNY,10D BF,2Y,implied_vol_bid,0.35,pct,0.0,100.0,100.0,6,6,https://www.chinamoney.com.cn/chinese/bkcurvfqq/
2026-09-08,10:00,options,USD.CNY,10D BF,2Y,implied_vol_mid,0.55,pct,0.0,100.0,100.0,6,6,https://www.chinamoney.com.cn/chinese/bkcurvfqq/
2026-09-08,10:00,options,USD.CNY,10D BF,3M,implied_vol_ask,0.49,pct,0.0,100.0,100.0,6,6,https://www.chinamoney.com.cn/chinese/bkcurvfqq/
2026-09-08,10:00,options,USD.CNY,10D BF,3M,implied_vol_bid,0.16,pct,0.0,50.0,50.0,6,6,https://www.chinamoney.com.cn/chinese/bkcurvfqq/
2026-09-08,10:00,options,USD.CNY,10D BF,3M,implied_vol_mid,0.325,pct,0.0,100.0,100.0,6,6,https://www.chinamoney.com.cn/chinese/bkcurvfqq/
2026-09-08,10:00,options,USD.CNY,10D BF,3W,implied_vol_ask,0.1,pct,0.0,83.3,83.3,6,6,https://www.chinamoney.com.cn/chinese/bkcurvfqq/
2026-09-08,10:00,options,USD.CNY,10D BF,3W,implied_vol_bid,0.1,pct,0.0,100.0,100.0,6,6,https://www.chinamoney.com.cn/chinese/bkcurvfqq/
2026-09-08,10:00,options,USD.CNY,10D BF,3W,implied_vol_mid,0.1,pct,0.0,100.0,100.0,6,6,https://www.chinamoney.com.cn/chinese/bkcurvfqq/
2026-09-08,10:00,options,USD.CNY,10D BF,3Y,implied_vol_ask,0.8,pct,0.0,100.0,100.0,6,6,https://www.chinamoney.com.cn/chinese/bkcurvfqq/
2026-09-08,10:00,options,USD.CNY,10D BF,3Y,implied_vol_bid,0.4,pct,0.0,100.0,100.0,6,6,https://www.chinamoney.com.cn/chinese/bkcurvfqq/
2026-09-08,10:00,options,USD.CNY,10D BF,3Y,implied_vol_mid,0.6,pct,0.0,100.0,100.0,6,6,https://www.chinamoney.com.cn/chinese/bkcurvfqq/
2026-09-08,10:00,options,USD.CNY,10D BF,6M,implied_vol_ask,0.61,pct,0.0,100.0,100.0,6,6,https://www.chinamoney.com.cn/chinese/bkcurvfqq/
2026-09-08,10:00,options,USD.CNY,10D BF,6M,implied_vol_bid,0.26,pct,0.0,33.3,33.3,6,6,https://www.chinamoney.com.cn/chinese/bkcurvfqq/
2026-09-08,10:00,options,USD.CNY,10D BF,6M,implied_vol_mid,0.435,pct,0.0,100.0,100.0,6,6,https://www.chinamoney.com.cn/chinese/bkcurvfqq/
2026-09-08,10:00,options,USD.CNY,10D BF,9M,implied_vol_ask,0.73,pct,0.0,100.0,100.0,6,6,https://www.chinamoney.com.cn/chinese/bkcurvfqq/
2026-09-08,10:00,options,USD.CNY,10D BF,9M,implied_vol_bid,0.24,pct,0.0,83.3,83.3,6,6,https://www.chinamoney.com.cn/chinese/bkcurvfqq/
2026-09-08,10:00,options,USD.CNY,10D BF,9M,implied_vol_mid,0.485,pct,0.0,100.0,100.0,6,6,https://www.chinamoney.com.cn/chinese/bkcurvfqq/
2026-09-08,10:00,options,USD.CNY,25D BF,18M,implied_vol_ask,0.28,pct,0.0,100.0,100.0,6,6,https://www.chinamoney.com.cn/chinese/bkcurvfqq/
2026-09-08,10:00,options,USD.CNY,25D BF,18M,implied_vol_bid,0.1,pct,0.0,100.0,100.0,6,6,https://www.chinamoney.com.cn/chinese/bkcurvfqq/
2026-09-08,10:00,options,USD.CNY,25D BF,18M,implied_vol_mid,0.19,pct,0.0,100.0,100.0,6,6,https://www.chinamoney.com.cn/chinese/bkcurvfqq/
2026-09-08,10:00,options,USD.CNY,25D BF,1D,implied_vol_ask,0.1,pct,0.0,100.0,100.0,6,6,https://www.chinamoney.com.cn/chinese/bkcurvfqq/
2026-09-08,10:00,options,USD.CNY,25D BF,1D,implied_vol_bid,0.1,pct,0.0,100.0,100.0,6,6,https://www.chinamoney.com.cn/chinese/bkcurvfqq/
2026-09-08,10:00,options,USD.CNY,25D BF,1D,implied_vol_mid,0.1,pct,0.0,100.0,100.0,6,6,https://www.chinamoney.com.cn/chinese/bkcurvfqq/
2026-09-08,10:00,options,USD.CNY,25D BF,1M,implied_vol_ask,0.0725,pct,0.0062,100.0,100.0,6,6,https://www.chinamoney.com.cn/chinese/bkcurvfqq/
2026-09-08,10:00,options,USD.CNY,25D BF,1M,implied_vol_bid,0.0725,pct,0.0062,100.0,100.0,6,6,https://www.chinamoney.com.cn/chinese/bkcurvfqq/
2026-09-08,10:00,options,USD.CNY,25D BF,1M,implied_vol_mid,0.0725,pct,0.0062,100.0,100.0,6,6,https://www.chinamoney.com.cn/chinese/bkcurvfqq/
2026-09-08,10:00,options,USD.CNY,25D BF,1W,implied_vol_ask,0.1,pct,0.025,100.0,100.0,6,6,https://www.chinamoney.com.cn/chinese/bkcurvfqq/
2026-09-08,10:00,options,USD.CNY,25D BF,1W,implied_vol_bid,0.0,pct,-0.075,33.3,33.3,6,6,https://www.chinamoney.com.cn/chinese/bkcurvfqq/
2026-09-08,10:00,options,USD.CNY,25D BF,1W,implied_vol_mid,0.0625,pct,-0.0125,66.7,66.7,6,6,https://www.chinamoney.com.cn/chinese/bkcurvfqq/
2026-09-08,10:00,options,USD.CNY,25D BF,1Y,implied_vol_ask,0.28,pct,0.105,100.0,100.0,6,6,https://www.chinamoney.com.cn/chinese/bkcurvfqq/
2026-09-08,10:00,options,USD.CNY,25D BF,1Y,implied_vol_bid,0.07,pct,-0.105,66.7,66.7,6,6,https://www.chinamoney.com.cn/chinese/bkcurvfqq/
2026-09-08,10:00,options,USD.CNY,25D BF,1Y,implied_vol_mid,0.175,pct,0.0,100.0,100.0,6,6,https://www.chinamoney.com.cn/chinese/bkcurvfqq/
2026-09-08,10:00,options,USD.CNY,25D BF,2M,implied_vol_ask,0.17,pct,0.08,100.0,100.0,6,6,https://www.chinamoney.com.cn/chinese/bkcurvfqq/
2026-09-08,10:00,options,USD.CNY,25D BF,2M,implied_vol_bid,0.0,pct,-0.085,50.0,50.0,6,6,https://www.chinamoney.com.cn/chinese/bkcurvfqq/
2026-09-08,10:00,options,USD.CNY,25D BF,2M,implied_vol_mid,0.085,pct,-0.0025,83.3,83.3,6,6,https://www.chinamoney.com.cn/chinese/bkcurvfqq/
2026-09-08,10:00,options,USD.CNY,25D BF,2W,implied_vol_ask,0.07,pct,-0.005,66.7,66.7,6,6,https://www.chinamoney.com.cn/chinese/bkcurvfqq/
2026-09-08,10:00,options,USD.CNY,25D BF,2W,implied_vol_bid,0.06,pct,-0.015,50.0,50.0,6,6,https://www.chinamoney.com.cn/chinese/bkcurvfqq/
2026-09-08,10:00,options,USD.CNY,25D BF,2W,implied_vol_mid,0.061,pct,-0.014,50.0,50.0,6,6,https://www.chinamoney.com.cn/chinese/bkcurvfqq/
2026-09-08,10:00,options,USD.CNY,25D BF,2Y,implied_vol_ask,0.32,pct,0.0,100.0,100.0,6,6,https://www.chinamoney.com.cn/chinese/bkcurvfqq/
2026-09-08,10:00,options,USD.CNY,25D BF,2Y,implied_vol_bid,0.1,pct,0.0,100.0,100.0,6,6,https://www.chinamoney.com.cn/chinese/bkcurvfqq/
2026-09-08,10:00,options,USD.CNY,25D BF,2Y,implied_vol_mid,0.21,pct,0.0,100.0,100.0,6,6,https://www.chinamoney.com.cn/chinese/bkcurvfqq/
2026-09-08,10:00,options,USD.CNY,25D BF,3M,implied_vol_ask,0.18,pct,0.085,100.0,100.0,6,6,https://www.chinamoney.com.cn/chinese/bkcurvfqq/
2026-09-08,10:00,options,USD.CNY,25D BF,3M,implied_vol_bid,0.0,pct,-0.09,16.7,16.7,6,6,https://www.chinamoney.com.cn/chinese/bkcurvfqq/
2026-09-08,10:00,options,USD.CNY,25D BF,3M,implied_vol_mid,0.09,pct,-0.0025,66.7,66.7,6,6,https://www.chinamoney.com.cn/chinese/bkcurvfqq/
2026-09-08,10:00,options,USD.CNY,25D BF,3W,implied_vol_ask,0.05,pct,-0.025,16.7,16.7,6,6,https://www.chinamoney.com.cn/chinese/bkcurvfqq/
2026-09-08,10:00,options,USD.CNY,25D BF,3W,implied_vol_bid,0.05,pct,-0.025,33.3,33.3,6,6,https://www.chinamoney.com.cn/chinese/bkcurvfqq/
2026-09-08,10:00,options,USD.CNY,25D BF,3W,implied_vol_mid,0.05,pct,-0.025,16.7,16.7,6,6,https://www.chinamoney.com.cn/chinese/bkcurvfqq/
2026-09-08,10:00,options,USD.CNY,25D BF,3Y,implied_vol_ask,0.35,pct,0.0,100.0,100.0,6,6,https://www.chinamoney.com.cn/chinese/bkcurvfqq/
2026-09-08,10:00,options,USD.CNY,25D BF,3Y,implied_vol_bid,0.1,pct,0.0,100.0,100.0,6,6,https://www.chinamoney.com.cn/chinese/bkcurvfqq/
2026-09-08,10:00,options,USD.CNY,25D BF,3Y,implied_vol_mid,0.225,pct,0.0,100.0,100.0,6,6,https://www.chinamoney.com.cn/chinese/bkcurvfqq/
2026-09-08,10:00,options,USD.CNY,25D BF,6M,implied_vol_ask,0.23,pct,0.0875,100.0,100.0,6,6,https://www.chinamoney.com.cn/chinese/bkcurvfqq/
2026-09-08,10:00,options,USD.CNY,25D BF,6M,implied_vol_bid,0.04,pct,-0.0975,16.7,16.7,6,6,https://www.chinamoney.com.cn/chinese/bkcurvfqq/
2026-09-08,10:00,options,USD.CNY,25D BF,6M,implied_vol_mid,0.135,pct,-0.005,50.0,50.0,6,6,https://www.chinamoney.com.cn/chinese/bkcurvfqq/
2026-09-08,10:00,options,USD.CNY,25D BF,9M,implied_vol_ask,0.26,pct,0.0925,100.0,100.0,6,6,https://www.chinamoney.com.cn/chinese/bkcurvfqq/
2026-09-08,10:00,options,USD.CNY,25D BF,9M,implied_vol_bid,0.07,pct,-0.0925,66.7,66.7,6,6,https://www.chinamoney.com.cn/chinese/bkcurvfqq/
2026-09-08,10:00,options,USD.CNY,25D BF,9M,implied_vol_mid,0.165,pct,0.0,100.0,100.0,6,6,https://www.chinamoney.com.cn/chinese/bkcurvfqq/
2026-09-08,10:00,options,USD.CNY,25D RR,18M,implied_vol_ask,0.5,pct,0.0,100.0,100.0,6,6,https://www.chinamoney.com.cn/chinese/bkcurvfqq/
2026-09-08,10:00,options,USD.CNY,25D RR,18M,implied_vol_bid,-0.5,pct,0.0,100.0,100.0,6,6,https://www.chinamoney.com.cn/chinese/bkcurvfqq/
2026-09-08,10:00,options,USD.CNY,25D RR,18M,implied_vol_mid,0.0,pct,0.0,100.0,100.0,6,6,https://www.chinamoney.com.cn/chinese/bkcurvfqq/
2026-09-08,10:00,options,USD.CNY,25D RR,1D,implied_vol_ask,-0.05,pct,0.0,50.0,50.0,6,6,https://www.chinamoney.com.cn/chinese/bkcurvfqq/
2026-09-08,10:00,options,USD.CNY,25D RR,1D,implied_vol_bid,-0.05,pct,0.0,50.0,50.0,6,6,https://www.chinamoney.com.cn/chinese/bkcurvfqq/
2026-09-08,10:00,options,USD.CNY,25D RR,1D,implied_vol_mid,-0.05,pct,0.0,50.0,50.0,6,6,https://www.chinamoney.com.cn/chinese/bkcurvfqq/
2026-09-08,10:00,options,USD.CNY,25D RR,1M,implied_vol_ask,-0.05,pct,0.0,33.3,33.3,6,6,https://www.chinamoney.com.cn/chinese/bkcurvfqq/
2026-09-08,10:00,options,USD.CNY,25D RR,1M,implied_vol_bid,-0.05,pct,0.0,33.3,33.3,6,6,https://www.chinamoney.com.cn/chinese/bkcurvfqq/
2026-09-08,10:00,options,USD.CNY,25D RR,1M,implied_vol_mid,-0.05,pct,0.0,33.3,33.3,6,6,https://www.chinamoney.com.cn/chinese/bkcurvfqq/
2026-09-08,10:00,options,USD.CNY,25D RR,1W,implied_vol_ask,0.3,pct,0.4,83.3,83.3,6,6,https://www.chinamoney.com.cn/chinese/bkcurvfqq/
2026-09-08,10:00,options,USD.CNY,25D RR,1W,implied_vol_bid,-0.5,pct,-0.4,33.3,33.3,6,6,https://www.chinamoney.com.cn/chinese/bkcurvfqq/
2026-09-08,10:00,options,USD.CNY,25D RR,1W,implied_vol_mid,-0.1,pct,0.0,33.3,33.3,6,6,https://www.chinamoney.com.cn/chinese/bkcurvfqq/
2026-09-08,10:00,options,USD.CNY,25D RR,1Y,implied_vol_ask,-0.01,pct,0.015,33.3,33.3,6,6,https://www.chinamoney.com.cn/chinese/bkcurvfqq/
2026-09-08,10:00,options,USD.CNY,25D RR,1Y,implied_vol_bid,-0.035,pct,-0.01,33.3,33.3,6,6,https://www.chinamoney.com.cn/chinese/bkcurvfqq/
2026-09-08,10:00,options,USD.CNY,25D RR,1Y,implied_vol_mid,-0.025,pct,0.0,33.3,33.3,6,6,https://www.chinamoney.com.cn/chinese/bkcurvfqq/
2026-09-08,10:00,options,USD.CNY,25D RR,2M,implied_vol_ask,-0.03,pct,-0.005,16.7,16.7,6,6,https://www.chinamoney.com.cn/chinese/bkcurvfqq/
2026-09-08,10:00,options,USD.CNY,25D RR,2M,implied_vol_bid,-0.05,pct,0.02,66.7,66.7,6,6,https://www.chinamoney.com.cn/chinese/bkcurvfqq/
2026-09-08,10:00,options,USD.CNY,25D RR,2M,implied_vol_mid,-0.035,pct,0.015,33.3,33.3,6,6,https://www.chinamoney.com.cn/chinese/bkcurvfqq/
2026-09-08,10:00,options,USD.CNY,25D RR,2W,implied_vol_ask,0.3,pct,0.4,100.0,100.0,6,6,https://www.chinamoney.com.cn/chinese/bkcurvfqq/
2026-09-08,10:00,options,USD.CNY,25D RR,2W,implied_vol_bid,-0.5,pct,-0.4,16.7,16.7,6,6,https://www.chinamoney.com.cn/chinese/bkcurvfqq/
2026-09-08,10:00,options,USD.CNY,25D RR,2W,implied_vol_mid,-0.14,pct,-0.04,16.7,16.7,6,6,https://www.chinamoney.com.cn/chinese/bkcurvfqq/
2026-09-08,10:00,options,USD.CNY,25D RR,2Y,implied_vol_ask,0.5,pct,0.0,100.0,100.0,6,6,https://www.chinamoney.com.cn/chinese/bkcurvfqq/
2026-09-08,10:00,options,USD.CNY,25D RR,2Y,implied_vol_bid,-0.5,pct,0.0,100.0,100.0,6,6,https://www.chinamoney.com.cn/chinese/bkcurvfqq/
2026-09-08,10:00,options,USD.CNY,25D RR,2Y,implied_vol_mid,0.0,pct,0.0,100.0,100.0,6,6,https://www.chinamoney.com.cn/chinese/bkcurvfqq/
2026-09-08,10:00,options,USD.CNY,25D RR,3M,implied_vol_ask,0.3,pct,0.3,83.3,83.3,6,6,https://www.chinamoney.com.cn/chinese/bkcurvfqq/
2026-09-08,10:00,options,USD.CNY,25D RR,3M,implied_vol_bid,-0.4,pct,-0.33,16.7,16.7,6,6,https://www.chinamoney.com.cn/chinese/bkcurvfqq/
2026-09-08,10:00,options,USD.CNY,25D RR,3M,implied_vol_mid,-0.05,pct,-0.015,16.7,16.7,6,6,https://www.chinamoney.com.cn/chinese/bkcurvfqq/
2026-09-08,10:00,options,USD.CNY,25D RR,3W,implied_vol_ask,-0.1,pct,0.0,33.3,33.3,6,6,https://www.chinamoney.com.cn/chinese/bkcurvfqq/
2026-09-08,10:00,options,USD.CNY,25D RR,3W,implied_vol_bid,-0.1,pct,0.0,50.0,50.0,6,6,https://www.chinamoney.com.cn/chinese/bkcurvfqq/
2026-09-08,10:00,options,USD.CNY,25D RR,3W,implied_vol_mid,-0.1,pct,0.0,33.3,33.3,6,6,https://www.chinamoney.com.cn/chinese/bkcurvfqq/
2026-09-08,10:00,options,USD.CNY,25D RR,3Y,implied_vol_ask,0.5,pct,0.0,100.0,100.0,6,6,https://www.chinamoney.com.cn/chinese/bkcurvfqq/
2026-09-08,10:00,options,USD.CNY,25D RR,3Y,implied_vol_bid,-0.5,pct,0.0,100.0,100.0,6,6,https://www.chinamoney.com.cn/chinese/bkcurvfqq/
2026-09-08,10:00,options,USD.CNY,25D RR,3Y,implied_vol_mid,0.0,pct,0.0,100.0,100.0,6,6,https://www.chinamoney.com.cn/chinese/bkcurvfqq/
2026-09-08,10:00,options,USD.CNY,25D RR,6M,implied_vol_ask,-0.01,pct,-0.01,16.7,16.7,6,6,https://www.chinamoney.com.cn/chinese/bkcurvfqq/
2026-09-08,10:00,options,USD.CNY,25D RR,6M,implied_vol_bid,-0.075,pct,-0.025,16.7,16.7,6,6,https://www.chinamoney.com.cn/chinese/bkcurvfqq/
2026-09-08,10:00,options,USD.CNY,25D RR,6M,implied_vol_mid,-0.0425,pct,-0.0175,16.7,16.7,6,6,https://www.chinamoney.com.cn/chinese/bkcurvfqq/
2026-09-08,10:00,options,USD.CNY,25D RR,9M,implied_vol_ask,-0.01,pct,-0.01,16.7,16.7,6,6,https://www.chinamoney.com.cn/chinese/bkcurvfqq/
2026-09-08,10:00,options,USD.CNY,25D RR,9M,implied_vol_bid,-0.035,pct,0.015,50.0,50.0,6,6,https://www.chinamoney.com.cn/chinese/bkcurvfqq/
2026-09-08,10:00,options,USD.CNY,25D RR,9M,implied_vol_mid,-0.025,pct,0.0,50.0,50.0,6,6,https://www.chinamoney.com.cn/chinese/bkcurvfqq/
2026-09-08,10:00,options,USD.CNY,ATM,18M,implied_vol_ask,3.4,pct,0.0,100.0,100.0,6,6,https://www.chinamoney.com.cn/chinese/bkcurvfqq/
2026-09-08,10:00,options,USD.CNY,ATM,18M,implied_vol_bid,3.0,pct,0.0,100.0,100.0,6,6,https://www.chinamoney.com.cn/chinese/bkcurvfqq/
2026-09-08,10:00,options,USD.CNY,ATM,18M,implied_vol_mid,3.2,pct,0.0,100.0,100.0,6,6,https://www.chinamoney.com.cn/chinese/bkcurvfqq/
2026-09-08,10:00,options,USD.CNY,ATM,1D,implied_vol_ask,1.5,pct,0.0,100.0,100.0,6,6,https://www.chinamoney.com.cn/chinese/bkcurvfqq/
2026-09-08,10:00,options,USD.CNY,ATM,1D,implied_vol_bid,1.5,pct,0.0,100.0,100.0,6,6,https://www.chinamoney.com.cn/chinese/bkcurvfqq/
2026-09-08,10:00,options,USD.CNY,ATM,1D,implied_vol_mid,1.5,pct,0.0,100.0,100.0,6,6,https://www.chinamoney.com.cn/chinese/bkcurvfqq/
2026-09-08,10:00,options,USD.CNY,ATM,1M,implied_vol_ask,1.6624,pct,0.0874,100.0,100.0,6,6,https://www.chinamoney.com.cn/chinese/bkcurvfqq/
2026-09-08,10:00,options,USD.CNY,ATM,1M,implied_vol_bid,1.6624,pct,0.0874,100.0,100.0,6,6,https://www.chinamoney.com.cn/chinese/bkcurvfqq/
2026-09-08,10:00,options,USD.CNY,ATM,1M,implied_vol_mid,1.6624,pct,0.0874,100.0,100.0,6,6,https://www.chinamoney.com.cn/chinese/bkcurvfqq/
2026-09-08,10:00,options,USD.CNY,ATM,1W,implied_vol_ask,1.65,pct,0.1786,100.0,100.0,6,6,https://www.chinamoney.com.cn/chinese/bkcurvfqq/
2026-09-08,10:00,options,USD.CNY,ATM,1W,implied_vol_bid,1.25,pct,-0.2214,50.0,50.0,6,6,https://www.chinamoney.com.cn/chinese/bkcurvfqq/
2026-09-08,10:00,options,USD.CNY,ATM,1W,implied_vol_mid,1.4618,pct,-0.0096,83.3,83.3,6,6,https://www.chinamoney.com.cn/chinese/bkcurvfqq/
2026-09-08,10:00,options,USD.CNY,ATM,1Y,implied_vol_ask,3.075,pct,0.0374,83.3,83.3,6,6,https://www.chinamoney.com.cn/chinese/bkcurvfqq/
2026-09-08,10:00,options,USD.CNY,ATM,1Y,implied_vol_bid,3.05,pct,0.0124,100.0,100.0,6,6,https://www.chinamoney.com.cn/chinese/bkcurvfqq/
2026-09-08,10:00,options,USD.CNY,ATM,1Y,implied_vol_mid,3.0686,pct,0.031,100.0,100.0,6,6,https://www.chinamoney.com.cn/chinese/bkcurvfqq/
2026-09-08,10:00,options,USD.CNY,ATM,2M,implied_vol_ask,1.975,pct,0.025,66.7,66.7,6,6,https://www.chinamoney.com.cn/chinese/bkcurvfqq/
2026-09-08,10:00,options,USD.CNY,ATM,2M,implied_vol_bid,1.875,pct,0.025,83.3,83.3,6,6,https://www.chinamoney.com.cn/chinese/bkcurvfqq/
2026-09-08,10:00,options,USD.CNY,ATM,2M,implied_vol_mid,1.935,pct,0.035,100.0,100.0,6,6,https://www.chinamoney.com.cn/chinese/bkcurvfqq/
2026-09-08,10:00,options,USD.CNY,ATM,2W,implied_vol_ask,1.7,pct,0.2207,100.0,100.0,6,6,https://www.chinamoney.com.cn/chinese/bkcurvfqq/
2026-09-08,10:00,options,USD.CNY,ATM,2W,implied_vol_bid,1.3,pct,-0.1793,33.3,33.3,6,6,https://www.chinamoney.com.cn/chinese/bkcurvfqq/
2026-09-08,10:00,options,USD.CNY,ATM,2W,implied_vol_mid,1.4946,pct,0.0153,83.3,83.3,6,6,https://www.chinamoney.com.cn/chinese/bkcurvfqq/
2026-09-08,10:00,options,USD.CNY,ATM,2Y,implied_vol_ask,3.6,pct,0.0,100.0,100.0,6,6,https://www.chinamoney.com.cn/chinese/bkcurvfqq/
2026-09-08,10:00,options,USD.CNY,ATM,2Y,implied_vol_bid,3.15,pct,0.0,100.0,100.0,6,6,https://www.chinamoney.com.cn/chinese/bkcurvfqq/
2026-09-08,10:00,options,USD.CNY,ATM,2Y,implied_vol_mid,3.375,pct,0.0,100.0,100.0,6,6,https://www.chinamoney.com.cn/chinese/bkcurvfqq/
2026-09-08,10:00,options,USD.CNY,ATM,3M,implied_vol_ask,2.25,pct,0.1,100.0,100.0,6,6,https://www.chinamoney.com.cn/chinese/bkcurvfqq/
2026-09-08,10:00,options,USD.CNY,ATM,3M,implied_vol_bid,1.9,pct,-0.1,33.3,33.3,6,6,https://www.chinamoney.com.cn/chinese/bkcurvfqq/
2026-09-08,10:00,options,USD.CNY,ATM,3M,implied_vol_mid,2.075,pct,0.0,100.0,100.0,6,6,https://www.chinamoney.com.cn/chinese/bkcurvfqq/
2026-09-08,10:00,options,USD.CNY,ATM,3W,implied_vol_ask,1.5526,pct,0.0026,83.3,83.3,6,6,https://www.chinamoney.com.cn/chinese/bkcurvfqq/
2026-09-08,10:00,options,USD.CNY,ATM,3W,implied_vol_bid,1.5526,pct,0.0026,100.0,100.0,6,6,https://www.chinamoney.com.cn/chinese/bkcurvfqq/
2026-09-08,10:00,options,USD.CNY,ATM,3W,implied_vol_mid,1.5526,pct,0.0026,100.0,100.0,6,6,https://www.chinamoney.com.cn/chinese/bkcurvfqq/
2026-09-08,10:00,options,USD.CNY,ATM,3Y,implied_vol_ask,3.8,pct,0.0,100.0,100.0,6,6,https://www.chinamoney.com.cn/chinese/bkcurvfqq/
2026-09-08,10:00,options,USD.CNY,ATM,3Y,implied_vol_bid,3.25,pct,0.0,100.0,100.0,6,6,https://www.chinamoney.com.cn/chinese/bkcurvfqq/
2026-09-08,10:00,options,USD.CNY,ATM,3Y,implied_vol_mid,3.525,pct,0.0,100.0,100.0,6,6,https://www.chinamoney.com.cn/chinese/bkcurvfqq/
2026-09-08,10:00,options,USD.CNY,ATM,6M,implied_vol_ask,2.6,pct,0.05,100.0,100.0,6,6,https://www.chinamoney.com.cn/chinese/bkcurvfqq/
2026-09-08,10:00,options,USD.CNY,ATM,6M,implied_vol_bid,2.55,pct,0.05,100.0,100.0,6,6,https://www.chinamoney.com.cn/chinese/bkcurvfqq/
2026-09-08,10:00,options,USD.CNY,ATM,6M,implied_vol_mid,2.575,pct,0.05,100.0,100.0,6,6,https://www.chinamoney.com.cn/chinese/bkcurvfqq/
2026-09-08,10:00,options,USD.CNY,ATM,9M,implied_vol_ask,2.875,pct,0.025,66.7,66.7,6,6,https://www.chinamoney.com.cn/chinese/bkcurvfqq/
2026-09-08,10:00,options,USD.CNY,ATM,9M,implied_vol_bid,2.85,pct,0.025,100.0,100.0,6,6,https://www.chinamoney.com.cn/chinese/bkcurvfqq/
2026-09-08,10:00,options,USD.CNY,ATM,9M,implied_vol_mid,2.85,pct,0.025,100.0,100.0,6,6,https://www.chinamoney.com.cn/chinese/bkcurvfqq/
2026-09-08,14:00,reference_rate,USD/CNY,,,reference_rate_14,6.7108,rate,-0.0003,11.1,11.1,9,9,https://www.chinamoney.com.cn/ags/ms/cm-u-bk-fx/RefRateHis
2026-09-08,16:30,swaps,USD.CNY,,18M,forward_all_in,6.4319,rate,-0.0007,12.5,12.5,8,8,https://www.chinamoney.com.cn/chinese/bkcurvfsw/
2026-09-08,16:30,swaps,USD.CNY,,18M,swap_points,-2790.0,pips,-10.0,37.5,37.5,8,8,https://www.chinamoney.com.cn/chinese/bkcurvfsw/
2026-09-08,16:30,swaps,USD.CNY,,1M,forward_all_in,6.6957,rate,-0.0011,12.5,12.5,8,8,https://www.chinamoney.com.cn/chinese/bkcurvfsw/
2026-09-08,16:30,swaps,USD.CNY,,1M,swap_points,-151.9,pips,-14.5,62.5,62.5,8,8,https://www.chinamoney.com.cn/chinese/bkcurvfsw/
2026-09-08,16:30,swaps,USD.CNY,,1W,forward_all_in,6.7078,rate,0.0003,37.5,37.5,8,8,https://www.chinamoney.com.cn/chinese/bkcurvfsw/
2026-09-08,16:30,swaps,USD.CNY,,1W,swap_points,-30.95,pips,0.05,87.5,87.5,8,8,https://www.chinamoney.com.cn/chinese/bkcurvfsw/
2026-09-08,16:30,swaps,USD.CNY,,1Y,forward_all_in,6.5276,rate,-0.0001,12.5,12.5,8,8,https://www.chinamoney.com.cn/chinese/bkcurvfsw/
2026-09-08,16:30,swaps,USD.CNY,,1Y,swap_points,-1833.0,pips,-4.0,50.0,50.0,8,8,https://www.chinamoney.com.cn/chinese/bkcurvfsw/
2026-09-08,16:30,swaps,USD.CNY,,2M,forward_all_in,6.6824,rate,0.0001,37.5,37.5,8,8,https://www.chinamoney.com.cn/chinese/bkcurvfsw/
2026-09-08,16:30,swaps,USD.CNY,,2M,swap_points,-284.4,pips,-1.4,75.0,75.0,8,8,https://www.chinamoney.com.cn/chinese/bkcurvfsw/
2026-09-08,16:30,swaps,USD.CNY,,2W,forward_all_in,6.7046,rate,0.0003,37.5,37.5,8,8,https://www.chinamoney.com.cn/chinese/bkcurvfsw/
2026-09-08,16:30,swaps,USD.CNY,,2W,swap_points,-62.7,pips,-0.02,75.0,75.0,8,8,https://www.chinamoney.com.cn/chinese/bkcurvfsw/
2026-09-08,16:30,swaps,USD.CNY,,2Y,forward_all_in,6.3379,rate,-0.0017,12.5,12.5,8,8,https://www.chinamoney.com.cn/chinese/bkcurvfsw/
2026-09-08,16:30,swaps,USD.CNY,,2Y,swap_points,-3730.0,pips,-20.0,37.5,37.5,8,8,https://www.chinamoney.com.cn/chinese/bkcurvfsw/
2026-09-08,16:30,swaps,USD.CNY,,3M,forward_all_in,6.6682,rate,0.0001,25.0,25.0,8,8,https://www.chinamoney.com.cn/chinese/bkcurvfsw/
2026-09-08,16:30,swaps,USD.CNY,,3M,swap_points,-427.0,pips,-2.5,62.5,62.5,8,8,https://www.chinamoney.com.cn/chinese/bkcurvfsw/
2026-09-08,16:30,swaps,USD.CNY,,3W,forward_all_in,6.698,rate,-0.0031,12.5,12.5,8,8,https://www.chinamoney.com.cn/chinese/bkcurvfsw/
2026-09-08,16:30,swaps,USD.CNY,,3W,swap_points,-128.8,pips,-34.1,12.5,12.5,8,8,https://www.chinamoney.com.cn/chinese/bkcurvfsw/
2026-09-08,16:30,swaps,USD.CNY,,3Y,forward_all_in,6.1559,rate,0.0001,25.0,25.0,8,8,https://www.chinamoney.com.cn/chinese/bkcurvfsw/
2026-09-08,16:30,swaps,USD.CNY,,3Y,swap_points,-5550.0,pips,-2.5,12.5,12.5,8,8,https://www.chinamoney.com.cn/chinese/bkcurvfsw/
2026-09-08,16:30,swaps,USD.CNY,,4M,forward_all_in,6.6523,rate,0.0004,25.0,25.0,8,8,https://www.chinamoney.com.cn/chinese/bkcurvfsw/
2026-09-08,16:30,swaps,USD.CNY,,4M,swap_points,-586.0,pips,1.0,50.0,50.0,8,8,https://www.chinamoney.com.cn/chinese/bkcurvfsw/
2026-09-08,16:30,swaps,USD.CNY,,4Y,forward_all_in,5.9759,rate,0.0003,37.5,37.5,8,8,https://www.chinamoney.com.cn/chinese/bkcurvfsw/
2026-09-08,16:30,swaps,USD.CNY,,4Y,swap_points,-7350.0,pips,0.0,62.5,62.5,8,8,https://www.chinamoney.com.cn/chinese/bkcurvfsw/
2026-09-08,16:30,swaps,USD.CNY,,5M,forward_all_in,6.6344,rate,0.0003,37.5,37.5,8,8,https://www.chinamoney.com.cn/chinese/bkcurvfsw/
2026-09-08,16:30,swaps,USD.CNY,,5M,swap_points,-764.01,pips,0.49,50.0,50.0,8,8,https://www.chinamoney.com.cn/chinese/bkcurvfsw/
2026-09-08,16:30,swaps,USD.CNY,,5Y,forward_all_in,5.8009,rate,0.0003,37.5,37.5,8,8,https://www.chinamoney.com.cn/chinese/bkcurvfsw/
2026-09-08,16:30,swaps,USD.CNY,,5Y,swap_points,-9100.0,pips,0.0,62.5,62.5,8,8,https://www.chinamoney.com.cn/chinese/bkcurvfsw/
2026-09-08,16:30,swaps,USD.CNY,,6M,forward_all_in,6.6234,rate,-0.0002,12.5,12.5,8,8,https://www.chinamoney.com.cn/chinese/bkcurvfsw/
2026-09-08,16:30,swaps,USD.CNY,,6M,swap_points,-875.0,pips,-5.0,50.0,50.0,8,8,https://www.chinamoney.com.cn/chinese/bkcurvfsw/
2026-09-08,16:30,swaps,USD.CNY,,9M,forward_all_in,6.5762,rate,0.0003,25.0,25.0,8,8,https://www.chinamoney.com.cn/chinese/bkcurvfsw/
2026-09-08,16:30,swaps,USD.CNY,,9M,swap_points,-1347.0,pips,0.0,62.5,62.5,8,8,https://www.chinamoney.com.cn/chinese/bkcurvfsw/
2026-09-08,16:30,swaps,USD.CNY,,ON,forward_all_in,6.7117,rate,0.0003,25.0,25.0,8,8,https://www.chinamoney.com.cn/chinese/bkcurvfsw/
2026-09-08,16:30,swaps,USD.CNY,,ON,swap_points,-4.15,pips,0.25,87.5,87.5,8,8,https://www.chinamoney.com.cn/chinese/bkcurvfsw/
2026-09-08,16:30,swaps,USD.CNY,,SN,forward_all_in,6.7104,rate,0.0003,37.5,37.5,8,8,https://www.chinamoney.com.cn/chinese/bkcurvfsw/
2026-09-08,16:30,swaps,USD.CNY,,SN,swap_points,-4.35,pips,0.04,87.5,87.5,8,8,https://www.chinamoney.com.cn/chinese/bkcurvfsw/
2026-09-08,16:30,swaps,USD.CNY,,TN,forward_all_in,6.7113,rate,0.0003,25.0,25.0,8,8,https://www.chinamoney.com.cn/chinese/bkcurvfsw/
2026-09-08,16:30,swaps,USD.CNY,,TN,swap_points,-4.35,pips,0.05,87.5,87.5,8,8,https://www.chinamoney.com.cn/chinese/bkcurvfsw/
2026-09-09,09:15,fixing,USD/CNY,,,fixing,6.7769,rate,-0.0035,11.1,11.1,9,9,https://www.chinamoney.com.cn/chinese/bkccpr/
2026-09-09,,implied_rates,USD,,18M,implied_usd_rate,4.2895,pct,0.022,100.0,100.0,9,9,https://www.chinamoney.com.cn/chinese/bkcurvuir/
2026-09-09,,implied_rates,USD,,1D,implied_usd_rate,3.7772,pct,0.0404,55.6,55.6,9,9,https://www.chinamoney.com.cn/chinese/bkcurvuir/
2026-09-09,,implied_rates,USD,,1M,implied_usd_rate,3.9532,pct,0.0308,100.0,100.0,9,9,https://www.chinamoney.com.cn/chinese/bkcurvuir/
2026-09-09,,implied_rates,USD,,1W,implied_usd_rate,3.8231,pct,0.0355,55.6,55.6,9,9,https://www.chinamoney.com.cn/chinese/bkcurvuir/
2026-09-09,,implied_rates,USD,,1Y,implied_usd_rate,4.2241,pct,0.0217,88.9,88.9,9,9,https://www.chinamoney.com.cn/chinese/bkcurvuir/
2026-09-09,,implied_rates,USD,,2M,implied_usd_rate,3.9868,pct,0.0251,100.0,100.0,10,10,https://www.chinamoney.com.cn/chinese/bkcurvuir/
2026-09-09,,implied_rates,USD,,2W,implied_usd_rate,3.8688,pct,0.0367,77.8,77.8,9,9,https://www.chinamoney.com.cn/chinese/bkcurvuir/
2026-09-09,,implied_rates,USD,,2Y,implied_usd_rate,4.3217,pct,0.0353,100.0,100.0,9,9,https://www.chinamoney.com.cn/chinese/bkcurvuir/
2026-09-09,,implied_rates,USD,,3M,implied_usd_rate,4.0121,pct,0.0321,100.0,100.0,9,9,https://www.chinamoney.com.cn/chinese/bkcurvuir/
2026-09-09,,implied_rates,USD,,3W,implied_usd_rate,3.9484,pct,0.03,100.0,100.0,9,9,https://www.chinamoney.com.cn/chinese/bkcurvuir/
2026-09-09,,implied_rates,USD,,3Y,implied_usd_rate,4.3443,pct,0.0202,100.0,100.0,9,9,https://www.chinamoney.com.cn/chinese/bkcurvuir/
2026-09-09,,implied_rates,USD,,6M,implied_usd_rate,4.1002,pct,0.0182,100.0,100.0,9,9,https://www.chinamoney.com.cn/chinese/bkcurvuir/
2026-09-09,,implied_rates,USD,,9M,implied_usd_rate,4.1682,pct,0.0228,88.9,88.9,9,9,https://www.chinamoney.com.cn/chinese/bkcurvuir/
2026-09-09,10:00,options,USD.CNY,10D BF,18M,implied_vol_ask,0.75,pct,0.0,100.0,100.0,7,7,https://www.chinamoney.com.cn/chinese/bkcurvfqq/
2026-09-09,10:00,options,USD.CNY,10D BF,18M,implied_vol_bid,0.35,pct,0.0,100.0,100.0,7,7,https://www.chinamoney.com.cn/chinese/bkcurvfqq/
2026-09-09,10:00,options,USD.CNY,10D BF,18M,implied_vol_mid,0.55,pct,0.0,100.0,100.0,7,7,https://www.chinamoney.com.cn/chinese/bkcurvfqq/
2026-09-09,10:00,options,USD.CNY,10D BF,1D,implied_vol_ask,0.15,pct,0.0,100.0,100.0,7,7,https://www.chinamoney.com.cn/chinese/bkcurvfqq/
2026-09-09,10:00,options,USD.CNY,10D BF,1D,implied_vol_bid,0.15,pct,0.0,100.0,100.0,7,7,https://www.chinamoney.com.cn/chinese/bkcurvfqq/
2026-09-09,10:00,options,USD.CNY,10D BF,1D,implied_vol_mid,0.15,pct,0.0,100.0,100.0,7,7,https://www.chinamoney.com.cn/chinese/bkcurvfqq/
2026-09-09,10:00,options,USD.CNY,10D BF,1M,implied_vol_ask,0.1225,pct,0.0,100.0,100.0,7,7,https://www.chinamoney.com.cn/chinese/bkcurvfqq/
2026-09-09,10:00,options,USD.CNY,10D BF,1M,implied_vol_bid,0.1225,pct,0.0,100.0,100.0,7,7,https://www.chinamoney.com.cn/chinese/bkcurvfqq/
2026-09-09,10:00,options,USD.CNY,10D BF,1M,implied_vol_mid,0.1225,pct,0.0,100.0,100.0,7,7,https://www.chinamoney.com.cn/chinese/bkcurvfqq/
2026-09-09,10:00,options,USD.CNY,10D BF,1W,implied_vol_ask,0.1,pct,-0.1,71.4,71.4,7,7,https://www.chinamoney.com.cn/chinese/bkcurvfqq/
2026-09-09,10:00,options,USD.CNY,10D BF,1W,implied_vol_bid,0.1,pct,0.1,100.0,100.0,7,7,https://www.chinamoney.com.cn/chinese/bkcurvfqq/
2026-09-09,10:00,options,USD.CNY,10D BF,1W,implied_vol_mid,0.1,pct,0.0,100.0,100.0,7,7,https://www.chinamoney.com.cn/chinese/bkcurvfqq/
2026-09-09,10:00,options,USD.CNY,10D BF,1Y,implied_vol_ask,0.76,pct,0.0,100.0,100.0,7,7,https://www.chinamoney.com.cn/chinese/bkcurvfqq/
2026-09-09,10:00,options,USD.CNY,10D BF,1Y,implied_vol_bid,0.3,pct,0.0,71.4,71.4,7,7,https://www.chinamoney.com.cn/chinese/bkcurvfqq/
2026-09-09,10:00,options,USD.CNY,10D BF,1Y,implied_vol_mid,0.53,pct,0.0,100.0,100.0,7,7,https://www.chinamoney.com.cn/chinese/bkcurvfqq/
2026-09-09,10:00,options,USD.CNY,10D BF,2M,implied_vol_ask,0.4,pct,0.0,100.0,100.0,7,7,https://www.chinamoney.com.cn/chinese/bkcurvfqq/
2026-09-09,10:00,options,USD.CNY,10D BF,2M,implied_vol_bid,0.04,pct,0.0,71.4,71.4,7,7,https://www.chinamoney.com.cn/chinese/bkcurvfqq/
2026-09-09,10:00,options,USD.CNY,10D BF,2M,implied_vol_mid,0.22,pct,0.0,100.0,100.0,7,7,https://www.chinamoney.com.cn/chinese/bkcurvfqq/
2026-09-09,10:00,options,USD.CNY,10D BF,2W,implied_vol_ask,0.1,pct,-0.1,85.7,85.7,7,7,https://www.chinamoney.com.cn/chinese/bkcurvfqq/
2026-09-09,10:00,options,USD.CNY,10D BF,2W,implied_vol_bid,0.1,pct,0.1,100.0,100.0,7,7,https://www.chinamoney.com.cn/chinese/bkcurvfqq/
2026-09-09,10:00,options,USD.CNY,10D BF,2W,implied_vol_mid,0.1,pct,0.0,100.0,100.0,7,7,https://www.chinamoney.com.cn/chinese/bkcurvfqq/
2026-09-09,10:00,options,USD.CNY,10D BF,2Y,implied_vol_ask,0.75,pct,0.0,100.0,100.0,7,7,https://www.chinamoney.com.cn/chinese/bkcurvfqq/
2026-09-09,10:00,options,USD.CNY,10D BF,2Y,implied_vol_bid,0.35,pct,0.0,100.0,100.0,7,7,https://www.chinamoney.com.cn/chinese/bkcurvfqq/
2026-09-09,10:00,options,USD.CNY,10D BF,2Y,implied_vol_mid,0.55,pct,0.0,100.0,100.0,7,7,https://www.chinamoney.com.cn/chinese/bkcurvfqq/
2026-09-09,10:00,options,USD.CNY,10D BF,3M,implied_vol_ask,0.49,pct,0.0,100.0,100.0,7,7,https://www.chinamoney.com.cn/chinese/bkcurvfqq/
2026-09-09,10:00,options,USD.CNY,10D BF,3M,implied_vol_bid,0.16,pct,0.0,57.1,57.1,7,7,https://www.chinamoney.com.cn/chinese/bkcurvfqq/
2026-09-09,10:00,options,USD.CNY,10D BF,3M,implied_vol_mid,0.325,pct,0.0,100.0,100.0,7,7,https://www.chinamoney.com.cn/chinese/bkcurvfqq/
2026-09-09,10:00,options,USD.CNY,10D BF,3W,implied_vol_ask,0.1,pct,0.0,85.7,85.7,7,7,https://www.chinamoney.com.cn/chinese/bkcurvfqq/
2026-09-09,10:00,options,USD.CNY,10D BF,3W,implied_vol_bid,0.1,pct,0.0,100.0,100.0,7,7,https://www.chinamoney.com.cn/chinese/bkcurvfqq/
2026-09-09,10:00,options,USD.CNY,10D BF,3W,implied_vol_mid,0.1,pct,0.0,100.0,100.0,7,7,https://www.chinamoney.com.cn/chinese/bkcurvfqq/
2026-09-09,10:00,options,USD.CNY,10D BF,3Y,implied_vol_ask,0.8,pct,0.0,100.0,100.0,7,7,https://www.chinamoney.com.cn/chinese/bkcurvfqq/
2026-09-09,10:00,options,USD.CNY,10D BF,3Y,implied_vol_bid,0.4,pct,0.0,100.0,100.0,7,7,https://www.chinamoney.com.cn/chinese/bkcurvfqq/
2026-09-09,10:00,options,USD.CNY,10D BF,3Y,implied_vol_mid,0.6,pct,0.0,100.0,100.0,7,7,https://www.chinamoney.com.cn/chinese/bkcurvfqq/
2026-09-09,10:00,options,USD.CNY,10D BF,6M,implied_vol_ask,0.61,pct,0.0,100.0,100.0,7,7,https://www.chinamoney.com.cn/chinese/bkcurvfqq/
2026-09-09,10:00,options,USD.CNY,10D BF,6M,implied_vol_bid,0.26,pct,0.0,42.9,42.9,7,7,https://www.chinamoney.com.cn/chinese/bkcurvfqq/
2026-09-09,10:00,options,USD.CNY,10D BF,6M,implied_vol_mid,0.435,pct,0.0,100.0,100.0,7,7,https://www.chinamoney.com.cn/chinese/bkcurvfqq/
2026-09-09,10:00,options,USD.CNY,10D BF,9M,implied_vol_ask,0.485,pct,-0.245,28.6,28.6,7,7,https://www.chinamoney.com.cn/chinese/bkcurvfqq/
2026-09-09,10:00,options,USD.CNY,10D BF,9M,implied_vol_bid,0.485,pct,0.245,100.0,100.0,7,7,https://www.chinamoney.com.cn/chinese/bkcurvfqq/
2026-09-09,10:00,options,USD.CNY,10D BF,9M,implied_vol_mid,0.485,pct,0.0,100.0,100.0,7,7,https://www.chinamoney.com.cn/chinese/bkcurvfqq/
2026-09-09,10:00,options,USD.CNY,25D BF,18M,implied_vol_ask,0.28,pct,0.0,100.0,100.0,7,7,https://www.chinamoney.com.cn/chinese/bkcurvfqq/
2026-09-09,10:00,options,USD.CNY,25D BF,18M,implied_vol_bid,0.1,pct,0.0,100.0,100.0,7,7,https://www.chinamoney.com.cn/chinese/bkcurvfqq/
2026-09-09,10:00,options,USD.CNY,25D BF,18M,implied_vol_mid,0.19,pct,0.0,100.0,100.0,7,7,https://www.chinamoney.com.cn/chinese/bkcurvfqq/
2026-09-09,10:00,options,USD.CNY,25D BF,1D,implied_vol_ask,0.1,pct,0.0,100.0,100.0,7,7,https://www.chinamoney.com.cn/chinese/bkcurvfqq/
2026-09-09,10:00,options,USD.CNY,25D BF,1D,implied_vol_bid,0.1,pct,0.0,100.0,100.0,7,7,https://www.chinamoney.com.cn/chinese/bkcurvfqq/
2026-09-09,10:00,options,USD.CNY,25D BF,1D,implied_vol_mid,0.1,pct,0.0,100.0,100.0,7,7,https://www.chinamoney.com.cn/chinese/bkcurvfqq/
2026-09-09,10:00,options,USD.CNY,25D BF,1M,implied_vol_ask,0.065,pct,-0.0075,42.9,42.9,7,7,https://www.chinamoney.com.cn/chinese/bkcurvfqq/
2026-09-09,10:00,options,USD.CNY,25D BF,1M,implied_vol_bid,0.065,pct,-0.0075,42.9,42.9,7,7,https://www.chinamoney.com.cn/chinese/bkcurvfqq/
2026-09-09,10:00,options,USD.CNY,25D BF,1M,implied_vol_mid,0.065,pct,-0.0075,42.9,42.9,7,7,https://www.chinamoney.com.cn/chinese/bkcurvfqq/
2026-09-09,10:00,options,USD.CNY,25D BF,1W,implied_vol_ask,0.06,pct,-0.04,42.9,42.9,7,7,https://www.chinamoney.com.cn/chinese/bkcurvfqq/
2026-09-09,10:00,options,USD.CNY,25D BF,1W,implied_vol_bid,0.06,pct,0.06,71.4,71.4,7,7,https://www.chinamoney.com.cn/chinese/bkcurvfqq/
2026-09-09,10:00,options,USD.CNY,25D BF,1W,implied_vol_mid,0.06,pct,-0.0025,57.1,57.1,7,7,https://www.chinamoney.com.cn/chinese/bkcurvfqq/
2026-09-09,10:00,options,USD.CNY,25D BF,1Y,implied_vol_ask,0.28,pct,0.0,100.0,100.0,7,7,https://www.chinamoney.com.cn/chinese/bkcurvfqq/
2026-09-09,10:00,options,USD.CNY,25D BF,1Y,implied_vol_bid,0.07,pct,0.0,71.4,71.4,7,7,https://www.chinamoney.com.cn/chinese/bkcurvfqq/
2026-09-09,10:00,options,USD.CNY,25D BF,1Y,implied_vol_mid,0.175,pct,0.0,100.0,100.0,7,7,https://www.chinamoney.com.cn/chinese/bkcurvfqq/
2026-09-09,10:00,options,USD.CNY,25D BF,2M,implied_vol_ask,0.17,pct,0.0,100.0,100.0,7,7,https://www.chinamoney.com.cn/chinese/bkcurvfqq/
2026-09-09,10:00,options,USD.CNY,25D BF,2M,implied_vol_bid,0.0,pct,0.0,57.1,57.1,7,7,https://www.chinamoney.com.cn/chinese/bkcurvfqq/
2026-09-09,10:00,options,USD.CNY,25D BF,2M,implied_vol_mid,0.085,pct,0.0,85.7,85.7,7,7,https://www.chinamoney.com.cn/chinese/bkcurvfqq/
2026-09-09,10:00,options,USD.CNY,25D BF,2W,implied_vol_ask,0.06,pct,-0.01,42.9,42.9,7,7,https://www.chinamoney.com.cn/chinese/bkcurvfqq/
2026-09-09,10:00,options,USD.CNY,25D BF,2W,implied_vol_bid,0.06,pct,0.0,57.1,57.1,7,7,https://www.chinamoney.com.cn/chinese/bkcurvfqq/
2026-09-09,10:00,options,USD.CNY,25D BF,2W,implied_vol_mid,0.06,pct,-0.001,42.9,42.9,7,7,https://www.chinamoney.com.cn/chinese/bkcurvfqq/
2026-09-09,10:00,options,USD.CNY,25D BF,2Y,implied_vol_ask,0.32,pct,0.0,100.0,100.0,7,7,https://www.chinamoney.com.cn/chinese/bkcurvfqq/
2026-09-09,10:00,options,USD.CNY,25D BF,2Y,implied_vol_bid,0.1,pct,0.0,100.0,100.0,7,7,https://www.chinamoney.com.cn/chinese/bkcurvfqq/
2026-09-09,10:00,options,USD.CNY,25D BF,2Y,implied_vol_mid,0.21,pct,0.0,100.0,100.0,7,7,https://www.chinamoney.com.cn/chinese/bkcurvfqq/
2026-09-09,10:00,options,USD.CNY,25D BF,3M,implied_vol_ask,0.18,pct,0.0,100.0,100.0,7,7,https://www.chinamoney.com.cn/chinese/bkcurvfqq/
2026-09-09,10:00,options,USD.CNY,25D BF,3M,implied_vol_bid,0.0,pct,0.0,28.6,28.6,7,7,https://www.chinamoney.com.cn/chinese/bkcurvfqq/
2026-09-09,10:00,options,USD.CNY,25D BF,3M,implied_vol_mid,0.09,pct,0.0,71.4,71.4,7,7,https://www.chinamoney.com.cn/chinese/bkcurvfqq/
2026-09-09,10:00,options,USD.CNY,25D BF,3W,implied_vol_ask,0.05,pct,0.0,28.6,28.6,7,7,https://www.chinamoney.com.cn/chinese/bkcurvfqq/
2026-09-09,10:00,options,USD.CNY,25D BF,3W,implied_vol_bid,0.05,pct,0.0,42.9,42.9,7,7,https://www.chinamoney.com.cn/chinese/bkcurvfqq/
2026-09-09,10:00,options,USD.CNY,25D BF,3W,implied_vol_mid,0.05,pct,0.0,28.6,28.6,7,7,https://www.chinamoney.com.cn/chinese/bkcurvfqq/
2026-09-09,10:00,options,USD.CNY,25D BF,3Y,implied_vol_ask,0.35,pct,0.0,100.0,100.0,7,7,https://www.chinamoney.com.cn/chinese/bkcurvfqq/
2026-09-09,10:00,options,USD.CNY,25D BF,3Y,implied_vol_bid,0.1,pct,0.0,100.0,100.0,7,7,https://www.chinamoney.com.cn/chinese/bkcurvfqq/
2026-09-09,10:00,options,USD.CNY,25D BF,3Y,implied_vol_mid,0.225,pct,0.0,100.0,100.0,7,7,https://www.chinamoney.com.cn/chinese/bkcurvfqq/
2026-09-09,10:00,options,USD.CNY,25D BF,6M,implied_vol_ask,0.23,pct,0.0,100.0,100.0,7,7,https://www.chinamoney.com.cn/chinese/bkcurvfqq/
2026-09-09,10:00,options,USD.CNY,25D BF,6M,implied_vol_bid,0.04,pct,0.0,28.6,28.6,7,7,https://www.chinamoney.com.cn/chinese/bkcurvfqq/
2026-09-09,10:00,options,USD.CNY,25D BF,6M,implied_vol_mid,0.139,pct,0.004,85.7,85.7,7,7,https://www.chinamoney.com.cn/chinese/bkcurvfqq/
2026-09-09,10:00,options,USD.CNY,25D BF,9M,implied_vol_ask,0.164,pct,-0.096,14.3,14.3,7,7,https://www.chinamoney.com.cn/chinese/bkcurvfqq/
2026-09-09,10:00,options,USD.CNY,25D BF,9M,implied_vol_bid,0.164,pct,0.094,85.7,85.7,7,7,https://www.chinamoney.com.cn/chinese/bkcurvfqq/
2026-09-09,10:00,options,USD.CNY,25D BF,9M,implied_vol_mid,0.164,pct,-0.001,28.6,28.6,7,7,https://www.chinamoney.com.cn/chinese/bkcurvfqq/
2026-09-09,10:00,options,USD.CNY,25D RR,18M,implied_vol_ask,0.5,pct,0.0,100.0,100.0,7,7,https://www.chinamoney.com.cn/chinese/bkcurvfqq/
2026-09-09,10:00,options,USD.CNY,25D RR,18M,implied_vol_bid,-0.5,pct,0.0,100.0,100.0,7,7,https://www.chinamoney.com.cn/chinese/bkcurvfqq/
2026-09-09,10:00,options,USD.CNY,25D RR,18M,implied_vol_mid,0.0,pct,0.0,100.0,100.0,7,7,https://www.chinamoney.com.cn/chinese/bkcurvfqq/
2026-09-09,10:00,options,USD.CNY,25D RR,1D,implied_vol_ask,-0.05,pct,0.0,57.1,57.1,7,7,https://www.chinamoney.com.cn/chinese/bkcurvfqq/
2026-09-09,10:00,options,USD.CNY,25D RR,1D,implied_vol_bid,-0.05,pct,0.0,57.1,57.1,7,7,https://www.chinamoney.com.cn/chinese/bkcurvfqq/
2026-09-09,10:00,options,USD.CNY,25D RR,1D,implied_vol_mid,-0.05,pct,0.0,57.1,57.1,7,7,https://www.chinamoney.com.cn/chinese/bkcurvfqq/
2026-09-09,10:00,options,USD.CNY,25D RR,1M,implied_vol_ask,-0.05,pct,0.0,42.9,42.9,7,7,https://www.chinamoney.com.cn/chinese/bkcurvfqq/
2026-09-09,10:00,options,USD.CNY,25D RR,1M,implied_vol_bid,-0.05,pct,0.0,42.9,42.9,7,7,https://www.chinamoney.com.cn/chinese/bkcurvfqq/
2026-09-09,10:00,options,USD.CNY,25D RR,1M,implied_vol_mid,-0.05,pct,0.0,42.9,42.9,7,7,https://www.chinamoney.com.cn/chinese/bkcurvfqq/
2026-09-09,10:00,options,USD.CNY,25D RR,1W,implied_vol_ask,-0.1,pct,-0.4,28.6,28.6,7,7,https://www.chinamoney.com.cn/chinese/bkcurvfqq/
2026-09-09,10:00,options,USD.CNY,25D RR,1W,implied_vol_bid,-0.1,pct,0.4,57.1,57.1,7,7,https://www.chinamoney.com.cn/chinese/bkcurvfqq/
2026-09-09,10:00,options,USD.CNY,25D RR,1W,implied_vol_mid,-0.1,pct,0.0,42.9,42.9,7,7,https://www.chinamoney.com.cn/chinese/bkcurvfqq/
2026-09-09,10:00,options,USD.CNY,25D RR,1Y,implied_vol_ask,-0.01,pct,0.0,42.9,42.9,7,7,https://www.chinamoney.com.cn/chinese/bkcurvfqq/
2026-09-09,10:00,options,USD.CNY,25D RR,1Y,implied_vol_bid,-0.035,pct,0.0,42.9,42.9,7,7,https://www.chinamoney.com.cn/chinese/bkcurvfqq/
2026-09-09,10:00,options,USD.CNY,25D RR,1Y,implied_vol_mid,-0.0225,pct,0.0025,42.9,42.9,7,7,https://www.chinamoney.com.cn/chinese/bkcurvfqq/
2026-09-09,10:00,options,USD.CNY,25D RR,2M,implied_vol_ask,-0.03,pct,0.0,28.6,28.6,7,7,https://www.chinamoney.com.cn/chinese/bkcurvfqq/
2026-09-09,10:00,options,USD.CNY,25D RR,2M,implied_vol_bid,-0.075,pct,-0.025,42.9,42.9,7,7,https://www.chinamoney.com.cn/chinese/bkcurvfqq/
2026-09-09,10:00,options,USD.CNY,25D RR,2M,implied_vol_mid,-0.05,pct,-0.015,28.6,28.6,7,7,https://www.chinamoney.com.cn/chinese/bkcurvfqq/
2026-09-09,10:00,options,USD.CNY,25D RR,2W,implied_vol_ask,-0.1,pct,-0.4,28.6,28.6,7,7,https://www.chinamoney.com.cn/chinese/bkcurvfqq/
2026-09-09,10:00,options,USD.CNY,25D RR,2W,implied_vol_bid,-0.1,pct,0.4,42.9,42.9,7,7,https://www.chinamoney.com.cn/chinese/bkcurvfqq/
2026-09-09,10:00,options,USD.CNY,25D RR,2W,implied_vol_mid,-0.1,pct,0.04,42.9,42.9,7,7,https://www.chinamoney.com.cn/chinese/bkcurvfqq/
2026-09-09,10:00,options,USD.CNY,25D RR,2Y,implied_vol_ask,0.5,pct,0.0,100.0,100.0,7,7,https://www.chinamoney.com.cn/chinese/bkcurvfqq/
2026-09-09,10:00,options,USD.CNY,25D RR,2Y,implied_vol_bid,-0.5,pct,0.0,100.0,100.0,7,7,https://www.chinamoney.com.cn/chinese/bkcurvfqq/
2026-09-09,10:00,options,USD.CNY,25D RR,2Y,implied_vol_mid,0.0,pct,0.0,100.0,100.0,7,7,https://www.chinamoney.com.cn/chinese/bkcurvfqq/
2026-09-09,10:00,options,USD.CNY,25D RR,3M,implied_vol_ask,-0.025,pct,-0.325,14.3,14.3,7,7,https://www.chinamoney.com.cn/chinese/bkcurvfqq/
2026-09-09,10:00,options,USD.CNY,25D RR,3M,implied_vol_bid,-0.05,pct,0.35,57.1,57.1,7,7,https://www.chinamoney.com.cn/chinese/bkcurvfqq/
2026-09-09,10:00,options,USD.CNY,25D RR,3M,implied_vol_mid,-0.05,pct,0.0,28.6,28.6,7,7,https://www.chinamoney.com.cn/chinese/bkcurvfqq/
2026-09-09,10:00,options,USD.CNY,25D RR,3W,implied_vol_ask,-0.1,pct,0.0,42.9,42.9,7,7,https://www.chinamoney.com.cn/chinese/bkcurvfqq/
2026-09-09,10:00,options,USD.CNY,25D RR,3W,implied_vol_bid,-0.1,pct,0.0,57.1,57.1,7,7,https://www.chinamoney.com.cn/chinese/bkcurvfqq/
2026-09-09,10:00,options,USD.CNY,25D RR,3W,implied_vol_mid,-0.1,pct,0.0,42.9,42.9,7,7,https://www.chinamoney.com.cn/chinese/bkcurvfqq/
2026-09-09,10:00,options,USD.CNY,25D RR,3Y,implied_vol_ask,0.5,pct,0.0,100.0,100.0,7,7,https://www.chinamoney.com.cn/chinese/bkcurvfqq/
2026-09-09,10:00,options,USD.CNY,25D RR,3Y,implied_vol_bid,-0.5,pct,0.0,100.0,100.0,7,7,https://www.chinamoney.com.cn/chinese/bkcurvfqq/
2026-09-09,10:00,options,USD.CNY,25D RR,3Y,implied_vol_mid,0.0,pct,0.0,100.0,100.0,7,7,https://www.chinamoney.com.cn/chinese/bkcurvfqq/
2026-09-09,10:00,options,USD.CNY,25D RR,6M,implied_vol_ask,0.35,pct,0.36,100.0,100.0,7,7,https://www.chinamoney.com.cn/chinese/bkcurvfqq/
2026-09-09,10:00,options,USD.CNY,25D RR,6M,implied_vol_bid,-0.4,pct,-0.325,14.3,14.3,7,7,https://www.chinamoney.com.cn/chinese/bkcurvfqq/
2026-09-09,10:00,options,USD.CNY,25D RR,6M,implied_vol_mid,-0.025,pct,0.0175,42.9,42.9,7,7,https://www.chinamoney.com.cn/chinese/bkcurvfqq/
2026-09-09,10:00,options,USD.CNY,25D RR,9M,implied_vol_ask,-0.025,pct,-0.015,14.3,14.3,7,7,https://www.chinamoney.com.cn/chinese/bkcurvfqq/
2026-09-09,10:00,options,USD.CNY,25D RR,9M,implied_vol_bid,-0.025,pct,0.01,71.4,71.4,7,7,https://www.chinamoney.com.cn/chinese/bkcurvfqq/
2026-09-09,10:00,options,USD.CNY,25D RR,9M,implied_vol_mid,-0.025,pct,0.0,57.1,57.1,7,7,https://www.chinamoney.com.cn/chinese/bkcurvfqq/
2026-09-09,10:00,options,USD.CNY,ATM,18M,implied_vol_ask,3.4,pct,0.0,100.0,100.0,7,7,https://www.chinamoney.com.cn/chinese/bkcurvfqq/
2026-09-09,10:00,options,USD.CNY,ATM,18M,implied_vol_bid,3.0,pct,0.0,100.0,100.0,7,7,https://www.chinamoney.com.cn/chinese/bkcurvfqq/
2026-09-09,10:00,options,USD.CNY,ATM,18M,implied_vol_mid,3.2,pct,0.0,100.0,100.0,7,7,https://www.chinamoney.com.cn/chinese/bkcurvfqq/
2026-09-09,10:00,options,USD.CNY,ATM,1D,implied_vol_ask,1.5,pct,0.0,100.0,100.0,7,7,https://www.chinamoney.com.cn/chinese/bkcurvfqq/
2026-09-09,10:00,options,USD.CNY,ATM,1D,implied_vol_bid,1.5,pct,0.0,100.0,100.0,7,7,https://www.chinamoney.com.cn/chinese/bkcurvfqq/
2026-09-09,10:00,options,USD.CNY,ATM,1D,implied_vol_mid,1.5,pct,0.0,100.0,100.0,7,7,https://www.chinamoney.com.cn/chinese/bkcurvfqq/
2026-09-09,10:00,options,USD.CNY,ATM,1M,implied_vol_ask,1.6875,pct,0.0251,100.0,100.0,7,7,https://www.chinamoney.com.cn/chinese/bkcurvfqq/
2026-09-09,10:00,options,USD.CNY,ATM,1M,implied_vol_bid,1.6875,pct,0.0251,100.0,100.0,7,7,https://www.chinamoney.com.cn/chinese/bkcurvfqq/
2026-09-09,10:00,options,USD.CNY,ATM,1M,implied_vol_mid,1.6875,pct,0.0251,100.0,100.0,7,7,https://www.chinamoney.com.cn/chinese/bkcurvfqq/
2026-09-09,10:00,options,USD.CNY,ATM,1W,implied_vol_ask,1.5,pct,-0.15,71.4,71.4,7,7,https://www.chinamoney.com.cn/chinese/bkcurvfqq/
2026-09-09,10:00,options,USD.CNY,ATM,1W,implied_vol_bid,1.5,pct,0.25,100.0,100.0,7,7,https://www.chinamoney.com.cn/chinese/bkcurvfqq/
2026-09-09,10:00,options,USD.CNY,ATM,1W,implied_vol_mid,1.5,pct,0.0382,100.0,100.0,7,7,https://www.chinamoney.com.cn/chinese/bkcurvfqq/
2026-09-09,10:00,options,USD.CNY,ATM,1Y,implied_vol_ask,3.1,pct,0.025,85.7,85.7,7,7,https://www.chinamoney.com.cn/chinese/bkcurvfqq/
2026-09-09,10:00,options,USD.CNY,ATM,1Y,implied_vol_bid,3.075,pct,0.025,100.0,100.0,7,7,https://www.chinamoney.com.cn/chinese/bkcurvfqq/
2026-09-09,10:00,options,USD.CNY,ATM,1Y,implied_vol_mid,3.0891,pct,0.0205,100.0,100.0,7,7,https://www.chinamoney.com.cn/chinese/bkcurvfqq/
2026-09-09,10:00,options,USD.CNY,ATM,2M,implied_vol_ask,2.1,pct,0.125,100.0,100.0,7,7,https://www.chinamoney.com.cn/chinese/bkcurvfqq/
2026-09-09,10:00,options,USD.CNY,ATM,2M,implied_vol_bid,1.75,pct,-0.125,42.9,42.9,7,7,https://www.chinamoney.com.cn/chinese/bkcurvfqq/
2026-09-09,10:00,options,USD.CNY,ATM,2M,implied_vol_mid,1.925,pct,-0.01,85.7,85.7,7,7,https://www.chinamoney.com.cn/chinese/bkcurvfqq/
2026-09-09,10:00,options,USD.CNY,ATM,2W,implied_vol_ask,1.55,pct,-0.15,85.7,85.7,7,7,https://www.chinamoney.com.cn/chinese/bkcurvfqq/
2026-09-09,10:00,options,USD.CNY,ATM,2W,implied_vol_bid,1.55,pct,0.25,100.0,100.0,7,7,https://www.chinamoney.com.cn/chinese/bkcurvfqq/
2026-09-09,10:00,options,USD.CNY,ATM,2W,implied_vol_mid,1.55,pct,0.0554,100.0,100.0,7,7,https://www.chinamoney.com.cn/chinese/bkcurvfqq/
2026-09-09,10:00,options,USD.CNY,ATM,2Y,implied_vol_ask,3.6,pct,0.0,100.0,100.0,7,7,https://www.chinamoney.com.cn/chinese/bkcurvfqq/
2026-09-09,10:00,options,USD.CNY,ATM,2Y,implied_vol_bid,3.15,pct,0.0,100.0,100.0,7,7,https://www.chinamoney.com.cn/chinese/bkcurvfqq/
2026-09-09,10:00,options,USD.CNY,ATM,2Y,implied_vol_mid,3.375,pct,0.0,100.0,100.0,7,7,https://www.chinamoney.com.cn/chinese/bkcurvfqq/
2026-09-09,10:00,options,USD.CNY,ATM,3M,implied_vol_ask,2.25,pct,0.0,100.0,100.0,7,7,https://www.chinamoney.com.cn/chinese/bkcurvfqq/
2026-09-09,10:00,options,USD.CNY,ATM,3M,implied_vol_bid,1.95,pct,0.05,42.9,42.9,7,7,https://www.chinamoney.com.cn/chinese/bkcurvfqq/
2026-09-09,10:00,options,USD.CNY,ATM,3M,implied_vol_mid,2.1,pct,0.025,100.0,100.0,7,7,https://www.chinamoney.com.cn/chinese/bkcurvfqq/
2026-09-09,10:00,options,USD.CNY,ATM,3W,implied_vol_ask,1.575,pct,0.0224,85.7,85.7,7,7,https://www.chinamoney.com.cn/chinese/bkcurvfqq/
2026-09-09,10:00,options,USD.CNY,ATM,3W,implied_vol_bid,1.575,pct,0.0224,100.0,100.0,7,7,https://www.chinamoney.com.cn/chinese/bkcurvfqq/
2026-09-09,10:00,options,USD.CNY,ATM,3W,implied_vol_mid,1.575,pct,0.0224,100.0,100.0,7,7,https://www.chinamoney.com.cn/chinese/bkcurvfqq/
2026-09-09,10:00,options,USD.CNY,ATM,3Y,implied_vol_ask,3.8,pct,0.0,100.0,100.0,7,7,https://www.chinamoney.com.cn/chinese/bkcurvfqq/
2026-09-09,10:00,options,USD.CNY,ATM,3Y,implied_vol_bid,3.25,pct,0.0,100.0,100.0,7,7,https://www.chinamoney.com.cn/chinese/bkcurvfqq/
2026-09-09,10:00,options,USD.CNY,ATM,3Y,implied_vol_mid,3.525,pct,0.0,100.0,100.0,7,7,https://www.chinamoney.com.cn/chinese/bkcurvfqq/
2026-09-09,10:00,options,USD.CNY,ATM,6M,implied_vol_ask,2.8,pct,0.2,100.0,100.0,7,7,https://www.chinamoney.com.cn/chinese/bkcurvfqq/
2026-09-09,10:00,options,USD.CNY,ATM,6M,implied_vol_bid,2.4,pct,-0.15,14.3,14.3,7,7,https://www.chinamoney.com.cn/chinese/bkcurvfqq/
2026-09-09,10:00,options,USD.CNY,ATM,6M,implied_vol_mid,2.55,pct,-0.025,85.7,85.7,7,7,https://www.chinamoney.com.cn/chinese/bkcurvfqq/
2026-09-09,10:00,options,USD.CNY,ATM,9M,implied_vol_ask,2.8813,pct,0.0063,71.4,71.4,7,7,https://www.chinamoney.com.cn/chinese/bkcurvfqq/
2026-09-09,10:00,options,USD.CNY,ATM,9M,implied_vol_bid,2.8813,pct,0.0313,100.0,100.0,7,7,https://www.chinamoney.com.cn/chinese/bkcurvfqq/
2026-09-09,10:00,options,USD.CNY,ATM,9M,implied_vol_mid,2.8813,pct,0.0313,100.0,100.0,7,7,https://www.chinamoney.com.cn/chinese/bkcurvfqq/
2026-09-09,14:00,reference_rate,USD/CNY,,,reference_rate_14,6.7076,rate,-0.0032,10.0,10.0,10,10,https://www.chinamoney.com.cn/ags/ms/cm-u-bk-fx/RefRateHis
2026-09-09,16:30,swaps,USD.CNY,,18M,forward_all_in,6.426,rate,-0.0059,11.1,11.1,9,9,https://www.chinamoney.com.cn/chinese/bkcurvfsw/
2026-09-09,16:30,swaps,USD.CNY,,18M,swap_points,-2820.0,pips,-30.0,11.1,11.1,9,9,https://www.chinamoney.com.cn/chinese/bkcurvfsw/
2026-09-09,16:30,swaps,USD.CNY,,1M,forward_all_in,6.693,rate,-0.0027,11.1,11.1,9,9,https://www.chinamoney.com.cn/chinese/bkcurvfsw/
2026-09-09,16:30,swaps,USD.CNY,,1M,swap_points,-149.1,pips,2.8,66.7,66.7,9,9,https://www.chinamoney.com.cn/chinese/bkcurvfsw/
2026-09-09,16:30,swaps,USD.CNY,,1W,forward_all_in,6.7048,rate,-0.003,11.1,11.1,9,9,https://www.chinamoney.com.cn/chinese/bkcurvfsw/
2026-09-09,16:30,swaps,USD.CNY,,1W,swap_points,-31.24,pips,-0.29,66.7,66.7,9,9,https://www.chinamoney.com.cn/chinese/bkcurvfsw/
2026-09-09,16:30,swaps,USD.CNY,,1Y,forward_all_in,6.5225,rate,-0.0051,11.1,11.1,9,9,https://www.chinamoney.com.cn/chinese/bkcurvfsw/
2026-09-09,16:30,swaps,USD.CNY,,1Y,swap_points,-1855.0,pips,-22.0,22.2,22.2,9,9,https://www.chinamoney.com.cn/chinese/bkcurvfsw/
2026-09-09,16:30,swaps,USD.CNY,,2M,forward_all_in,6.6788,rate,-0.0036,11.1,11.1,9,9,https://www.chinamoney.com.cn/chinese/bkcurvfsw/
2026-09-09,16:30,swaps,USD.CNY,,2M,swap_points,-291.8,pips,-7.4,11.1,11.1,9,9,https://www.chinamoney.com.cn/chinese/bkcurvfsw/
2026-09-09,16:30,swaps,USD.CNY,,2W,forward_all_in,6.7003,rate,-0.0043,11.1,11.1,9,9,https://www.chinamoney.com.cn/chinese/bkcurvfsw/
2026-09-09,16:30,swaps,USD.CNY,,2W,swap_points,-77.0,pips,-14.3,11.1,11.1,9,9,https://www.chinamoney.com.cn/chinese/bkcurvfsw/
2026-09-09,16:30,swaps,USD.CNY,,2Y,forward_all_in,6.331,rate,-0.0069,11.1,11.1,9,9,https://www.chinamoney.com.cn/chinese/bkcurvfsw/
2026-09-09,16:30,swaps,USD.CNY,,2Y,swap_points,-3770.0,pips,-40.0,11.1,11.1,9,9,https://www.chinamoney.com.cn/chinese/bkcurvfsw/
2026-09-09,16:30,swaps,USD.CNY,,3M,forward_all_in,6.6648,rate,-0.0034,11.1,11.1,9,9,https://www.chinamoney.com.cn/chinese/bkcurvfsw/
2026-09-09,16:30,swaps,USD.CNY,,3M,swap_points,-431.7,pips,-4.7,11.1,11.1,9,9,https://www.chinamoney.com.cn/chinese/bkcurvfsw/
2026-09-09,16:30,swaps,USD.CNY,,3W,forward_all_in,6.6954,rate,-0.0026,11.1,11.1,9,9,https://www.chinamoney.com.cn/chinese/bkcurvfsw/
2026-09-09,16:30,swaps,USD.CNY,,3W,swap_points,-125.7,pips,3.1,22.2,22.2,9,9,https://www.chinamoney.com.cn/chinese/bkcurvfsw/
2026-09-09,16:30,swaps,USD.CNY,,3Y,forward_all_in,6.1487,rate,-0.0072,11.1,11.1,9,9,https://www.chinamoney.com.cn/chinese/bkcurvfsw/
2026-09-09,16:30,swaps,USD.CNY,,3Y,swap_points,-5592.5,pips,-42.5,11.1,11.1,9,9,https://www.chinamoney.com.cn/chinese/bkcurvfsw/
2026-09-09,16:30,swaps,USD.CNY,,4M,forward_all_in,6.6494,rate,-0.0029,11.1,11.1,9,9,https://www.chinamoney.com.cn/chinese/bkcurvfsw/
2026-09-09,16:30,swaps,USD.CNY,,4M,swap_points,-586.0,pips,0.0,55.6,55.6,9,9,https://www.chinamoney.com.cn/chinese/bkcurvfsw/
2026-09-09,16:30,swaps,USD.CNY,,4Y,forward_all_in,5.973,rate,-0.0029,11.1,11.1,9,9,https://www.chinamoney.com.cn/chinese/bkcurvfsw/
2026-09-09,16:30,swaps,USD.CNY,,4Y,swap_points,-7350.0,pips,0.0,66.7,66.7,9,9,https://www.chinamoney.com.cn/chinese/bkcurvfsw/
2026-09-09,16:30,swaps,USD.CNY,,5M,forward_all_in,6.6314,rate,-0.003,11.1,11.1,9,9,https://www.chinamoney.com.cn/chinese/bkcurvfsw/
2026-09-09,16:30,swaps,USD.CNY,,5M,swap_points,-766.0,pips,-1.99,33.3,33.3,9,9,https://www.chinamoney.com.cn/chinese/bkcurvfsw/
2026-09-09,16:30,swaps,USD.CNY,,5Y,forward_all_in,5.798,rate,-0.0029,11.1,11.1,9,9,https://www.chinamoney.com.cn/chinese/bkcurvfsw/
2026-09-09,16:30,swaps,USD.CNY,,5Y,swap_points,-9100.0,pips,0.0,66.7,66.7,9,9,https://www.chinamoney.com.cn/chinese/bkcurvfsw/
2026-09-09,16:30,swaps,USD.CNY,,6M,forward_all_in,6.6198,rate,-0.0036,11.1,11.1,9,9,https://www.chinamoney.com.cn/chinese/bkcurvfsw/
2026-09-09,16:30,swaps,USD.CNY,,6M,swap_points,-882.0,pips,-7.0,11.1,11.1,9,9,https://www.chinamoney.com.cn/chinese/bkcurvfsw/
2026-09-09,16:30,swaps,USD.CNY,,9M,forward_all_in,6.5723,rate,-0.0039,11.1,11.1,9,9,https://www.chinamoney.com.cn/chinese/bkcurvfsw/
2026-09-09,16:30,swaps,USD.CNY,,9M,swap_points,-1357.0,pips,-10.0,22.2,22.2,9,9,https://www.chinamoney.com.cn/chinese/bkcurvfsw/
2026-09-09,16:30,swaps,USD.CNY,,ON,forward_all_in,6.7088,rate,-0.0029,11.1,11.1,9,9,https://www.chinamoney.com.cn/chinese/bkcurvfsw/
2026-09-09,16:30,swaps,USD.CNY,,ON,swap_points,-4.1,pips,0.05,88.9,88.9,9,9,https://www.chinamoney.com.cn/chinese/bkcurvfsw/
2026-09-09,16:30,swaps,USD.CNY,,SN,forward_all_in,6.7066,rate,-0.0038,11.1,11.1,9,9,https://www.chinamoney.com.cn/chinese/bkcurvfsw/
2026-09-09,16:30,swaps,USD.CNY,,SN,swap_points,-13.17,pips,-8.82,22.2,22.2,9,9,https://www.chinamoney.com.cn/chinese/bkcurvfsw/
2026-09-09,16:30,swaps,USD.CNY,,TN,forward_all_in,6.7084,rate,-0.0029,11.1,11.1,9,9,https://www.chinamoney.com.cn/chinese/bkcurvfsw/
2026-09-09,16:30,swaps,USD.CNY,,TN,swap_points,-4.35,pips,0.0,88.9,88.9,9,9,https://www.chinamoney.com.cn/chinese/bkcurvfsw/
2026-09-10,09:15,fixing,USD/CNY,,,fixing,6.7766,rate,-0.0003,10.0,10.0,10,10,https://www.chinamoney.com.cn/chinese/bkccpr/
2026-09-10,,implied_rates,USD,,18M,implied_usd_rate,4.3115,pct,0.022,100.0,100.0,10,10,https://www.chinamoney.com.cn/chinese/bkcurvuir/
2026-09-10,,implied_rates,USD,,1D,implied_usd_rate,3.8435,pct,0.0663,80.0,80.0,10,10,https://www.chinamoney.com.cn/chinese/bkcurvuir/
2026-09-10,,implied_rates,USD,,1M,implied_usd_rate,3.9678,pct,0.0146,100.0,100.0,10,10,https://www.chinamoney.com.cn/chinese/bkcurvuir/
2026-09-10,,implied_rates,USD,,1W,implied_usd_rate,3.8993,pct,0.0762,80.0,80.0,10,10,https://www.chinamoney.com.cn/chinese/bkcurvuir/
2026-09-10,,implied_rates,USD,,1Y,implied_usd_rate,4.2421,pct,0.018,100.0,100.0,10,10,https://www.chinamoney.com.cn/chinese/bkcurvuir/
2026-09-10,,implied_rates,USD,,2M,implied_usd_rate,4.0043,pct,0.0175,100.0,100.0,11,11,https://www.chinamoney.com.cn/chinese/bkcurvuir/
2026-09-10,,implied_rates,USD,,2W,implied_usd_rate,3.9136,pct,0.0448,100.0,100.0,10,10,https://www.chinamoney.com.cn/chinese/bkcurvuir/
2026-09-10,,implied_rates,USD,,2Y,implied_usd_rate,4.3495,pct,0.0278,100.0,100.0,10,10,https://www.chinamoney.com.cn/chinese/bkcurvuir/
2026-09-10,,implied_rates,USD,,3M,implied_usd_rate,4.0234,pct,0.0113,100.0,100.0,10,10,https://www.chinamoney.com.cn/chinese/bkcurvuir/
2026-09-10,,implied_rates,USD,,3W,implied_usd_rate,3.9652,pct,0.0168,100.0,100.0,10,10,https://www.chinamoney.com.cn/chinese/bkcurvuir/
2026-09-10,,implied_rates,USD,,3Y,implied_usd_rate,4.3848,pct,0.0405,100.0,100.0,10,10,https://www.chinamoney.com.cn/chinese/bkcurvuir/
2026-09-10,,implied_rates,USD,,6M,implied_usd_rate,4.1131,pct,0.0129,100.0,100.0,10,10,https://www.chinamoney.com.cn/chinese/bkcurvuir/
2026-09-10,,implied_rates,USD,,9M,implied_usd_rate,4.1834,pct,0.0152,100.0,100.0,10,10,https://www.chinamoney.com.cn/chinese/bkcurvuir/
2026-09-10,10:00,options,USD.CNY,10D BF,18M,implied_vol_ask,0.75,pct,0.0,100.0,100.0,8,8,https://www.chinamoney.com.cn/chinese/bkcurvfqq/
2026-09-10,10:00,options,USD.CNY,10D BF,18M,implied_vol_bid,0.35,pct,0.0,100.0,100.0,8,8,https://www.chinamoney.com.cn/chinese/bkcurvfqq/
2026-09-10,10:00,options,USD.CNY,10D BF,18M,implied_vol_mid,0.55,pct,0.0,100.0,100.0,8,8,https://www.chinamoney.com.cn/chinese/bkcurvfqq/
2026-09-10,10:00,options,USD.CNY,10D BF,1D,implied_vol_ask,0.15,pct,0.0,100.0,100.0,8,8,https://www.chinamoney.com.cn/chinese/bkcurvfqq/
2026-09-10,10:00,options,USD.CNY,10D BF,1D,implied_vol_bid,0.15,pct,0.0,100.0,100.0,8,8,https://www.chinamoney.com.cn/chinese/bkcurvfqq/
2026-09-10,10:00,options,USD.CNY,10D BF,1D,implied_vol_mid,0.15,pct,0.0,100.0,100.0,8,8,https://www.chinamoney.com.cn/chinese/bkcurvfqq/
2026-09-10,10:00,options,USD.CNY,10D BF,1M,implied_vol_ask,0.1,pct,-0.0225,75.0,75.0,8,8,https://www.chinamoney.com.cn/chinese/bkcurvfqq/
2026-09-10,10:00,options,USD.CNY,10D BF,1M,implied_vol_bid,0.1,pct,-0.0225,75.0,75.0,8,8,https://www.chinamoney.com.cn/chinese/bkcurvfqq/
2026-09-10,10:00,options,USD.CNY,10D BF,1M,implied_vol_mid,0.1,pct,-0.0225,75.0,75.0,8,8,https://www.chinamoney.com.cn/chinese/bkcurvfqq/
2026-09-10,10:00,options,USD.CNY,10D BF,1W,implied_vol_ask,0.2,pct,0.1,100.0,100.0,8,8,https://www.chinamoney.com.cn/chinese/bkcurvfqq/
2026-09-10,10:00,options,USD.CNY,10D BF,1W,implied_vol_bid,0.0,pct,-0.1,37.5,37.5,8,8,https://www.chinamoney.com.cn/chinese/bkcurvfqq/
2026-09-10,10:00,options,USD.CNY,10D BF,1W,implied_vol_mid,0.1,pct,0.0,100.0,100.0,8,8,https://www.chinamoney.com.cn/chinese/bkcurvfqq/
2026-09-10,10:00,options,USD.CNY,10D BF,1Y,implied_vol_ask,0.53,pct,-0.23,37.5,37.5,8,8,https://www.chinamoney.com.cn/chinese/bkcurvfqq/
2026-09-10,10:00,options,USD.CNY,10D BF,1Y,implied_vol_bid,0.53,pct,0.23,100.0,100.0,8,8,https://www.chinamoney.com.cn/chinese/bkcurvfqq/
2026-09-10,10:00,options,USD.CNY,10D BF,1Y,implied_vol_mid,0.53,pct,0.0,100.0,100.0,8,8,https://www.chinamoney.com.cn/chinese/bkcurvfqq/
2026-09-10,10:00,options,USD.CNY,10D BF,2M,implied_vol_ask,0.22,pct,-0.18,37.5,37.5,8,8,https://www.chinamoney.com.cn/chinese/bkcurvfqq/
2026-09-10,10:00,options,USD.CNY,10D BF,2M,implied_vol_bid,0.22,pct,0.18,100.0,100.0,8,8,https://www.chinamoney.com.cn/chinese/bkcurvfqq/
2026-09-10,10:00,options,USD.CNY,10D BF,2M,implied_vol_mid,0.22,pct,0.0,100.0,100.0,8,8,https://www.chinamoney.com.cn/chinese/bkcurvfqq/
2026-09-10,10:00,options,USD.CNY,10D BF,2W,implied_vol_ask,0.1,pct,0.0,87.5,87.5,8,8,https://www.chinamoney.com.cn/chinese/bkcurvfqq/
2026-09-10,10:00,options,USD.CNY,10D BF,2W,implied_vol_bid,0.1,pct,0.0,100.0,100.0,8,8,https://www.chinamoney.com.cn/chinese/bkcurvfqq/
2026-09-10,10:00,options,USD.CNY,10D BF,2W,implied_vol_mid,0.1,pct,0.0,100.0,100.0,8,8,https://www.chinamoney.com.cn/chinese/bkcurvfqq/
2026-09-10,10:00,options,USD.CNY,10D BF,2Y,implied_vol_ask,0.75,pct,0.0,100.0,100.0,8,8,https://www.chinamoney.com.cn/chinese/bkcurvfqq/
2026-09-10,10:00,options,USD.CNY,10D BF,2Y,implied_vol_bid,0.35,pct,0.0,100.0,100.0,8,8,https://www.chinamoney.com.cn/chinese/bkcurvfqq/
2026-09-10,10:00,options,USD.CNY,10D BF,2Y,implied_vol_mid,0.55,pct,0.0,100.0,100.0,8,8,https://www.chinamoney.com.cn/chinese/bkcurvfqq/
2026-09-10,10:00,options,USD.CNY,10D BF,3M,implied_vol_ask,0.325,pct,-0.165,50.0,50.0,8,8,https://www.chinamoney.com.cn/chinese/bkcurvfqq/
2026-09-10,10:00,options,USD.CNY,10D BF,3M,implied_vol_bid,0.325,pct,0.165,100.0,100.0,8,8,https://www.chinamoney.com.cn/chinese/bkcurvfqq/
2026-09-10,10:00,options,USD.CNY,10D BF,3M,implied_vol_mid,0.325,pct,0.0,100.0,100.0,8,8,https://www.chinamoney.com.cn/chinese/bkcurvfqq/
2026-09-10,10:00,options,USD.CNY,10D BF,3W,implied_vol_ask,0.1,pct,0.0,87.5,87.5,8,8,https://www.chinamoney.com.cn/chinese/bkcurvfqq/
2026-09-10,10:00,options,USD.CNY,10D BF,3W,implied_vol_bid,0.1,pct,0.0,100.0,100.0,8,8,https://www.chinamoney.com.cn/chinese/bkcurvfqq/
2026-09-10,10:00,options,USD.CNY,10D BF,3W,implied_vol_mid,0.1,pct,0.0,100.0,100.0,8,8,https://www.chinamoney.com.cn/chinese/bkcurvfqq/
2026-09-10,10:00,options,USD.CNY,10D BF,3Y,implied_vol_ask,0.8,pct,0.0,100.0,100.0,8,8,https://www.chinamoney.com.cn/chinese/bkcurvfqq/
2026-09-10,10:00,options,USD.CNY,10D BF,3Y,implied_vol_bid,0.4,pct,0.0,100.0,100.0,8,8,https://www.chinamoney.com.cn/chinese/bkcurvfqq/
2026-09-10,10:00,options,USD.CNY,10D BF,3Y,implied_vol_mid,0.6,pct,0.0,100.0,100.0,8,8,https://www.chinamoney.com.cn/chinese/bkcurvfqq/
2026-09-10,10:00,options,USD.CNY,10D BF,6M,implied_vol_ask,0.435,pct,-0.175,62.5,62.5,8,8,https://www.chinamoney.com.cn/chinese/bkcurvfqq/
2026-09-10,10:00,options,USD.CNY,10D BF,6M,implied_vol_bid,0.435,pct,0.175,100.0,100.0,8,8,https://www.chinamoney.com.cn/chinese/bkcurvfqq/
2026-09-10,10:00,options,USD.CNY,10D BF,6M,implied_vol_mid,0.435,pct,0.0,100.0,100.0,8,8,https://www.chinamoney.com.cn/chinese/bkcurvfqq/
2026-09-10,10:00,options,USD.CNY,10D BF,9M,implied_vol_ask,0.478,pct,-0.007,12.5,12.5,8,8,https://www.chinamoney.com.cn/chinese/bkcurvfqq/
2026-09-10,10:00,options,USD.CNY,10D BF,9M,implied_vol_bid,0.478,pct,-0.007,75.0,75.0,8,8,https://www.chinamoney.com.cn/chinese/bkcurvfqq/
2026-09-10,10:00,options,USD.CNY,10D BF,9M,implied_vol_mid,0.478,pct,-0.007,12.5,12.5,8,8,https://www.chinamoney.com.cn/chinese/bkcurvfqq/
2026-09-10,10:00,options,USD.CNY,25D BF,18M,implied_vol_ask,0.28,pct,0.0,100.0,100.0,8,8,https://www.chinamoney.com.cn/chinese/bkcurvfqq/
2026-09-10,10:00,options,USD.CNY,25D BF,18M,implied_vol_bid,0.1,pct,0.0,100.0,100.0,8,8,https://www.chinamoney.com.cn/chinese/bkcurvfqq/
2026-09-10,10:00,options,USD.CNY,25D BF,18M,implied_vol_mid,0.19,pct,0.0,100.0,100.0,8,8,https://www.chinamoney.com.cn/chinese/bkcurvfqq/
2026-09-10,10:00,options,USD.CNY,25D BF,1D,implied_vol_ask,0.1,pct,0.0,100.0,100.0,8,8,https://www.chinamoney.com.cn/chinese/bkcurvfqq/
2026-09-10,10:00,options,USD.CNY,25D BF,1D,implied_vol_bid,0.1,pct,0.0,100.0,100.0,8,8,https://www.chinamoney.com.cn/chinese/bkcurvfqq/
2026-09-10,10:00,options,USD.CNY,25D BF,1D,implied_vol_mid,0.1,pct,0.0,100.0,100.0,8,8,https://www.chinamoney.com.cn/chinese/bkcurvfqq/
2026-09-10,10:00,options,USD.CNY,25D BF,1M,implied_vol_ask,0.065,pct,0.0,50.0,50.0,8,8,https://www.chinamoney.com.cn/chinese/bkcurvfqq/
2026-09-10,10:00,options,USD.CNY,25D BF,1M,implied_vol_bid,0.065,pct,0.0,50.0,50.0,8,8,https://www.chinamoney.com.cn/chinese/bkcurvfqq/
2026-09-10,10:00,options,USD.CNY,25D BF,1M,implied_vol_mid,0.065,pct,0.0,50.0,50.0,8,8,https://www.chinamoney.com.cn/chinese/bkcurvfqq/
2026-09-10,10:00,options,USD.CNY,25D BF,1W,implied_vol_ask,0.1,pct,0.04,100.0,100.0,8,8,https://www.chinamoney.com.cn/chinese/bkcurvfqq/
2026-09-10,10:00,options,USD.CNY,25D BF,1W,implied_vol_bid,0.0,pct,-0.06,37.5,37.5,8,8,https://www.chinamoney.com.cn/chinese/bkcurvfqq/
2026-09-10,10:00,options,USD.CNY,25D BF,1W,implied_vol_mid,0.05,pct,-0.01,50.0,50.0,8,8,https://www.chinamoney.com.cn/chinese/bkcurvfqq/
2026-09-10,10:00,options,USD.CNY,25D BF,1Y,implied_vol_ask,0.175,pct,-0.105,37.5,37.5,8,8,https://www.chinamoney.com.cn/chinese/bkcurvfqq/
2026-09-10,10:00,options,USD.CNY,25D BF,1Y,implied_vol_bid,0.175,pct,0.105,100.0,100.0,8,8,https://www.chinamoney.com.cn/chinese/bkcurvfqq/
2026-09-10,10:00,options,USD.CNY,25D BF,1Y,implied_vol_mid,0.175,pct,0.0,100.0,100.0,8,8,https://www.chinamoney.com.cn/chinese/bkcurvfqq/
2026-09-10,10:00,options,USD.CNY,25D BF,2M,implied_vol_ask,0.085,pct,-0.085,37.5,37.5,8,8,https://www.chinamoney.com.cn/chinese/bkcurvfqq/
2026-09-10,10:00,options,USD.CNY,25D BF,2M,implied_vol_bid,0.085,pct,0.085,100.0,100.0,8,8,https://www.chinamoney.com.cn/chinese/bkcurvfqq/
2026-09-10,10:00,options,USD.CNY,25D BF,2M,implied_vol_mid,0.085,pct,0.0,87.5,87.5,8,8,https://www.chinamoney.com.cn/chinese/bkcurvfqq/
2026-09-10,10:00,options,USD.CNY,25D BF,2W,implied_vol_ask,0.06,pct,0.0,50.0,50.0,8,8,https://www.chinamoney.com.cn/chinese/bkcurvfqq/
2026-09-10,10:00,options,USD.CNY,25D BF,2W,implied_vol_bid,0.06,pct,0.0,62.5,62.5,8,8,https://www.chinamoney.com.cn/chinese/bkcurvfqq/
2026-09-10,10:00,options,USD.CNY,25D BF,2W,implied_vol_mid,0.06,pct,0.0,50.0,50.0,8,8,https://www.chinamoney.com.cn/chinese/bkcurvfqq/
2026-09-10,10:00,options,USD.CNY,25D BF,2Y,implied_vol_ask,0.32,pct,0.0,100.0,100.0,8,8,https://www.chinamoney.com.cn/chinese/bkcurvfqq/
2026-09-10,10:00,options,USD.CNY,25D BF,2Y,implied_vol_bid,0.1,pct,0.0,100.0,100.0,8,8,https://www.chinamoney.com.cn/chinese/bkcurvfqq/
2026-09-10,10:00,options,USD.CNY,25D BF,2Y,implied_vol_mid,0.21,pct,0.0,100.0,100.0,8,8,https://www.chinamoney.com.cn/chinese/bkcurvfqq/
2026-09-10,10:00,options,USD.CNY,25D BF,3M,implied_vol_ask,0.09,pct,-0.09,50.0,50.0,8,8,https://www.chinamoney.com.cn/chinese/bkcurvfqq/
2026-09-10,10:00,options,USD.CNY,25D BF,3M,implied_vol_bid,0.09,pct,0.09,100.0,100.0,8,8,https://www.chinamoney.com.cn/chinese/bkcurvfqq/
2026-09-10,10:00,options,USD.CNY,25D BF,3M,implied_vol_mid,0.09,pct,0.0,75.0,75.0,8,8,https://www.chinamoney.com.cn/chinese/bkcurvfqq/
2026-09-10,10:00,options,USD.CNY,25D BF,3W,implied_vol_ask,0.05,pct,0.0,37.5,37.5,8,8,https://www.chinamoney.com.cn/chinese/bkcurvfqq/
2026-09-10,10:00,options,USD.CNY,25D BF,3W,implied_vol_bid,0.05,pct,0.0,50.0,50.0,8,8,https://www.chinamoney.com.cn/chinese/bkcurvfqq/
2026-09-10,10:00,options,USD.CNY,25D BF,3W,implied_vol_mid,0.05,pct,0.0,37.5,37.5,8,8,https://www.chinamoney.com.cn/chinese/bkcurvfqq/
2026-09-10,10:00,options,USD.CNY,25D BF,3Y,implied_vol_ask,0.35,pct,0.0,100.0,100.0,8,8,https://www.chinamoney.com.cn/chinese/bkcurvfqq/
2026-09-10,10:00,options,USD.CNY,25D BF,3Y,implied_vol_bid,0.1,pct,0.0,100.0,100.0,8,8,https://www.chinamoney.com.cn/chinese/bkcurvfqq/
2026-09-10,10:00,options,USD.CNY,25D BF,3Y,implied_vol_mid,0.225,pct,0.0,100.0,100.0,8,8,https://www.chinamoney.com.cn/chinese/bkcurvfqq/
2026-09-10,10:00,options,USD.CNY,25D BF,6M,implied_vol_ask,0.135,pct,-0.095,37.5,37.5,8,8,https://www.chinamoney.com.cn/chinese/bkcurvfqq/
2026-09-10,10:00,options,USD.CNY,25D BF,6M,implied_vol_bid,0.135,pct,0.095,62.5,62.5,8,8,https://www.chinamoney.com.cn/chinese/bkcurvfqq/
2026-09-10,10:00,options,USD.CNY,25D BF,6M,implied_vol_mid,0.135,pct,-0.004,50.0,50.0,8,8,https://www.chinamoney.com.cn/chinese/bkcurvfqq/
2026-09-10,10:00,options,USD.CNY,25D BF,9M,implied_vol_ask,0.165,pct,0.001,37.5,37.5,8,8,https://www.chinamoney.com.cn/chinese/bkcurvfqq/
2026-09-10,10:00,options,USD.CNY,25D BF,9M,implied_vol_bid,0.165,pct,0.001,100.0,100.0,8,8,https://www.chinamoney.com.cn/chinese/bkcurvfqq/
2026-09-10,10:00,options,USD.CNY,25D BF,9M,implied_vol_mid,0.165,pct,0.001,100.0,100.0,8,8,https://www.chinamoney.com.cn/chinese/bkcurvfqq/
2026-09-10,10:00,options,USD.CNY,25D RR,18M,implied_vol_ask,0.5,pct,0.0,100.0,100.0,8,8,https://www.chinamoney.com.cn/chinese/bkcurvfqq/
2026-09-10,10:00,options,USD.CNY,25D RR,18M,implied_vol_bid,-0.5,pct,0.0,100.0,100.0,8,8,https://www.chinamoney.com.cn/chinese/bkcurvfqq/
2026-09-10,10:00,options,USD.CNY,25D RR,18M,implied_vol_mid,0.0,pct,0.0,100.0,100.0,8,8,https://www.chinamoney.com.cn/chinese/bkcurvfqq/
2026-09-10,10:00,options,USD.CNY,25D RR,1D,implied_vol_ask,-0.05,pct,0.0,62.5,62.5,8,8,https://www.chinamoney.com.cn/chinese/bkcurvfqq/
2026-09-10,10:00,options,USD.CNY,25D RR,1D,implied_vol_bid,-0.05,pct,0.0,62.5,62.5,8,8,https://www.chinamoney.com.cn/chinese/bkcurvfqq/
2026-09-10,10:00,options,USD.CNY,25D RR,1D,implied_vol_mid,-0.05,pct,0.0,62.5,62.5,8,8,https://www.chinamoney.com.cn/chinese/bkcurvfqq/
2026-09-10,10:00,options,USD.CNY,25D RR,1M,implied_vol_ask,-0.05,pct,0.0,50.0,50.0,8,8,https://www.chinamoney.com.cn/chinese/bkcurvfqq/
2026-09-10,10:00,options,USD.CNY,25D RR,1M,implied_vol_bid,-0.05,pct,0.0,50.0,50.0,8,8,https://www.chinamoney.com.cn/chinese/bkcurvfqq/
2026-09-10,10:00,options,USD.CNY,25D RR,1M,implied_vol_mid,-0.05,pct,0.0,50.0,50.0,8,8,https://www.chinamoney.com.cn/chinese/bkcurvfqq/
2026-09-10,10:00,options,USD.CNY,25D RR,1W,implied_vol_ask,0.3,pct,0.4,87.5,87.5,8,8,https://www.chinamoney.com.cn/chinese/bkcurvfqq/
2026-09-10,10:00,options,USD.CNY,25D RR,1W,implied_vol_bid,-0.5,pct,-0.4,37.5,37.5,8,8,https://www.chinamoney.com.cn/chinese/bkcurvfqq/
2026-09-10,10:00,options,USD.CNY,25D RR,1W,implied_vol_mid,-0.1,pct,0.0,50.0,50.0,8,8,https://www.chinamoney.com.cn/chinese/bkcurvfqq/
2026-09-10,10:00,options,USD.CNY,25D RR,1Y,implied_vol_ask,-0.025,pct,-0.015,25.0,25.0,8,8,https://www.chinamoney.com.cn/chinese/bkcurvfqq/
2026-09-10,10:00,options,USD.CNY,25D RR,1Y,implied_vol_bid,-0.025,pct,0.01,75.0,75.0,8,8,https://www.chinamoney.com.cn/chinese/bkcurvfqq/
2026-09-10,10:00,options,USD.CNY,25D RR,1Y,implied_vol_mid,-0.025,pct,-0.0025,37.5,37.5,8,8,https://www.chinamoney.com.cn/chinese/bkcurvfqq/
2026-09-10,10:00,options,USD.CNY,25D RR,2M,implied_vol_ask,-0.05,pct,-0.02,12.5,12.5,8,8,https://www.chinamoney.com.cn/chinese/bkcurvfqq/
2026-09-10,10:00,options,USD.CNY,25D RR,2M,implied_vol_bid,-0.05,pct,0.025,75.0,75.0,8,8,https://www.chinamoney.com.cn/chinese/bkcurvfqq/
2026-09-10,10:00,options,USD.CNY,25D RR,2M,implied_vol_mid,-0.05,pct,0.0,37.5,37.5,8,8,https://www.chinamoney.com.cn/chinese/bkcurvfqq/
2026-09-10,10:00,options,USD.CNY,25D RR,2W,implied_vol_ask,-0.1318,pct,-0.0318,12.5,12.5,8,8,https://www.chinamoney.com.cn/chinese/bkcurvfqq/
2026-09-10,10:00,options,USD.CNY,25D RR,2W,implied_vol_bid,-0.1318,pct,-0.0318,25.0,25.0,8,8,https://www.chinamoney.com.cn/chinese/bkcurvfqq/
2026-09-10,10:00,options,USD.CNY,25D RR,2W,implied_vol_mid,-0.1318,pct,-0.0318,25.0,25.0,8,8,https://www.chinamoney.com.cn/chinese/bkcurvfqq/
2026-09-10,10:00,options,USD.CNY,25D RR,2Y,implied_vol_ask,0.5,pct,0.0,100.0,100.0,8,8,https://www.chinamoney.com.cn/chinese/bkcurvfqq/
2026-09-10,10:00,options,USD.CNY,25D RR,2Y,implied_vol_bid,-0.5,pct,0.0,100.0,100.0,8,8,https://www.chinamoney.com.cn/chinese/bkcurvfqq/
2026-09-10,10:00,options,USD.CNY,25D RR,2Y,implied_vol_mid,0.0,pct,0.0,100.0,100.0,8,8,https://www.chinamoney.com.cn/chinese/bkcurvfqq/
2026-09-10,10:00,options,USD.CNY,25D RR,3M,implied_vol_ask,-0.044,pct,-0.019,12.5,12.5,8,8,https://www.chinamoney.com.cn/chinese/bkcurvfqq/
2026-09-10,10:00,options,USD.CNY,25D RR,3M,implied_vol_bid,-0.044,pct,0.006,62.5,62.5,8,8,https://www.chinamoney.com.cn/chinese/bkcurvfqq/
2026-09-10,10:00,options,USD.CNY,25D RR,3M,implied_vol_mid,-0.044,pct,0.006,37.5,37.5,8,8,https://www.chinamoney.com.cn/chinese/bkcurvfqq/
2026-09-10,10:00,options,USD.CNY,25D RR,3W,implied_vol_ask,-0.1,pct,0.0,50.0,50.0,8,8,https://www.chinamoney.com.cn/chinese/bkcurvfqq/
2026-09-10,10:00,options,USD.CNY,25D RR,3W,implied_vol_bid,-0.1,pct,0.0,62.5,62.5,8,8,https://www.chinamoney.com.cn/chinese/bkcurvfqq/
2026-09-10,10:00,options,USD.CNY,25D RR,3W,implied_vol_mid,-0.1,pct,0.0,50.0,50.0,8,8,https://www.chinamoney.com.cn/chinese/bkcurvfqq/
2026-09-10,10:00,options,USD.CNY,25D RR,3Y,implied_vol_ask,0.5,pct,0.0,100.0,100.0,8,8,https://www.chinamoney.com.cn/chinese/bkcurvfqq/
2026-09-10,10:00,options,USD.CNY,25D RR,3Y,implied_vol_bid,-0.5,pct,0.0,100.0,100.0,8,8,https://www.chinamoney.com.cn/chinese/bkcurvfqq/
2026-09-10,10:00,options,USD.CNY,25D RR,3Y,implied_vol_mid,0.0,pct,0.0,100.0,100.0,8,8,https://www.chinamoney.com.cn/chinese/bkcurvfqq/
2026-09-10,10:00,options,USD.CNY,25D RR,6M,implied_vol_ask,-0.025,pct,-0.375,12.5,12.5,8,8,https://www.chinamoney.com.cn/chinese/bkcurvfqq/
2026-09-10,10:00,options,USD.CNY,25D RR,6M,implied_vol_bid,-0.025,pct,0.375,50.0,50.0,8,8,https://www.chinamoney.com.cn/chinese/bkcurvfqq/
2026-09-10,10:00,options,USD.CNY,25D RR,6M,implied_vol_mid,-0.025,pct,0.0,50.0,50.0,8,8,https://www.chinamoney.com.cn/chinese/bkcurvfqq/
2026-09-10,10:00,options,USD.CNY,25D RR,9M,implied_vol_ask,-0.025,pct,0.0,25.0,25.0,8,8,https://www.chinamoney.com.cn/chinese/bkcurvfqq/
2026-09-10,10:00,options,USD.CNY,25D RR,9M,implied_vol_bid,-0.025,pct,0.0,75.0,75.0,8,8,https://www.chinamoney.com.cn/chinese/bkcurvfqq/
2026-09-10,10:00,options,USD.CNY,25D RR,9M,implied_vol_mid,-0.025,pct,0.0,62.5,62.5,8,8,https://www.chinamoney.com.cn/chinese/bkcurvfqq/
2026-09-10,10:00,options,USD.CNY,ATM,18M,implied_vol_ask,3.4,pct,0.0,100.0,100.0,8,8,https://www.chinamoney.com.cn/chinese/bkcurvfqq/
2026-09-10,10:00,options,USD.CNY,ATM,18M,implied_vol_bid,3.0,pct,0.0,100.0,100.0,8,8,https://www.chinamoney.com.cn/chinese/bkcurvfqq/
2026-09-10,10:00,options,USD.CNY,ATM,18M,implied_vol_mid,3.2,pct,0.0,100.0,100.0,8,8,https://www.chinamoney.com.cn/chinese/bkcurvfqq/
2026-09-10,10:00,options,USD.CNY,ATM,1D,implied_vol_ask,1.5,pct,0.0,100.0,100.0,8,8,https://www.chinamoney.com.cn/chinese/bkcurvfqq/
2026-09-10,10:00,options,USD.CNY,ATM,1D,implied_vol_bid,1.5,pct,0.0,100.0,100.0,8,8,https://www.chinamoney.com.cn/chinese/bkcurvfqq/
2026-09-10,10:00,options,USD.CNY,ATM,1D,implied_vol_mid,1.5,pct,0.0,100.0,100.0,8,8,https://www.chinamoney.com.cn/chinese/bkcurvfqq/
2026-09-10,10:00,options,USD.CNY,ATM,1M,implied_vol_ask,1.675,pct,-0.0125,87.5,87.5,8,8,https://www.chinamoney.com.cn/chinese/bkcurvfqq/
2026-09-10,10:00,options,USD.CNY,ATM,1M,implied_vol_bid,1.675,pct,-0.0125,87.5,87.5,8,8,https://www.chinamoney.com.cn/chinese/bkcurvfqq/
2026-09-10,10:00,options,USD.CNY,ATM,1M,implied_vol_mid,1.675,pct,-0.0125,87.5,87.5,8,8,https://www.chinamoney.com.cn/chinese/bkcurvfqq/
2026-09-10,10:00,options,USD.CNY,ATM,1W,implied_vol_ask,1.8,pct,0.3,100.0,100.0,8,8,https://www.chinamoney.com.cn/chinese/bkcurvfqq/
2026-09-10,10:00,options,USD.CNY,ATM,1W,implied_vol_bid,1.5,pct,0.0,100.0,100.0,8,8,https://www.chinamoney.com.cn/chinese/bkcurvfqq/
2026-09-10,10:00,options,USD.CNY,ATM,1W,implied_vol_mid,1.65,pct,0.15,100.0,100.0,8,8,https://www.chinamoney.com.cn/chinese/bkcurvfqq/
2026-09-10,10:00,options,USD.CNY,ATM,1Y,implied_vol_ask,3.08,pct,-0.02,75.0,75.0,8,8,https://www.chinamoney.com.cn/chinese/bkcurvfqq/
2026-09-10,10:00,options,USD.CNY,ATM,1Y,implied_vol_bid,3.08,pct,0.005,100.0,100.0,8,8,https://www.chinamoney.com.cn/chinese/bkcurvfqq/
2026-09-10,10:00,options,USD.CNY,ATM,1Y,implied_vol_mid,3.08,pct,-0.0091,87.5,87.5,8,8,https://www.chinamoney.com.cn/chinese/bkcurvfqq/
2026-09-10,10:00,options,USD.CNY,ATM,2M,implied_vol_ask,1.975,pct,-0.125,62.5,62.5,8,8,https://www.chinamoney.com.cn/chinese/bkcurvfqq/
2026-09-10,10:00,options,USD.CNY,ATM,2M,implied_vol_bid,1.975,pct,0.225,100.0,100.0,8,8,https://www.chinamoney.com.cn/chinese/bkcurvfqq/
2026-09-10,10:00,options,USD.CNY,ATM,2M,implied_vol_mid,1.975,pct,0.05,100.0,100.0,8,8,https://www.chinamoney.com.cn/chinese/bkcurvfqq/
2026-09-10,10:00,options,USD.CNY,ATM,2W,implied_vol_ask,1.575,pct,0.025,87.5,87.5,8,8,https://www.chinamoney.com.cn/chinese/bkcurvfqq/
2026-09-10,10:00,options,USD.CNY,ATM,2W,implied_vol_bid,1.575,pct,0.025,100.0,100.0,8,8,https://www.chinamoney.com.cn/chinese/bkcurvfqq/
2026-09-10,10:00,options,USD.CNY,ATM,2W,implied_vol_mid,1.575,pct,0.025,100.0,100.0,8,8,https://www.chinamoney.com.cn/chinese/bkcurvfqq/
2026-09-10,10:00,options,USD.CNY,ATM,2Y,implied_vol_ask,3.6,pct,0.0,100.0,100.0,8,8,https://www.chinamoney.com.cn/chinese/bkcurvfqq/
2026-09-10,10:00,options,USD.CNY,ATM,2Y,implied_vol_bid,3.15,pct,0.0,100.0,100.0,8,8,https://www.chinamoney.com.cn/chinese/bkcurvfqq/
2026-09-10,10:00,options,USD.CNY,ATM,2Y,implied_vol_mid,3.375,pct,0.0,100.0,100.0,8,8,https://www.chinamoney.com.cn/chinese/bkcurvfqq/
2026-09-10,10:00,options,USD.CNY,ATM,3M,implied_vol_ask,2.1569,pct,-0.0931,62.5,62.5,8,8,https://www.chinamoney.com.cn/chinese/bkcurvfqq/
2026-09-10,10:00,options,USD.CNY,ATM,3M,implied_vol_bid,2.1569,pct,0.2069,100.0,100.0,8,8,https://www.chinamoney.com.cn/chinese/bkcurvfqq/
2026-09-10,10:00,options,USD.CNY,ATM,3M,implied_vol_mid,2.1569,pct,0.0569,100.0,100.0,8,8,https://www.chinamoney.com.cn/chinese/bkcurvfqq/
2026-09-10,10:00,options,USD.CNY,ATM,3W,implied_vol_ask,1.575,pct,0.0,87.5,87.5,8,8,https://www.chinamoney.com.cn/chinese/bkcurvfqq/
2026-09-10,10:00,options,USD.CNY,ATM,3W,implied_vol_bid,1.575,pct,0.0,100.0,100.0,8,8,https://www.chinamoney.com.cn/chinese/bkcurvfqq/
2026-09-10,10:00,options,USD.CNY,ATM,3W,implied_vol_mid,1.575,pct,0.0,100.0,100.0,8,8,https://www.chinamoney.com.cn/chinese/bkcurvfqq/
2026-09-10,10:00,options,USD.CNY,ATM,3Y,implied_vol_ask,3.8,pct,0.0,100.0,100.0,8,8,https://www.chinamoney.com.cn/chinese/bkcurvfqq/
2026-09-10,10:00,options,USD.CNY,ATM,3Y,implied_vol_bid,3.25,pct,0.0,100.0,100.0,8,8,https://www.chinamoney.com.cn/chinese/bkcurvfqq/
2026-09-10,10:00,options,USD.CNY,ATM,3Y,implied_vol_mid,3.525,pct,0.0,100.0,100.0,8,8,https://www.chinamoney.com.cn/chinese/bkcurvfqq/
2026-09-10,10:00,options,USD.CNY,ATM,6M,implied_vol_ask,2.5875,pct,-0.2125,75.0,75.0,8,8,https://www.chinamoney.com.cn/chinese/bkcurvfqq/
2026-09-10,10:00,options,USD.CNY,ATM,6M,implied_vol_bid,2.5875,pct,0.1875,100.0,100.0,8,8,https://www.chinamoney.com.cn/chinese/bkcurvfqq/
2026-09-10,10:00,options,USD.CNY,ATM,6M,implied_vol_mid,2.5875,pct,0.0375,100.0,100.0,8,8,https://www.chinamoney.com.cn/chinese/bkcurvfqq/
2026-09-10,10:00,options,USD.CNY,ATM,9M,implied_vol_ask,2.8807,pct,-0.0006,62.5,62.5,8,8,https://www.chinamoney.com.cn/chinese/bkcurvfqq/
2026-09-10,10:00,options,USD.CNY,ATM,9M,implied_vol_bid,2.8807,pct,-0.0006,87.5,87.5,8,8,https://www.chinamoney.com.cn/chinese/bkcurvfqq/
2026-09-10,10:00,options,USD.CNY,ATM,9M,implied_vol_mid,2.8807,pct,-0.0006,87.5,87.5,8,8,https://www.chinamoney.com.cn/chinese/bkcurvfqq/
2026-09-10,14:00,reference_rate,USD/CNY,,,reference_rate_14,6.7076,rate,0.0,18.2,18.2,11,11,https://www.chinamoney.com.cn/ags/ms/cm-u-bk-fx/RefRateHis
2026-09-10,16:30,swaps,USD.CNY,,18M,forward_all_in,6.4231,rate,-0.0029,10.0,10.0,10,10,https://www.chinamoney.com.cn/chinese/bkcurvfsw/
2026-09-10,16:30,swaps,USD.CNY,,18M,swap_points,-2832.5,pips,-12.5,10.0,10.0,10,10,https://www.chinamoney.com.cn/chinese/bkcurvfsw/
2026-09-10,16:30,swaps,USD.CNY,,1M,forward_all_in,6.6923,rate,-0.0007,10.0,10.0,10,10,https://www.chinamoney.com.cn/chinese/bkcurvfsw/
2026-09-10,16:30,swaps,USD.CNY,,1M,swap_points,-140.6,pips,8.5,70.0,70.0,10,10,https://www.chinamoney.com.cn/chinese/bkcurvfsw/
2026-09-10,16:30,swaps,USD.CNY,,1W,forward_all_in,6.7031,rate,-0.0017,10.0,10.0,10,10,https://www.chinamoney.com.cn/chinese/bkcurvfsw/
2026-09-10,16:30,swaps,USD.CNY,,1W,swap_points,-32.1,pips,-0.86,20.0,20.0,10,10,https://www.chinamoney.com.cn/chinese/bkcurvfsw/
2026-09-10,16:30,swaps,USD.CNY,,1Y,forward_all_in,6.5208,rate,-0.0017,10.0,10.0,10,10,https://www.chinamoney.com.cn/chinese/bkcurvfsw/
2026-09-10,16:30,swaps,USD.CNY,,1Y,swap_points,-1855.99,pips,-0.99,20.0,20.0,10,10,https://www.chinamoney.com.cn/chinese/bkcurvfsw/
2026-09-10,16:30,swaps,USD.CNY,,2M,forward_all_in,6.6765,rate,-0.0023,10.0,10.0,10,10,https://www.chinamoney.com.cn/chinese/bkcurvfsw/
2026-09-10,16:30,swaps,USD.CNY,,2M,swap_points,-298.5,pips,-6.7,10.0,10.0,10,10,https://www.chinamoney.com.cn/chinese/bkcurvfsw/
2026-09-10,16:30,swaps,USD.CNY,,2W,forward_all_in,6.6999,rate,-0.0004,10.0,10.0,10,10,https://www.chinamoney.com.cn/chinese/bkcurvfsw/
2026-09-10,16:30,swaps,USD.CNY,,2W,swap_points,-64.5,pips,12.5,20.0,20.0,10,10,https://www.chinamoney.com.cn/chinese/bkcurvfsw/
2026-09-10,16:30,swaps,USD.CNY,,2Y,forward_all_in,6.3254,rate,-0.0056,10.0,10.0,10,10,https://www.chinamoney.com.cn/chinese/bkcurvfsw/
2026-09-10,16:30,swaps,USD.CNY,,2Y,swap_points,-3810.0,pips,-40.0,10.0,10.0,10,10,https://www.chinamoney.com.cn/chinese/bkcurvfsw/
2026-09-10,16:30,swaps,USD.CNY,,3M,forward_all_in,6.663,rate,-0.0018,10.0,10.0,10,10,https://www.chinamoney.com.cn/chinese/bkcurvfsw/
2026-09-10,16:30,swaps,USD.CNY,,3M,swap_points,-433.9,pips,-2.2,10.0,10.0,10,10,https://www.chinamoney.com.cn/chinese/bkcurvfsw/
2026-09-10,16:30,swaps,USD.CNY,,3W,forward_all_in,6.6951,rate,-0.0003,10.0,10.0,10,10,https://www.chinamoney.com.cn/chinese/bkcurvfsw/
2026-09-10,16:30,swaps,USD.CNY,,3W,swap_points,-112.5,pips,13.2,30.0,30.0,10,10,https://www.chinamoney.com.cn/chinese/bkcurvfsw/
2026-09-10,16:30,swaps,USD.CNY,,3Y,forward_all_in,6.1414,rate,-0.0073,10.0,10.0,10,10,https://www.chinamoney.com.cn/chinese/bkcurvfsw/
2026-09-10,16:30,swaps,USD.CNY,,3Y,swap_points,-5650.0,pips,-57.5,10.0,10.0,10,10,https://www.chinamoney.com.cn/chinese/bkcurvfsw/
2026-09-10,16:30,swaps,USD.CNY,,4M,forward_all_in,6.6474,rate,-0.002,10.0,10.0,10,10,https://www.chinamoney.com.cn/chinese/bkcurvfsw/
2026-09-10,16:30,swaps,USD.CNY,,4M,swap_points,-590.0,pips,-4.0,20.0,20.0,10,10,https://www.chinamoney.com.cn/chinese/bkcurvfsw/
2026-09-10,16:30,swaps,USD.CNY,,4Y,forward_all_in,5.9664,rate,-0.0066,10.0,10.0,10,10,https://www.chinamoney.com.cn/chinese/bkcurvfsw/
2026-09-10,16:30,swaps,USD.CNY,,4Y,swap_points,-7400.0,pips,-50.0,10.0,10.0,10,10,https://www.chinamoney.com.cn/chinese/bkcurvfsw/
2026-09-10,16:30,swaps,USD.CNY,,5M,forward_all_in,6.6309,rate,-0.0005,10.0,10.0,10,10,https://www.chinamoney.com.cn/chinese/bkcurvfsw/
2026-09-10,16:30,swaps,USD.CNY,,5M,swap_points,-755.0,pips,11.0,60.0,60.0,10,10,https://www.chinamoney.com.cn/chinese/bkcurvfsw/
2026-09-10,16:30,swaps,USD.CNY,,5Y,forward_all_in,5.7864,rate,-0.0116,10.0,10.0,10,10,https://www.chinamoney.com.cn/chinese/bkcurvfsw/
2026-09-10,16:30,swaps,USD.CNY,,5Y,swap_points,-9200.0,pips,-100.0,10.0,10.0,10,10,https://www.chinamoney.com.cn/chinese/bkcurvfsw/
2026-09-10,16:30,swaps,USD.CNY,,6M,forward_all_in,6.6174,rate,-0.0024,10.0,10.0,10,10,https://www.chinamoney.com.cn/chinese/bkcurvfsw/
2026-09-10,16:30,swaps,USD.CNY,,6M,swap_points,-889.5,pips,-7.5,10.0,10.0,10,10,https://www.chinamoney.com.cn/chinese/bkcurvfsw/
2026-09-10,16:30,swaps,USD.CNY,,9M,forward_all_in,6.5699,rate,-0.0024,10.0,10.0,10,10,https://www.chinamoney.com.cn/chinese/bkcurvfsw/
2026-09-10,16:30,swaps,USD.CNY,,9M,swap_points,-1365.0,pips,-8.0,10.0,10.0,10,10,https://www.chinamoney.com.cn/chinese/bkcurvfsw/
2026-09-10,16:30,swaps,USD.CNY,,ON,forward_all_in,6.7081,rate,-0.0007,10.0,10.0,10,10,https://www.chinamoney.com.cn/chinese/bkcurvfsw/
2026-09-10,16:30,swaps,USD.CNY,,ON,swap_points,-4.0,pips,0.1,100.0,100.0,10,10,https://www.chinamoney.com.cn/chinese/bkcurvfsw/
2026-09-10,16:30,swaps,USD.CNY,,SN,forward_all_in,6.7059,rate,-0.0007,10.0,10.0,10,10,https://www.chinamoney.com.cn/chinese/bkcurvfsw/
2026-09-10,16:30,swaps,USD.CNY,,SN,swap_points,-4.48,pips,8.69,50.0,50.0,10,10,https://www.chinamoney.com.cn/chinese/bkcurvfsw/
2026-09-10,16:30,swaps,USD.CNY,,TN,forward_all_in,6.7077,rate,-0.0007,10.0,10.0,10,10,https://www.chinamoney.com.cn/chinese/bkcurvfsw/
2026-09-10,16:30,swaps,USD.CNY,,TN,swap_points,-13.48,pips,-9.13,30.0,30.0,10,10,https://www.chinamoney.com.cn/chinese/bkcurvfsw/
2026-09-11,09:15,fixing,USD/CNY,,,fixing,6.7743,rate,-0.0023,9.1,9.1,11,11,https://www.chinamoney.com.cn/chinese/bkccpr/
2026-09-11,,implied_rates,USD,,18M,implied_usd_rate,4.4384,pct,0.1269,100.0,100.0,11,11,https://www.chinamoney.com.cn/chinese/bkcurvuir/
2026-09-11,,implied_rates,USD,,1D,implied_usd_rate,3.9024,pct,0.0589,90.9,90.9,11,11,https://www.chinamoney.com.cn/chinese/bkcurvuir/
2026-09-11,,implied_rates,USD,,1M,implied_usd_rate,4.0195,pct,0.0517,100.0,100.0,11,11,https://www.chinamoney.com.cn/chinese/bkcurvuir/
2026-09-11,,implied_rates,USD,,1W,implied_usd_rate,3.9474,pct,0.0481,100.0,100.0,11,11,https://www.chinamoney.com.cn/chinese/bkcurvuir/
2026-09-11,,implied_rates,USD,,1Y,implied_usd_rate,4.3546,pct,0.1125,100.0,100.0,11,11,https://www.chinamoney.com.cn/chinese/bkcurvuir/
2026-09-11,,implied_rates,USD,,2M,implied_usd_rate,4.05,pct,0.0457,100.0,100.0,12,12,https://www.chinamoney.com.cn/chinese/bkcurvuir/
2026-09-11,,implied_rates,USD,,2W,implied_usd_rate,3.9742,pct,0.0606,100.0,100.0,11,11,https://www.chinamoney.com.cn/chinese/bkcurvuir/
2026-09-11,,implied_rates,USD,,2Y,implied_usd_rate,4.4792,pct,0.1297,100.0,100.0,11,11,https://www.chinamoney.com.cn/chinese/bkcurvuir/
2026-09-11,,implied_rates,USD,,3M,implied_usd_rate,4.0793,pct,0.0559,100.0,100.0,11,11,https://www.chinamoney.com.cn/chinese/bkcurvuir/
2026-09-11,,implied_rates,USD,,3W,implied_usd_rate,4.0199,pct,0.0547,100.0,100.0,11,11,https://www.chinamoney.com.cn/chinese/bkcurvuir/
2026-09-11,,implied_rates,USD,,3Y,implied_usd_rate,4.4918,pct,0.107,100.0,100.0,11,11,https://www.chinamoney.com.cn/chinese/bkcurvuir/
2026-09-11,,implied_rates,USD,,6M,implied_usd_rate,4.1872,pct,0.0741,100.0,100.0,11,11,https://www.chinamoney.com.cn/chinese/bkcurvuir/
2026-09-11,,implied_rates,USD,,9M,implied_usd_rate,4.2798,pct,0.0964,100.0,100.0,11,11,https://www.chinamoney.com.cn/chinese/bkcurvuir/
2026-09-11,10:00,options,USD.CNY,10D BF,18M,implied_vol_ask,0.75,pct,0.0,100.0,100.0,9,9,https://www.chinamoney.com.cn/chinese/bkcurvfqq/
2026-09-11,10:00,options,USD.CNY,10D BF,18M,implied_vol_bid,0.35,pct,0.0,100.0,100.0,9,9,https://www.chinamoney.com.cn/chinese/bkcurvfqq/
2026-09-11,10:00,options,USD.CNY,10D BF,18M,implied_vol_mid,0.55,pct,0.0,100.0,100.0,9,9,https://www.chinamoney.com.cn/chinese/bkcurvfqq/
2026-09-11,10:00,options,USD.CNY,10D BF,1D,implied_vol_ask,0.15,pct,0.0,100.0,100.0,9,9,https://www.chinamoney.com.cn/chinese/bkcurvfqq/
2026-09-11,10:00,options,USD.CNY,10D BF,1D,implied_vol_bid,0.15,pct,0.0,100.0,100.0,9,9,https://www.chinamoney.com.cn/chinese/bkcurvfqq/
2026-09-11,10:00,options,USD.CNY,10D BF,1D,implied_vol_mid,0.15,pct,0.0,100.0,100.0,9,9,https://www.chinamoney.com.cn/chinese/bkcurvfqq/
2026-09-11,10:00,options,USD.CNY,10D BF,1M,implied_vol_ask,0.1,pct,0.0,77.8,77.8,9,9,https://www.chinamoney.com.cn/chinese/bkcurvfqq/
2026-09-11,10:00,options,USD.CNY,10D BF,1M,implied_vol_bid,0.1,pct,0.0,77.8,77.8,9,9,https://www.chinamoney.com.cn/chinese/bkcurvfqq/
2026-09-11,10:00,options,USD.CNY,10D BF,1M,implied_vol_mid,0.1,pct,0.0,77.8,77.8,9,9,https://www.chinamoney.com.cn/chinese/bkcurvfqq/
2026-09-11,10:00,options,USD.CNY,10D BF,1W,implied_vol_ask,0.2,pct,0.0,100.0,100.0,9,9,https://www.chinamoney.com.cn/chinese/bkcurvfqq/
2026-09-11,10:00,options,USD.CNY,10D BF,1W,implied_vol_bid,0.0,pct,0.0,44.4,44.4,9,9,https://www.chinamoney.com.cn/chinese/bkcurvfqq/
2026-09-11,10:00,options,USD.CNY,10D BF,1W,implied_vol_mid,0.1,pct,0.0,100.0,100.0,9,9,https://www.chinamoney.com.cn/chinese/bkcurvfqq/
2026-09-11,10:00,options,USD.CNY,10D BF,1Y,implied_vol_ask,0.5175,pct,-0.0125,11.1,11.1,9,9,https://www.chinamoney.com.cn/chinese/bkcurvfqq/
2026-09-11,10:00,options,USD.CNY,10D BF,1Y,implied_vol_bid,0.5175,pct,-0.0125,66.7,66.7,9,9,https://www.chinamoney.com.cn/chinese/bkcurvfqq/
2026-09-11,10:00,options,USD.CNY,10D BF,1Y,implied_vol_mid,0.5175,pct,-0.0125,11.1,11.1,9,9,https://www.chinamoney.com.cn/chinese/bkcurvfqq/
2026-09-11,10:00,options,USD.CNY,10D BF,2M,implied_vol_ask,0.22,pct,0.0,44.4,44.4,9,9,https://www.chinamoney.com.cn/chinese/bkcurvfqq/
2026-09-11,10:00,options,USD.CNY,10D BF,2M,implied_vol_bid,0.22,pct,0.0,100.0,100.0,9,9,https://www.chinamoney.com.cn/chinese/bkcurvfqq/
2026-09-11,10:00,options,USD.CNY,10D BF,2M,implied_vol_mid,0.22,pct,0.0,100.0,100.0,9,9,https://www.chinamoney.com.cn/chinese/bkcurvfqq/
2026-09-11,10:00,options,USD.CNY,10D BF,2W,implied_vol_ask,0.2,pct,0.1,100.0,100.0,9,9,https://www.chinamoney.com.cn/chinese/bkcurvfqq/
2026-09-11,10:00,options,USD.CNY,10D BF,2W,implied_vol_bid,0.0,pct,-0.1,22.2,22.2,9,9,https://www.chinamoney.com.cn/chinese/bkcurvfqq/
2026-09-11,10:00,options,USD.CNY,10D BF,2W,implied_vol_mid,0.1,pct,0.0,100.0,100.0,9,9,https://www.chinamoney.com.cn/chinese/bkcurvfqq/
2026-09-11,10:00,options,USD.CNY,10D BF,2Y,implied_vol_ask,0.75,pct,0.0,100.0,100.0,9,9,https://www.chinamoney.com.cn/chinese/bkcurvfqq/
2026-09-11,10:00,options,USD.CNY,10D BF,2Y,implied_vol_bid,0.35,pct,0.0,100.0,100.0,9,9,https://www.chinamoney.com.cn/chinese/bkcurvfqq/
2026-09-11,10:00,options,USD.CNY,10D BF,2Y,implied_vol_mid,0.55,pct,0.0,100.0,100.0,9,9,https://www.chinamoney.com.cn/chinese/bkcurvfqq/
2026-09-11,10:00,options,USD.CNY,10D BF,3M,implied_vol_ask,0.325,pct,0.0,55.6,55.6,9,9,https://www.chinamoney.com.cn/chinese/bkcurvfqq/
2026-09-11,10:00,options,USD.CNY,10D BF,3M,implied_vol_bid,0.325,pct,0.0,100.0,100.0,9,9,https://www.chinamoney.com.cn/chinese/bkcurvfqq/
2026-09-11,10:00,options,USD.CNY,10D BF,3M,implied_vol_mid,0.325,pct,0.0,100.0,100.0,9,9,https://www.chinamoney.com.cn/chinese/bkcurvfqq/
2026-09-11,10:00,options,USD.CNY,10D BF,3W,implied_vol_ask,0.2,pct,0.1,100.0,100.0,9,9,https://www.chinamoney.com.cn/chinese/bkcurvfqq/
2026-09-11,10:00,options,USD.CNY,10D BF,3W,implied_vol_bid,0.0,pct,-0.1,22.2,22.2,9,9,https://www.chinamoney.com.cn/chinese/bkcurvfqq/
2026-09-11,10:00,options,USD.CNY,10D BF,3W,implied_vol_mid,0.1,pct,0.0,100.0,100.0,9,9,https://www.chinamoney.com.cn/chinese/bkcurvfqq/
2026-09-11,10:00,options,USD.CNY,10D BF,3Y,implied_vol_ask,0.8,pct,0.0,100.0,100.0,9,9,https://www.chinamoney.com.cn/chinese/bkcurvfqq/
2026-09-11,10:00,options,USD.CNY,10D BF,3Y,implied_vol_bid,0.4,pct,0.0,100.0,100.0,9,9,https://www.chinamoney.com.cn/chinese/bkcurvfqq/
2026-09-11,10:00,options,USD.CNY,10D BF,3Y,implied_vol_mid,0.6,pct,0.0,100.0,100.0,9,9,https://www.chinamoney.com.cn/chinese/bkcurvfqq/
2026-09-11,10:00,options,USD.CNY,10D BF,6M,implied_vol_ask,0.61,pct,0.175,100.0,100.0,9,9,https://www.chinamoney.com.cn/chinese/bkcurvfqq/
2026-09-11,10:00,options,USD.CNY,10D BF,6M,implied_vol_bid,0.26,pct,-0.175,44.4,44.4,9,9,https://www.chinamoney.com.cn/chinese/bkcurvfqq/
2026-09-11,10:00,options,USD.CNY,10D BF,6M,implied_vol_mid,0.435,pct,0.0,100.0,100.0,9,9,https://www.chinamoney.com.cn/chinese/bkcurvfqq/
2026-09-11,10:00,options,USD.CNY,10D BF,9M,implied_vol_ask,0.4775,pct,-0.0005,11.1,11.1,9,9,https://www.chinamoney.com.cn/chinese/bkcurvfqq/
2026-09-11,10:00,options,USD.CNY,10D BF,9M,implied_vol_bid,0.4775,pct,-0.0005,66.7,66.7,9,9,https://www.chinamoney.com.cn/chinese/bkcurvfqq/
2026-09-11,10:00,options,USD.CNY,10D BF,9M,implied_vol_mid,0.4775,pct,-0.0005,11.1,11.1,9,9,https://www.chinamoney.com.cn/chinese/bkcurvfqq/
2026-09-11,10:00,options,USD.CNY,25D BF,18M,implied_vol_ask,0.28,pct,0.0,100.0,100.0,9,9,https://www.chinamoney.com.cn/chinese/bkcurvfqq/
2026-09-11,10:00,options,USD.CNY,25D BF,18M,implied_vol_bid,0.1,pct,0.0,100.0,100.0,9,9,https://www.chinamoney.com.cn/chinese/bkcurvfqq/
2026-09-11,10:00,options,USD.CNY,25D BF,18M,implied_vol_mid,0.19,pct,0.0,100.0,100.0,9,9,https://www.chinamoney.com.cn/chinese/bkcurvfqq/
2026-09-11,10:00,options,USD.CNY,25D BF,1D,implied_vol_ask,0.1,pct,0.0,100.0,100.0,9,9,https://www.chinamoney.com.cn/chinese/bkcurvfqq/
2026-09-11,10:00,options,USD.CNY,25D BF,1D,implied_vol_bid,0.1,pct,0.0,100.0,100.0,9,9,https://www.chinamoney.com.cn/chinese/bkcurvfqq/
2026-09-11,10:00,options,USD.CNY,25D BF,1D,implied_vol_mid,0.1,pct,0.0,100.0,100.0,9,9,https://www.chinamoney.com.cn/chinese/bkcurvfqq/
2026-09-11,10:00,options,USD.CNY,25D BF,1M,implied_vol_ask,0.07,pct,0.005,88.9,88.9,9,9,https://www.chinamoney.com.cn/chinese/bkcurvfqq/
2026-09-11,10:00,options,USD.CNY,25D BF,1M,implied_vol_bid,0.07,pct,0.005,88.9,88.9,9,9,https://www.chinamoney.com.cn/chinese/bkcurvfqq/
2026-09-11,10:00,options,USD.CNY,25D BF,1M,implied_vol_mid,0.07,pct,0.005,88.9,88.9,9,9,https://www.chinamoney.com.cn/chinese/bkcurvfqq/
2026-09-11,10:00,options,USD.CNY,25D BF,1W,implied_vol_ask,0.1,pct,0.0,100.0,100.0,9,9,https://www.chinamoney.com.cn/chinese/bkcurvfqq/
2026-09-11,10:00,options,USD.CNY,25D BF,1W,implied_vol_bid,0.0,pct,0.0,44.4,44.4,9,9,https://www.chinamoney.com.cn/chinese/bkcurvfqq/
2026-09-11,10:00,options,USD.CNY,25D BF,1W,implied_vol_mid,0.05,pct,0.0,55.6,55.6,9,9,https://www.chinamoney.com.cn/chinese/bkcurvfqq/
2026-09-11,10:00,options,USD.CNY,25D BF,1Y,implied_vol_ask,0.175,pct,0.0,44.4,44.4,9,9,https://www.chinamoney.com.cn/chinese/bkcurvfqq/
2026-09-11,10:00,options,USD.CNY,25D BF,1Y,implied_vol_bid,0.175,pct,0.0,100.0,100.0,9,9,https://www.chinamoney.com.cn/chinese/bkcurvfqq/
2026-09-11,10:00,options,USD.CNY,25D BF,1Y,implied_vol_mid,0.175,pct,0.0,100.0,100.0,9,9,https://www.chinamoney.com.cn/chinese/bkcurvfqq/
2026-09-11,10:00,options,USD.CNY,25D BF,2M,implied_vol_ask,0.085,pct,0.0,44.4,44.4,9,9,https://www.chinamoney.com.cn/chinese/bkcurvfqq/
2026-09-11,10:00,options,USD.CNY,25D BF,2M,implied_vol_bid,0.085,pct,0.0,100.0,100.0,9,9,https://www.chinamoney.com.cn/chinese/bkcurvfqq/
2026-09-11,10:00,options,USD.CNY,25D BF,2M,implied_vol_mid,0.085,pct,0.0,88.9,88.9,9,9,https://www.chinamoney.com.cn/chinese/bkcurvfqq/
2026-09-11,10:00,options,USD.CNY,25D BF,2W,implied_vol_ask,0.07,pct,0.01,77.8,77.8,9,9,https://www.chinamoney.com.cn/chinese/bkcurvfqq/
2026-09-11,10:00,options,USD.CNY,25D BF,2W,implied_vol_bid,0.06,pct,0.0,66.7,66.7,9,9,https://www.chinamoney.com.cn/chinese/bkcurvfqq/
2026-09-11,10:00,options,USD.CNY,25D BF,2W,implied_vol_mid,0.0625,pct,0.0025,66.7,66.7,9,9,https://www.chinamoney.com.cn/chinese/bkcurvfqq/
2026-09-11,10:00,options,USD.CNY,25D BF,2Y,implied_vol_ask,0.32,pct,0.0,100.0,100.0,9,9,https://www.chinamoney.com.cn/chinese/bkcurvfqq/
2026-09-11,10:00,options,USD.CNY,25D BF,2Y,implied_vol_bid,0.1,pct,0.0,100.0,100.0,9,9,https://www.chinamoney.com.cn/chinese/bkcurvfqq/
2026-09-11,10:00,options,USD.CNY,25D BF,2Y,implied_vol_mid,0.21,pct,0.0,100.0,100.0,9,9,https://www.chinamoney.com.cn/chinese/bkcurvfqq/
2026-09-11,10:00,options,USD.CNY,25D BF,3M,implied_vol_ask,0.09,pct,0.0,55.6,55.6,9,9,https://www.chinamoney.com.cn/chinese/bkcurvfqq/
2026-09-11,10:00,options,USD.CNY,25D BF,3M,implied_vol_bid,0.09,pct,0.0,100.0,100.0,9,9,https://www.chinamoney.com.cn/chinese/bkcurvfqq/
2026-09-11,10:00,options,USD.CNY,25D BF,3M,implied_vol_mid,0.09,pct,0.0,77.8,77.8,9,9,https://www.chinamoney.com.cn/chinese/bkcurvfqq/
2026-09-11,10:00,options,USD.CNY,25D BF,3W,implied_vol_ask,0.1,pct,0.05,100.0,100.0,9,9,https://www.chinamoney.com.cn/chinese/bkcurvfqq/
2026-09-11,10:00,options,USD.CNY,25D BF,3W,implied_vol_bid,0.0,pct,-0.05,22.2,22.2,9,9,https://www.chinamoney.com.cn/chinese/bkcurvfqq/
2026-09-11,10:00,options,USD.CNY,25D BF,3W,implied_vol_mid,0.05,pct,0.0,44.4,44.4,9,9,https://www.chinamoney.com.cn/chinese/bkcurvfqq/
2026-09-11,10:00,options,USD.CNY,25D BF,3Y,implied_vol_ask,0.35,pct,0.0,100.0,100.0,9,9,https://www.chinamoney.com.cn/chinese/bkcurvfqq/
2026-09-11,10:00,options,USD.CNY,25D BF,3Y,implied_vol_bid,0.1,pct,0.0,100.0,100.0,9,9,https://www.chinamoney.com.cn/chinese/bkcurvfqq/
2026-09-11,10:00,options,USD.CNY,25D BF,3Y,implied_vol_mid,0.225,pct,0.0,100.0,100.0,9,9,https://www.chinamoney.com.cn/chinese/bkcurvfqq/
2026-09-11,10:00,options,USD.CNY,25D BF,6M,implied_vol_ask,0.23,pct,0.095,100.0,100.0,9,9,https://www.chinamoney.com.cn/chinese/bkcurvfqq/
2026-09-11,10:00,options,USD.CNY,25D BF,6M,implied_vol_bid,0.04,pct,-0.095,33.3,33.3,9,9,https://www.chinamoney.com.cn/chinese/bkcurvfqq/
2026-09-11,10:00,options,USD.CNY,25D BF,6M,implied_vol_mid,0.135,pct,0.0,55.6,55.6,9,9,https://www.chinamoney.com.cn/chinese/bkcurvfqq/
2026-09-11,10:00,options,USD.CNY,25D BF,9M,implied_vol_ask,0.165,pct,0.0,44.4,44.4,9,9,https://www.chinamoney.com.cn/chinese/bkcurvfqq/
2026-09-11,10:00,options,USD.CNY,25D BF,9M,implied_vol_bid,0.165,pct,0.0,100.0,100.0,9,9,https://www.chinamoney.com.cn/chinese/bkcurvfqq/
2026-09-11,10:00,options,USD.CNY,25D BF,9M,implied_vol_mid,0.165,pct,0.0,100.0,100.0,9,9,https://www.chinamoney.com.cn/chinese/bkcurvfqq/
2026-09-11,10:00,options,USD.CNY,25D RR,18M,implied_vol_ask,0.5,pct,0.0,100.0,100.0,9,9,https://www.chinamoney.com.cn/chinese/bkcurvfqq/
2026-09-11,10:00,options,USD.CNY,25D RR,18M,implied_vol_bid,-0.5,pct,0.0,100.0,100.0,9,9,https://www.chinamoney.com.cn/chinese/bkcurvfqq/
2026-09-11,10:00,options,USD.CNY,25D RR,18M,implied_vol_mid,0.0,pct,0.0,100.0,100.0,9,9,https://www.chinamoney.com.cn/chinese/bkcurvfqq/
2026-09-11,10:00,options,USD.CNY,25D RR,1D,implied_vol_ask,-0.05,pct,0.0,66.7,66.7,9,9,https://www.chinamoney.com.cn/chinese/bkcurvfqq/
2026-09-11,10:00,options,USD.CNY,25D RR,1D,implied_vol_bid,-0.05,pct,0.0,66.7,66.7,9,9,https://www.chinamoney.com.cn/chinese/bkcurvfqq/
2026-09-11,10:00,options,USD.CNY,25D RR,1D,implied_vol_mid,-0.05,pct,0.0,66.7,66.7,9,9,https://www.chinamoney.com.cn/chinese/bkcurvfqq/
2026-09-11,10:00,options,USD.CNY,25D RR,1M,implied_vol_ask,-0.05,pct,0.0,55.6,55.6,9,9,https://www.chinamoney.com.cn/chinese/bkcurvfqq/
2026-09-11,10:00,options,USD.CNY,25D RR,1M,implied_vol_bid,-0.05,pct,0.0,55.6,55.6,9,9,https://www.chinamoney.com.cn/chinese/bkcurvfqq/
2026-09-11,10:00,options,USD.CNY,25D RR,1M,implied_vol_mid,-0.05,pct,0.0,55.6,55.6,9,9,https://www.chinamoney.com.cn/chinese/bkcurvfqq/
2026-09-11,10:00,options,USD.CNY,25D RR,1W,implied_vol_ask,-0.025,pct,-0.325,33.3,33.3,9,9,https://www.chinamoney.com.cn/chinese/bkcurvfqq/
2026-09-11,10:00,options,USD.CNY,25D RR,1W,implied_vol_bid,-0.15,pct,0.35,44.4,44.4,9,9,https://www.chinamoney.com.cn/chinese/bkcurvfqq/
2026-09-11,10:00,options,USD.CNY,25D RR,1W,implied_vol_mid,-0.0875,pct,0.0125,55.6,55.6,9,9,https://www.chinamoney.com.cn/chinese/bkcurvfqq/
2026-09-11,10:00,options,USD.CNY,25D RR,1Y,implied_vol_ask,-0.025,pct,0.0,33.3,33.3,9,9,https://www.chinamoney.com.cn/chinese/bkcurvfqq/
2026-09-11,10:00,options,USD.CNY,25D RR,1Y,implied_vol_bid,-0.025,pct,0.0,77.8,77.8,9,9,https://www.chinamoney.com.cn/chinese/bkcurvfqq/
2026-09-11,10:00,options,USD.CNY,25D RR,1Y,implied_vol_mid,-0.025,pct,0.0,44.4,44.4,9,9,https://www.chinamoney.com.cn/chinese/bkcurvfqq/
2026-09-11,10:00,options,USD.CNY,25D RR,2M,implied_vol_ask,-0.05,pct,0.0,22.2,22.2,9,9,https://www.chinamoney.com.cn/chinese/bkcurvfqq/
2026-09-11,10:00,options,USD.CNY,25D RR,2M,implied_vol_bid,-0.05,pct,0.0,77.8,77.8,9,9,https://www.chinamoney.com.cn/chinese/bkcurvfqq/
2026-09-11,10:00,options,USD.CNY,25D RR,2M,implied_vol_mid,-0.05,pct,0.0,44.4,44.4,9,9,https://www.chinamoney.com.cn/chinese/bkcurvfqq/
2026-09-11,10:00,options,USD.CNY,25D RR,2W,implied_vol_ask,-0.025,pct,0.1068,55.6,55.6,9,9,https://www.chinamoney.com.cn/chinese/bkcurvfqq/
2026-09-11,10:00,options,USD.CNY,25D RR,2W,implied_vol_bid,-0.125,pct,0.0068,33.3,33.3,9,9,https://www.chinamoney.com.cn/chinese/bkcurvfqq/
2026-09-11,10:00,options,USD.CNY,25D RR,2W,implied_vol_mid,-0.075,pct,0.0568,55.6,55.6,9,9,https://www.chinamoney.com.cn/chinese/bkcurvfqq/
2026-09-11,10:00,options,USD.CNY,25D RR,2Y,implied_vol_ask,0.5,pct,0.0,100.0,100.0,9,9,https://www.chinamoney.com.cn/chinese/bkcurvfqq/
2026-09-11,10:00,options,USD.CNY,25D RR,2Y,implied_vol_bid,-0.5,pct,0.0,100.0,100.0,9,9,https://www.chinamoney.com.cn/chinese/bkcurvfqq/
2026-09-11,10:00,options,USD.CNY,25D RR,2Y,implied_vol_mid,0.0,pct,0.0,100.0,100.0,9,9,https://www.chinamoney.com.cn/chinese/bkcurvfqq/
2026-09-11,10:00,options,USD.CNY,25D RR,3M,implied_vol_ask,-0.05,pct,-0.006,11.1,11.1,9,9,https://www.chinamoney.com.cn/chinese/bkcurvfqq/
2026-09-11,10:00,options,USD.CNY,25D RR,3M,implied_vol_bid,-0.05,pct,-0.006,55.6,55.6,9,9,https://www.chinamoney.com.cn/chinese/bkcurvfqq/
2026-09-11,10:00,options,USD.CNY,25D RR,3M,implied_vol_mid,-0.05,pct,-0.006,33.3,33.3,9,9,https://www.chinamoney.com.cn/chinese/bkcurvfqq/
2026-09-11,10:00,options,USD.CNY,25D RR,3W,implied_vol_ask,0.3,pct,0.4,88.9,88.9,9,9,https://www.chinamoney.com.cn/chinese/bkcurvfqq/
2026-09-11,10:00,options,USD.CNY,25D RR,3W,implied_vol_bid,-0.5,pct,-0.4,22.2,22.2,9,9,https://www.chinamoney.com.cn/chinese/bkcurvfqq/
2026-09-11,10:00,options,USD.CNY,25D RR,3W,implied_vol_mid,-0.1,pct,0.0,55.6,55.6,9,9,https://www.chinamoney.com.cn/chinese/bkcurvfqq/
2026-09-11,10:00,options,USD.CNY,25D RR,3Y,implied_vol_ask,0.5,pct,0.0,100.0,100.0,9,9,https://www.chinamoney.com.cn/chinese/bkcurvfqq/
2026-09-11,10:00,options,USD.CNY,25D RR,3Y,implied_vol_bid,-0.5,pct,0.0,100.0,100.0,9,9,https://www.chinamoney.com.cn/chinese/bkcurvfqq/
2026-09-11,10:00,options,USD.CNY,25D RR,3Y,implied_vol_mid,0.0,pct,0.0,100.0,100.0,9,9,https://www.chinamoney.com.cn/chinese/bkcurvfqq/
2026-09-11,10:00,options,USD.CNY,25D RR,6M,implied_vol_ask,0.0,pct,0.025,66.7,66.7,9,9,https://www.chinamoney.com.cn/chinese/bkcurvfqq/
2026-09-11,10:00,options,USD.CNY,25D RR,6M,implied_vol_bid,-0.025,pct,0.0,55.6,55.6,9,9,https://www.chinamoney.com.cn/chinese/bkcurvfqq/
2026-09-11,10:00,options,USD.CNY,25D RR,6M,implied_vol_mid,-0.025,pct,0.0,55.6,55.6,9,9,https://www.chinamoney.com.cn/chinese/bkcurvfqq/
2026-09-11,10:00,options,USD.CNY,25D RR,9M,implied_vol_ask,-0.025,pct,0.0,33.3,33.3,9,9,https://www.chinamoney.com.cn/chinese/bkcurvfqq/
2026-09-11,10:00,options,USD.CNY,25D RR,9M,implied_vol_bid,-0.025,pct,0.0,77.8,77.8,9,9,https://www.chinamoney.com.cn/chinese/bkcurvfqq/
2026-09-11,10:00,options,USD.CNY,25D RR,9M,implied_vol_mid,-0.025,pct,0.0,66.7,66.7,9,9,https://www.chinamoney.com.cn/chinese/bkcurvfqq/
2026-09-11,10:00,options,USD.CNY,ATM,18M,implied_vol_ask,3.4,pct,0.0,100.0,100.0,9,9,https://www.chinamoney.com.cn/chinese/bkcurvfqq/
2026-09-11,10:00,options,USD.CNY,ATM,18M,implied_vol_bid,3.0,pct,0.0,100.0,100.0,9,9,https://www.chinamoney.com.cn/chinese/bkcurvfqq/
2026-09-11,10:00,options,USD.CNY,ATM,18M,implied_vol_mid,3.2,pct,0.0,100.0,100.0,9,9,https://www.chinamoney.com.cn/chinese/bkcurvfqq/
2026-09-11,10:00,options,USD.CNY,ATM,1D,implied_vol_ask,1.5,pct,0.0,100.0,100.0,9,9,https://www.chinamoney.com.cn/chinese/bkcurvfqq/
2026-09-11,10:00,options,USD.CNY,ATM,1D,implied_vol_bid,1.5,pct,0.0,100.0,100.0,9,9,https://www.chinamoney.com.cn/chinese/bkcurvfqq/
2026-09-11,10:00,options,USD.CNY,ATM,1D,implied_vol_mid,1.5,pct,0.0,100.0,100.0,9,9,https://www.chinamoney.com.cn/chinese/bkcurvfqq/
2026-09-11,10:00,options,USD.CNY,ATM,1M,implied_vol_ask,1.7675,pct,0.0925,100.0,100.0,9,9,https://www.chinamoney.com.cn/chinese/bkcurvfqq/
2026-09-11,10:00,options,USD.CNY,ATM,1M,implied_vol_bid,1.7675,pct,0.0925,100.0,100.0,9,9,https://www.chinamoney.com.cn/chinese/bkcurvfqq/
2026-09-11,10:00,options,USD.CNY,ATM,1M,implied_vol_mid,1.7675,pct,0.0925,100.0,100.0,9,9,https://www.chinamoney.com.cn/chinese/bkcurvfqq/
2026-09-11,10:00,options,USD.CNY,ATM,1W,implied_vol_ask,1.8,pct,0.0,100.0,100.0,9,9,https://www.chinamoney.com.cn/chinese/bkcurvfqq/
2026-09-11,10:00,options,USD.CNY,ATM,1W,implied_vol_bid,1.5,pct,0.0,100.0,100.0,9,9,https://www.chinamoney.com.cn/chinese/bkcurvfqq/
2026-09-11,10:00,options,USD.CNY,ATM,1W,implied_vol_mid,1.65,pct,0.0,100.0,100.0,9,9,https://www.chinamoney.com.cn/chinese/bkcurvfqq/
2026-09-11,10:00,options,USD.CNY,ATM,1Y,implied_vol_ask,3.1036,pct,0.0236,88.9,88.9,9,9,https://www.chinamoney.com.cn/chinese/bkcurvfqq/
2026-09-11,10:00,options,USD.CNY,ATM,1Y,implied_vol_bid,3.1036,pct,0.0236,100.0,100.0,9,9,https://www.chinamoney.com.cn/chinese/bkcurvfqq/
2026-09-11,10:00,options,USD.CNY,ATM,1Y,implied_vol_mid,3.1036,pct,0.0236,100.0,100.0,9,9,https://www.chinamoney.com.cn/chinese/bkcurvfqq/
2026-09-11,10:00,options,USD.CNY,ATM,2M,implied_vol_ask,2.05,pct,0.075,77.8,77.8,9,9,https://www.chinamoney.com.cn/chinese/bkcurvfqq/
2026-09-11,10:00,options,USD.CNY,ATM,2M,implied_vol_bid,2.05,pct,0.075,100.0,100.0,9,9,https://www.chinamoney.com.cn/chinese/bkcurvfqq/
2026-09-11,10:00,options,USD.CNY,ATM,2M,implied_vol_mid,2.05,pct,0.075,100.0,100.0,9,9,https://www.chinamoney.com.cn/chinese/bkcurvfqq/
2026-09-11,10:00,options,USD.CNY,ATM,2W,implied_vol_ask,1.8,pct,0.225,100.0,100.0,9,9,https://www.chinamoney.com.cn/chinese/bkcurvfqq/
2026-09-11,10:00,options,USD.CNY,ATM,2W,implied_vol_bid,1.5,pct,-0.075,66.7,66.7,9,9,https://www.chinamoney.com.cn/chinese/bkcurvfqq/
2026-09-11,10:00,options,USD.CNY,ATM,2W,implied_vol_mid,1.675,pct,0.1,100.0,100.0,9,9,https://www.chinamoney.com.cn/chinese/bkcurvfqq/
2026-09-11,10:00,options,USD.CNY,ATM,2Y,implied_vol_ask,3.6,pct,0.0,100.0,100.0,9,9,https://www.chinamoney.com.cn/chinese/bkcurvfqq/
2026-09-11,10:00,options,USD.CNY,ATM,2Y,implied_vol_bid,3.15,pct,0.0,100.0,100.0,9,9,https://www.chinamoney.com.cn/chinese/bkcurvfqq/
2026-09-11,10:00,options,USD.CNY,ATM,2Y,implied_vol_mid,3.375,pct,0.0,100.0,100.0,9,9,https://www.chinamoney.com.cn/chinese/bkcurvfqq/
2026-09-11,10:00,options,USD.CNY,ATM,3M,implied_vol_ask,2.2531,pct,0.0962,100.0,100.0,9,9,https://www.chinamoney.com.cn/chinese/bkcurvfqq/
2026-09-11,10:00,options,USD.CNY,ATM,3M,implied_vol_bid,2.2531,pct,0.0962,100.0,100.0,9,9,https://www.chinamoney.com.cn/chinese/bkcurvfqq/
2026-09-11,10:00,options,USD.CNY,ATM,3M,implied_vol_mid,2.2531,pct,0.0962,100.0,100.0,9,9,https://www.chinamoney.com.cn/chinese/bkcurvfqq/
2026-09-11,10:00,options,USD.CNY,ATM,3W,implied_vol_ask,1.9,pct,0.325,100.0,100.0,9,9,https://www.chinamoney.com.cn/chinese/bkcurvfqq/
2026-09-11,10:00,options,USD.CNY,ATM,3W,implied_vol_bid,1.45,pct,-0.125,55.6,55.6,9,9,https://www.chinamoney.com.cn/chinese/bkcurvfqq/
2026-09-11,10:00,options,USD.CNY,ATM,3W,implied_vol_mid,1.675,pct,0.1,100.0,100.0,9,9,https://www.chinamoney.com.cn/chinese/bkcurvfqq/
2026-09-11,10:00,options,USD.CNY,ATM,3Y,implied_vol_ask,3.8,pct,0.0,100.0,100.0,9,9,https://www.chinamoney.com.cn/chinese/bkcurvfqq/
2026-09-11,10:00,options,USD.CNY,ATM,3Y,implied_vol_bid,3.25,pct,0.0,100.0,100.0,9,9,https://www.chinamoney.com.cn/chinese/bkcurvfqq/
2026-09-11,10:00,options,USD.CNY,ATM,3Y,implied_vol_mid,3.525,pct,0.0,100.0,100.0,9,9,https://www.chinamoney.com.cn/chinese/bkcurvfqq/
2026-09-11,10:00,options,USD.CNY,ATM,6M,implied_vol_ask,2.675,pct,0.0875,88.9,88.9,9,9,https://www.chinamoney.com.cn/chinese/bkcurvfqq/
2026-09-11,10:00,options,USD.CNY,ATM,6M,implied_vol_bid,2.6,pct,0.0125,100.0,100.0,9,9,https://www.chinamoney.com.cn/chinese/bkcurvfqq/
2026-09-11,10:00,options,USD.CNY,ATM,6M,implied_vol_mid,2.625,pct,0.0375,100.0,100.0,9,9,https://www.chinamoney.com.cn/chinese/bkcurvfqq/
2026-09-11,10:00,options,USD.CNY,ATM,9M,implied_vol_ask,2.9026,pct,0.0219,88.9,88.9,9,9,https://www.chinamoney.com.cn/chinese/bkcurvfqq/
2026-09-11,10:00,options,USD.CNY,ATM,9M,implied_vol_bid,2.9026,pct,0.0219,100.0,100.0,9,9,https://www.chinamoney.com.cn/chinese/bkcurvfqq/
2026-09-11,10:00,options,USD.CNY,ATM,9M,implied_vol_mid,2.9026,pct,0.0219,100.0,100.0,9,9,https://www.chinamoney.com.cn/chinese/bkcurvfqq/
2026-09-11,14:00,reference_rate,USD/CNY,,,reference_rate_14,6.7089,rate,0.0013,25.0,25.0,12,12,https://www.chinamoney.com.cn/ags/ms/cm-u-bk-fx/RefRateHis
2026-09-11,16:30,swaps,USD.CNY,,18M,forward_all_in,6.4157,rate,-0.0074,9.1,9.1,11,11,https://www.chinamoney.com.cn/chinese/bkcurvfsw/
2026-09-11,16:30,swaps,USD.CNY,,18M,swap_points,-2940.0,pips,-107.5,9.1,9.1,11,11,https://www.chinamoney.com.cn/chinese/bkcurvfsw/
2026-09-11,16:30,swaps,USD.CNY,,1M,forward_all_in,6.6953,rate,0.003,27.3,27.3,11,11,https://www.chinamoney.com.cn/chinese/bkcurvfsw/
2026-09-11,16:30,swaps,USD.CNY,,1M,swap_points,-143.5,pips,-2.9,63.6,63.6,11,11,https://www.chinamoney.com.cn/chinese/bkcurvfsw/
2026-09-11,16:30,swaps,USD.CNY,,1W,forward_all_in,6.7064,rate,0.0033,27.3,27.3,11,11,https://www.chinamoney.com.cn/chinese/bkcurvfsw/
2026-09-11,16:30,swaps,USD.CNY,,1W,swap_points,-32.8,pips,-0.7,9.1,9.1,11,11,https://www.chinamoney.com.cn/chinese/bkcurvfsw/
2026-09-11,16:30,swaps,USD.CNY,,1Y,forward_all_in,6.5164,rate,-0.0044,9.1,9.1,11,11,https://www.chinamoney.com.cn/chinese/bkcurvfsw/
2026-09-11,16:30,swaps,USD.CNY,,1Y,swap_points,-1933.0,pips,-77.01,9.1,9.1,11,11,https://www.chinamoney.com.cn/chinese/bkcurvfsw/
2026-09-11,16:30,swaps,USD.CNY,,2M,forward_all_in,6.6798,rate,0.0033,27.3,27.3,11,11,https://www.chinamoney.com.cn/chinese/bkcurvfsw/
2026-09-11,16:30,swaps,USD.CNY,,2M,swap_points,-299.0,pips,-0.5,9.1,9.1,11,11,https://www.chinamoney.com.cn/chinese/bkcurvfsw/
2026-09-11,16:30,swaps,USD.CNY,,2W,forward_all_in,6.703,rate,0.0031,27.3,27.3,11,11,https://www.chinamoney.com.cn/chinese/bkcurvfsw/
2026-09-11,16:30,swaps,USD.CNY,,2W,swap_points,-66.11,pips,-1.61,18.2,18.2,11,11,https://www.chinamoney.com.cn/chinese/bkcurvfsw/
2026-09-11,16:30,swaps,USD.CNY,,2Y,forward_all_in,6.3129,rate,-0.0125,9.1,9.1,11,11,https://www.chinamoney.com.cn/chinese/bkcurvfsw/
2026-09-11,16:30,swaps,USD.CNY,,2Y,swap_points,-3967.5,pips,-157.5,9.1,9.1,11,11,https://www.chinamoney.com.cn/chinese/bkcurvfsw/
2026-09-11,16:30,swaps,USD.CNY,,3M,forward_all_in,6.6654,rate,0.0024,27.3,27.3,11,11,https://www.chinamoney.com.cn/chinese/bkcurvfsw/
2026-09-11,16:30,swaps,USD.CNY,,3M,swap_points,-442.8,pips,-8.9,9.1,9.1,11,11,https://www.chinamoney.com.cn/chinese/bkcurvfsw/
2026-09-11,16:30,swaps,USD.CNY,,3W,forward_all_in,6.6986,rate,0.0035,36.4,36.4,11,11,https://www.chinamoney.com.cn/chinese/bkcurvfsw/
2026-09-11,16:30,swaps,USD.CNY,,3W,swap_points,-110.2,pips,2.3,36.4,36.4,11,11,https://www.chinamoney.com.cn/chinese/bkcurvfsw/
2026-09-11,16:30,swaps,USD.CNY,,3Y,forward_all_in,6.1247,rate,-0.0167,9.1,9.1,11,11,https://www.chinamoney.com.cn/chinese/bkcurvfsw/
2026-09-11,16:30,swaps,USD.CNY,,3Y,swap_points,-5850.0,pips,-200.0,9.1,9.1,11,11,https://www.chinamoney.com.cn/chinese/bkcurvfsw/
2026-09-11,16:30,swaps,USD.CNY,,4M,forward_all_in,6.6497,rate,0.0023,27.3,27.3,11,11,https://www.chinamoney.com.cn/chinese/bkcurvfsw/
2026-09-11,16:30,swaps,USD.CNY,,4M,swap_points,-600.0,pips,-10.0,9.1,9.1,11,11,https://www.chinamoney.com.cn/chinese/bkcurvfsw/
2026-09-11,16:30,swaps,USD.CNY,,4Y,forward_all_in,5.9372,rate,-0.0292,9.1,9.1,11,11,https://www.chinamoney.com.cn/chinese/bkcurvfsw/
2026-09-11,16:30,swaps,USD.CNY,,4Y,swap_points,-7725.0,pips,-325.0,9.1,9.1,11,11,https://www.chinamoney.com.cn/chinese/bkcurvfsw/
2026-09-11,16:30,swaps,USD.CNY,,5M,forward_all_in,6.6331,rate,0.0022,27.3,27.3,11,11,https://www.chinamoney.com.cn/chinese/bkcurvfsw/
2026-09-11,16:30,swaps,USD.CNY,,5M,swap_points,-766.0,pips,-11.0,36.4,36.4,11,11,https://www.chinamoney.com.cn/chinese/bkcurvfsw/
2026-09-11,16:30,swaps,USD.CNY,,5Y,forward_all_in,5.7547,rate,-0.0317,9.1,9.1,11,11,https://www.chinamoney.com.cn/chinese/bkcurvfsw/
2026-09-11,16:30,swaps,USD.CNY,,5Y,swap_points,-9550.0,pips,-350.0,9.1,9.1,11,11,https://www.chinamoney.com.cn/chinese/bkcurvfsw/
2026-09-11,16:30,swaps,USD.CNY,,6M,forward_all_in,6.6188,rate,0.0014,18.2,18.2,11,11,https://www.chinamoney.com.cn/chinese/bkcurvfsw/
2026-09-11,16:30,swaps,USD.CNY,,6M,swap_points,-909.0,pips,-19.5,9.1,9.1,11,11,https://www.chinamoney.com.cn/chinese/bkcurvfsw/
2026-09-11,16:30,swaps,USD.CNY,,9M,forward_all_in,6.5687,rate,-0.0012,9.1,9.1,11,11,https://www.chinamoney.com.cn/chinese/bkcurvfsw/
2026-09-11,16:30,swaps,USD.CNY,,9M,swap_points,-1410.0,pips,-45.0,9.1,9.1,11,11,https://www.chinamoney.com.cn/chinese/bkcurvfsw/
2026-09-11,16:30,swaps,USD.CNY,,ON,forward_all_in,6.7114,rate,0.0033,36.4,36.4,11,11,https://www.chinamoney.com.cn/chinese/bkcurvfsw/
2026-09-11,16:30,swaps,USD.CNY,,ON,swap_points,-13.3,pips,-9.3,27.3,27.3,11,11,https://www.chinamoney.com.cn/chinese/bkcurvfsw/
2026-09-11,16:30,swaps,USD.CNY,,SN,forward_all_in,6.7092,rate,0.0033,27.3,27.3,11,11,https://www.chinamoney.com.cn/chinese/bkcurvfsw/
2026-09-11,16:30,swaps,USD.CNY,,SN,swap_points,-4.56,pips,-0.08,36.4,36.4,11,11,https://www.chinamoney.com.cn/chinese/bkcurvfsw/
2026-09-11,16:30,swaps,USD.CNY,,TN,forward_all_in,6.7101,rate,0.0024,27.3,27.3,11,11,https://www.chinamoney.com.cn/chinese/bkcurvfsw/
2026-09-11,16:30,swaps,USD.CNY,,TN,swap_points,-4.49,pips,8.99,45.5,45.5,11,11,https://www.chinamoney.com.cn/chinese/bkcurvfsw/
