source_date,source_time,dataset,instrument,surface,tenor,metric,value,unit,source_url,retrieved_at_utc,raw_sha256,attributes_json
2026-08-28,,implied_rates,USD,,18M,implied_usd_rate,4.1565,pct,https://www.chinamoney.com.cn/chinese/bkcurvuir/,2026-08-28T20:57:01+00:00,7bf47ecc657bf29f2fa1916a6bdadc02cbecd1e2a56793d371b15b1268542d4e,"{""人民币利率(%)"": ""1.4658"", ""即期汇率"": ""6.7811"", ""期限"": ""18M"", ""远/掉期点(Pips)"": ""-2680.00"", ""隐含利率(%)"": ""4.1565""}"
2026-08-28,,implied_rates,USD,,1D,implied_usd_rate,3.9064,pct,https://www.chinamoney.com.cn/chinese/bkcurvuir/,2026-08-28T20:57:01+00:00,7bf47ecc657bf29f2fa1916a6bdadc02cbecd1e2a56793d371b15b1268542d4e,"{""人民币利率(%)"": ""1.4142"", ""即期汇率"": ""6.7811"", ""期限"": ""1D"", ""远/掉期点(Pips)"": ""-4.63"", ""隐含利率(%)"": ""3.9064""}"
2026-08-28,,implied_rates,USD,,1M,implied_usd_rate,3.9059,pct,https://www.chinamoney.com.cn/chinese/bkcurvuir/,2026-08-28T20:57:01+00:00,7bf47ecc657bf29f2fa1916a6bdadc02cbecd1e2a56793d371b15b1268542d4e,"{""人民币利率(%)"": ""1.4443"", ""即期汇率"": ""6.7811"", ""期限"": ""1M"", ""远/掉期点(Pips)"": ""-169.00"", ""隐含利率(%)"": ""3.9059""}"
2026-08-28,,implied_rates,USD,,1W,implied_usd_rate,3.9056,pct,https://www.chinamoney.com.cn/chinese/bkcurvuir/,2026-08-28T20:57:01+00:00,7bf47ecc657bf29f2fa1916a6bdadc02cbecd1e2a56793d371b15b1268542d4e,"{""人民币利率(%)"": ""1.4360"", ""即期汇率"": ""6.7811"", ""期限"": ""1W"", ""远/掉期点(Pips)"": ""-32.11"", ""隐含利率(%)"": ""3.9056""}"
2026-08-28,,implied_rates,USD,,1Y,implied_usd_rate,4.1167,pct,https://www.chinamoney.com.cn/chinese/bkcurvuir/,2026-08-28T20:57:01+00:00,7bf47ecc657bf29f2fa1916a6bdadc02cbecd1e2a56793d371b15b1268542d4e,"{""人民币利率(%)"": ""1.4628"", ""即期汇率"": ""6.7811"", ""期限"": ""1Y"", ""远/掉期点(Pips)"": ""-1776.00"", ""隐含利率(%)"": ""4.1167""}"
2026-08-28,,implied_rates,USD,,2M,implied_usd_rate,3.936,pct,https://www.chinamoney.com.cn/chinese/bkcurvuir/,2026-08-28T20:57:01+00:00,7bf47ecc657bf29f2fa1916a6bdadc02cbecd1e2a56793d371b15b1268542d4e,"{""人民币利率(%)"": ""1.4478"", ""即期汇率"": ""6.7811"", ""期限"": ""2M"", ""远/掉期点(Pips)"": ""-286.00"", ""隐含利率(%)"": ""3.9360""}"
2026-08-28,,implied_rates,USD,,2M,implied_usd_rate,3.9360,pct,https://www.chinamoney.com.cn/chinese/bkcurvuir/,2026-08-28T09:25:18+00:00,ab6b68adef12d1bfa034157ce64a4d3ab46e89d3,"{""人民币利率(%)"":""1.4478"",""即期汇率"":""6.7811"",""期限"":""2M"",""远/掉期点(Pips)"":""-286.00"",""隐含利率(%)"":""3.9360""}"
2026-08-28,,implied_rates,USD,,2W,implied_usd_rate,3.8931,pct,https://www.chinamoney.com.cn/chinese/bkcurvuir/,2026-08-28T20:57:01+00:00,7bf47ecc657bf29f2fa1916a6bdadc02cbecd1e2a56793d371b15b1268542d4e,"{""人民币利率(%)"": ""1.4410"", ""即期汇率"": ""6.7811"", ""期限"": ""2W"", ""远/掉期点(Pips)"": ""-63.75"", ""隐含利率(%)"": ""3.8931""}"
2026-08-28,,implied_rates,USD,,2Y,implied_usd_rate,4.1734,pct,https://www.chinamoney.com.cn/chinese/bkcurvuir/,2026-08-28T20:57:01+00:00,7bf47ecc657bf29f2fa1916a6bdadc02cbecd1e2a56793d371b15b1268542d4e,"{""人民币利率(%)"": ""1.4691"", ""即期汇率"": ""6.7811"", ""期限"": ""2Y"", ""远/掉期点(Pips)"": ""-3575.00"", ""隐含利率(%)"": ""4.1734""}"
2026-08-28,,implied_rates,USD,,3M,implied_usd_rate,3.9601,pct,https://www.chinamoney.com.cn/chinese/bkcurvuir/,2026-08-28T20:57:01+00:00,7bf47ecc657bf29f2fa1916a6bdadc02cbecd1e2a56793d371b15b1268542d4e,"{""人民币利率(%)"": ""1.4503"", ""即期汇率"": ""6.7811"", ""期限"": ""3M"", ""远/掉期点(Pips)"": ""-423.00"", ""隐含利率(%)"": ""3.9601""}"
2026-08-28,,implied_rates,USD,,3W,implied_usd_rate,3.8906,pct,https://www.chinamoney.com.cn/chinese/bkcurvuir/,2026-08-28T20:57:01+00:00,7bf47ecc657bf29f2fa1916a6bdadc02cbecd1e2a56793d371b15b1268542d4e,"{""人民币利率(%)"": ""1.4411"", ""即期汇率"": ""6.7811"", ""期限"": ""3W"", ""远/掉期点(Pips)"": ""-95.50"", ""隐含利率(%)"": ""3.8906""}"
2026-08-28,,implied_rates,USD,,3Y,implied_usd_rate,4.2085,pct,https://www.chinamoney.com.cn/chinese/bkcurvuir/,2026-08-28T20:57:01+00:00,7bf47ecc657bf29f2fa1916a6bdadc02cbecd1e2a56793d371b15b1268542d4e,"{""人民币利率(%)"": ""1.4897"", ""即期汇率"": ""6.7811"", ""期限"": ""3Y"", ""远/掉期点(Pips)"": ""-5330.00"", ""隐含利率(%)"": ""4.2085""}"
2026-08-28,,implied_rates,USD,,6M,implied_usd_rate,4.0396,pct,https://www.chinamoney.com.cn/chinese/bkcurvuir/,2026-08-28T20:57:01+00:00,7bf47ecc657bf29f2fa1916a6bdadc02cbecd1e2a56793d371b15b1268542d4e,"{""人民币利率(%)"": ""1.4633"", ""即期汇率"": ""6.7811"", ""期限"": ""6M"", ""远/掉期点(Pips)"": ""-860.80"", ""隐含利率(%)"": ""4.0396""}"
2026-08-28,,implied_rates,USD,,9M,implied_usd_rate,4.0856,pct,https://www.chinamoney.com.cn/chinese/bkcurvuir/,2026-08-28T20:57:01+00:00,7bf47ecc657bf29f2fa1916a6bdadc02cbecd1e2a56793d371b15b1268542d4e,"{""人民币利率(%)"": ""1.4654"", ""即期汇率"": ""6.7811"", ""期限"": ""9M"", ""远/掉期点(Pips)"": ""-1316.00"", ""隐含利率(%)"": ""4.0856""}"
2026-08-28,09:15,fixing,USD/CNY,,,fixing,6.7811,rate,https://www.chinamoney.com.cn/chinese/bkccpr/,2026-08-28T20:57:01+00:00,7560b3293547ad408a70513a5beb63fd8bc60aaa86191ca5a186cedfc0455aed,"{""中间价"": ""6.7811"", ""涨跌"": ""29.00"", ""货币对"": ""美元/人民币""}"
2026-08-28,10:00,options,USD.CNY,10D BF,18M,implied_vol,0.55,pct,https://www.chinamoney.com.cn/chinese/bkcurvfqq/,2026-08-28T09:25:18+00:00,773b709f596dc05975119159020e748f72e6e9dfb2f2fd8696b5e9bb58aa7ef7,{}
2026-08-28,10:00,options,USD.CNY,10D BF,1D,implied_vol,0.15,pct,https://www.chinamoney.com.cn/chinese/bkcurvfqq/,2026-08-28T09:25:18+00:00,773b709f596dc05975119159020e748f72e6e9dfb2f2fd8696b5e9bb58aa7ef7,{}
2026-08-28,10:00,options,USD.CNY,10D BF,1M,implied_vol,0.1,pct,https://www.chinamoney.com.cn/chinese/bkcurvfqq/,2026-08-28T09:25:18+00:00,773b709f596dc05975119159020e748f72e6e9dfb2f2fd8696b5e9bb58aa7ef7,{}
2026-08-28,10:00,options,USD.CNY,10D BF,1W,implied_vol,0.1,pct,https://www.chinamoney.com.cn/chinese/bkcurvfqq/,2026-08-28T09:25:18+00:00,773b709f596dc05975119159020e748f72e6e9dfb2f2fd8696b5e9bb58aa7ef7,{}
2026-08-28,10:00,options,USD.CNY,10D BF,1Y,implied_vol,0.53,pct,https://www.chinamoney.com.cn/chinese/bkcurvfqq/,2026-08-28T09:25:18+00:00,773b709f596dc05975119159020e748f72e6e9dfb2f2fd8696b5e9bb58aa7ef7,{}
2026-08-28,10:00,options,USD.CNY,10D BF,2M,implied_vol,0.22,pct,https://www.chinamoney.com.cn/chinese/bkcurvfqq/,2026-08-28T09:25:18+00:00,773b709f596dc05975119159020e748f72e6e9dfb2f2fd8696b5e9bb58aa7ef7,{}
2026-08-28,10:00,options,USD.CNY,10D BF,2W,implied_vol,0.1,pct,https://www.chinamoney.com.cn/chinese/bkcurvfqq/,2026-08-28T09:25:18+00:00,773b709f596dc05975119159020e748f72e6e9dfb2f2fd8696b5e9bb58aa7ef7,{}
2026-08-28,10:00,options,USD.CNY,10D BF,2Y,implied_vol,0.55,pct,https://www.chinamoney.com.cn/chinese/bkcurvfqq/,2026-08-28T09:25:18+00:00,773b709f596dc05975119159020e748f72e6e9dfb2f2fd8696b5e9bb58aa7ef7,{}
2026-08-28,10:00,options,USD.CNY,10D BF,3M,implied_vol,0.325,pct,https://www.chinamoney.com.cn/chinese/bkcurvfqq/,2026-08-28T09:25:18+00:00,773b709f596dc05975119159020e748f72e6e9dfb2f2fd8696b5e9bb58aa7ef7,{}
2026-08-28,10:00,options,USD.CNY,10D BF,3W,implied_vol,0.1,pct,https://www.chinamoney.com.cn/chinese/bkcurvfqq/,2026-08-28T09:25:18+00:00,773b709f596dc05975119159020e748f72e6e9dfb2f2fd8696b5e9bb58aa7ef7,{}
2026-08-28,10:00,options,USD.CNY,10D BF,3Y,implied_vol,0.6,pct,https://www.chinamoney.com.cn/chinese/bkcurvfqq/,2026-08-28T09:25:18+00:00,773b709f596dc05975119159020e748f72e6e9dfb2f2fd8696b5e9bb58aa7ef7,{}
2026-08-28,10:00,options,USD.CNY,10D BF,6M,implied_vol,0.435,pct,https://www.chinamoney.com.cn/chinese/bkcurvfqq/,2026-08-28T09:25:18+00:00,773b709f596dc05975119159020e748f72e6e9dfb2f2fd8696b5e9bb58aa7ef7,{}
2026-08-28,10:00,options,USD.CNY,10D BF,9M,implied_vol,0.49,pct,https://www.chinamoney.com.cn/chinese/bkcurvfqq/,2026-08-28T09:25:18+00:00,773b709f596dc05975119159020e748f72e6e9dfb2f2fd8696b5e9bb58aa7ef7,{}
2026-08-28,10:00,options,USD.CNY,25D BF,18M,implied_vol,0.19,pct,https://www.chinamoney.com.cn/chinese/bkcurvfqq/,2026-08-28T09:25:18+00:00,6040aa48b218af746e73fb570cb156f1198d49f5f48aaa17f797da4a64b8e5cc,{}
2026-08-28,10:00,options,USD.CNY,25D BF,1D,implied_vol,0.1,pct,https://www.chinamoney.com.cn/chinese/bkcurvfqq/,2026-08-28T09:25:18+00:00,6040aa48b218af746e73fb570cb156f1198d49f5f48aaa17f797da4a64b8e5cc,{}
2026-08-28,10:00,options,USD.CNY,25D BF,1M,implied_vol,0.065,pct,https://www.chinamoney.com.cn/chinese/bkcurvfqq/,2026-08-28T09:25:18+00:00,6040aa48b218af746e73fb570cb156f1198d49f5f48aaa17f797da4a64b8e5cc,{}
2026-08-28,10:00,options,USD.CNY,25D BF,1W,implied_vol,0.05,pct,https://www.chinamoney.com.cn/chinese/bkcurvfqq/,2026-08-28T09:25:18+00:00,6040aa48b218af746e73fb570cb156f1198d49f5f48aaa17f797da4a64b8e5cc,{}
2026-08-28,10:00,options,USD.CNY,25D BF,1Y,implied_vol,0.175,pct,https://www.chinamoney.com.cn/chinese/bkcurvfqq/,2026-08-28T09:25:18+00:00,6040aa48b218af746e73fb570cb156f1198d49f5f48aaa17f797da4a64b8e5cc,{}
2026-08-28,10:00,options,USD.CNY,25D BF,2M,implied_vol,0.0875,pct,https://www.chinamoney.com.cn/chinese/bkcurvfqq/,2026-08-28T09:25:18+00:00,6040aa48b218af746e73fb570cb156f1198d49f5f48aaa17f797da4a64b8e5cc,{}
2026-08-28,10:00,options,USD.CNY,25D BF,2W,implied_vol,0.05,pct,https://www.chinamoney.com.cn/chinese/bkcurvfqq/,2026-08-28T09:25:18+00:00,6040aa48b218af746e73fb570cb156f1198d49f5f48aaa17f797da4a64b8e5cc,{}
2026-08-28,10:00,options,USD.CNY,25D BF,2Y,implied_vol,0.21,pct,https://www.chinamoney.com.cn/chinese/bkcurvfqq/,2026-08-28T09:25:18+00:00,6040aa48b218af746e73fb570cb156f1198d49f5f48aaa17f797da4a64b8e5cc,{}
2026-08-28,10:00,options,USD.CNY,25D BF,3M,implied_vol,0.09,pct,https://www.chinamoney.com.cn/chinese/bkcurvfqq/,2026-08-28T09:25:18+00:00,6040aa48b218af746e73fb570cb156f1198d49f5f48aaa17f797da4a64b8e5cc,{}
2026-08-28,10:00,options,USD.CNY,25D BF,3W,implied_vol,0.075,pct,https://www.chinamoney.com.cn/chinese/bkcurvfqq/,2026-08-28T09:25:18+00:00,6040aa48b218af746e73fb570cb156f1198d49f5f48aaa17f797da4a64b8e5cc,{}
2026-08-28,10:00,options,USD.CNY,25D BF,3Y,implied_vol,0.225,pct,https://www.chinamoney.com.cn/chinese/bkcurvfqq/,2026-08-28T09:25:18+00:00,6040aa48b218af746e73fb570cb156f1198d49f5f48aaa17f797da4a64b8e5cc,{}
2026-08-28,10:00,options,USD.CNY,25D BF,6M,implied_vol,0.135,pct,https://www.chinamoney.com.cn/chinese/bkcurvfqq/,2026-08-28T09:25:18+00:00,6040aa48b218af746e73fb570cb156f1198d49f5f48aaa17f797da4a64b8e5cc,{}
2026-08-28,10:00,options,USD.CNY,25D BF,9M,implied_vol,0.165,pct,https://www.chinamoney.com.cn/chinese/bkcurvfqq/,2026-08-28T09:25:18+00:00,6040aa48b218af746e73fb570cb156f1198d49f5f48aaa17f797da4a64b8e5cc,{}
2026-08-28,10:00,options,USD.CNY,25D RR,18M,implied_vol,0.0,pct,https://www.chinamoney.com.cn/chinese/bkcurvfqq/,2026-08-28T09:25:18+00:00,a91a2f0435b2360a227ba85573a450d6ca5666228405b7e821b9451384a88f4a,{}
2026-08-28,10:00,options,USD.CNY,25D RR,1D,implied_vol,0.0,pct,https://www.chinamoney.com.cn/chinese/bkcurvfqq/,2026-08-28T09:25:18+00:00,a91a2f0435b2360a227ba85573a450d6ca5666228405b7e821b9451384a88f4a,{}
2026-08-28,10:00,options,USD.CNY,25D RR,1M,implied_vol,-0.025,pct,https://www.chinamoney.com.cn/chinese/bkcurvfqq/,2026-08-28T09:25:18+00:00,a91a2f0435b2360a227ba85573a450d6ca5666228405b7e821b9451384a88f4a,{}
2026-08-28,10:00,options,USD.CNY,25D RR,1W,implied_vol,-0.025,pct,https://www.chinamoney.com.cn/chinese/bkcurvfqq/,2026-08-28T09:25:18+00:00,a91a2f0435b2360a227ba85573a450d6ca5666228405b7e821b9451384a88f4a,{}
2026-08-28,10:00,options,USD.CNY,25D RR,1Y,implied_vol,0.0,pct,https://www.chinamoney.com.cn/chinese/bkcurvfqq/,2026-08-28T09:25:18+00:00,a91a2f0435b2360a227ba85573a450d6ca5666228405b7e821b9451384a88f4a,{}
2026-08-28,10:00,options,USD.CNY,25D RR,2M,implied_vol,-0.025,pct,https://www.chinamoney.com.cn/chinese/bkcurvfqq/,2026-08-28T09:25:18+00:00,a91a2f0435b2360a227ba85573a450d6ca5666228405b7e821b9451384a88f4a,{}
2026-08-28,10:00,options,USD.CNY,25D RR,2W,implied_vol,-0.025,pct,https://www.chinamoney.com.cn/chinese/bkcurvfqq/,2026-08-28T09:25:18+00:00,a91a2f0435b2360a227ba85573a450d6ca5666228405b7e821b9451384a88f4a,{}
2026-08-28,10:00,options,USD.CNY,25D RR,2Y,implied_vol,0.0,pct,https://www.chinamoney.com.cn/chinese/bkcurvfqq/,2026-08-28T09:25:18+00:00,a91a2f0435b2360a227ba85573a450d6ca5666228405b7e821b9451384a88f4a,{}
2026-08-28,10:00,options,USD.CNY,25D RR,3M,implied_vol,0.0,pct,https://www.chinamoney.com.cn/chinese/bkcurvfqq/,2026-08-28T09:25:18+00:00,a91a2f0435b2360a227ba85573a450d6ca5666228405b7e821b9451384a88f4a,{}
2026-08-28,10:00,options,USD.CNY,25D RR,3W,implied_vol,-0.025,pct,https://www.chinamoney.com.cn/chinese/bkcurvfqq/,2026-08-28T09:25:18+00:00,a91a2f0435b2360a227ba85573a450d6ca5666228405b7e821b9451384a88f4a,{}
2026-08-28,10:00,options,USD.CNY,25D RR,3Y,implied_vol,0.0,pct,https://www.chinamoney.com.cn/chinese/bkcurvfqq/,2026-08-28T09:25:18+00:00,a91a2f0435b2360a227ba85573a450d6ca5666228405b7e821b9451384a88f4a,{}
2026-08-28,10:00,options,USD.CNY,25D RR,6M,implied_vol,0.0,pct,https://www.chinamoney.com.cn/chinese/bkcurvfqq/,2026-08-28T09:25:18+00:00,a91a2f0435b2360a227ba85573a450d6ca5666228405b7e821b9451384a88f4a,{}
2026-08-28,10:00,options,USD.CNY,25D RR,9M,implied_vol,-0.015,pct,https://www.chinamoney.com.cn/chinese/bkcurvfqq/,2026-08-28T09:25:18+00:00,a91a2f0435b2360a227ba85573a450d6ca5666228405b7e821b9451384a88f4a,{}
2026-08-28,10:00,options,USD.CNY,ATM,18M,implied_vol,3.2,pct,https://www.chinamoney.com.cn/chinese/bkcurvfqq/,2026-08-28T09:25:18+00:00,9215a387a723ace28df9fbb73062dc58c9727143382f43e2cccdc7f00251a09f,{}
2026-08-28,10:00,options,USD.CNY,ATM,1D,implied_vol,1.25,pct,https://www.chinamoney.com.cn/chinese/bkcurvfqq/,2026-08-28T09:25:18+00:00,9215a387a723ace28df9fbb73062dc58c9727143382f43e2cccdc7f00251a09f,{}
2026-08-28,10:00,options,USD.CNY,ATM,1M,implied_vol,1.5723,pct,https://www.chinamoney.com.cn/chinese/bkcurvfqq/,2026-08-28T09:25:18+00:00,9215a387a723ace28df9fbb73062dc58c9727143382f43e2cccdc7f00251a09f,{}
2026-08-28,10:00,options,USD.CNY,ATM,1W,implied_vol,1.3997,pct,https://www.chinamoney.com.cn/chinese/bkcurvfqq/,2026-08-28T09:25:18+00:00,9215a387a723ace28df9fbb73062dc58c9727143382f43e2cccdc7f00251a09f,{}
2026-08-28,10:00,options,USD.CNY,ATM,1Y,implied_vol,3.025,pct,https://www.chinamoney.com.cn/chinese/bkcurvfqq/,2026-08-28T09:25:18+00:00,9215a387a723ace28df9fbb73062dc58c9727143382f43e2cccdc7f00251a09f,{}
2026-08-28,10:00,options,USD.CNY,ATM,2M,implied_vol,1.815,pct,https://www.chinamoney.com.cn/chinese/bkcurvfqq/,2026-08-28T09:25:18+00:00,9215a387a723ace28df9fbb73062dc58c9727143382f43e2cccdc7f00251a09f,{}
2026-08-28,10:00,options,USD.CNY,ATM,2W,implied_vol,1.4205,pct,https://www.chinamoney.com.cn/chinese/bkcurvfqq/,2026-08-28T09:25:18+00:00,9215a387a723ace28df9fbb73062dc58c9727143382f43e2cccdc7f00251a09f,{}
2026-08-28,10:00,options,USD.CNY,ATM,2Y,implied_vol,3.4,pct,https://www.chinamoney.com.cn/chinese/bkcurvfqq/,2026-08-28T09:25:18+00:00,9215a387a723ace28df9fbb73062dc58c9727143382f43e2cccdc7f00251a09f,{}
2026-08-28,10:00,options,USD.CNY,ATM,3M,implied_vol,2.07,pct,https://www.chinamoney.com.cn/chinese/bkcurvfqq/,2026-08-28T09:25:18+00:00,9215a387a723ace28df9fbb73062dc58c9727143382f43e2cccdc7f00251a09f,{}
2026-08-28,10:00,options,USD.CNY,ATM,3W,implied_vol,1.525,pct,https://www.chinamoney.com.cn/chinese/bkcurvfqq/,2026-08-28T09:25:18+00:00,9215a387a723ace28df9fbb73062dc58c9727143382f43e2cccdc7f00251a09f,{}
2026-08-28,10:00,options,USD.CNY,ATM,3Y,implied_vol,3.525,pct,https://www.chinamoney.com.cn/chinese/bkcurvfqq/,2026-08-28T09:25:18+00:00,9215a387a723ace28df9fbb73062dc58c9727143382f43e2cccdc7f00251a09f,{}
2026-08-28,10:00,options,USD.CNY,ATM,6M,implied_vol,2.51,pct,https://www.chinamoney.com.cn/chinese/bkcurvfqq/,2026-08-28T09:25:18+00:00,9215a387a723ace28df9fbb73062dc58c9727143382f43e2cccdc7f00251a09f,{}
2026-08-28,10:00,options,USD.CNY,ATM,9M,implied_vol,2.8241,pct,https://www.chinamoney.com.cn/chinese/bkcurvfqq/,2026-08-28T09:25:18+00:00,9215a387a723ace28df9fbb73062dc58c9727143382f43e2cccdc7f00251a09f,{}
2026-08-28,14:00,reference_rate,USD/CNY,,,reference_rate_14,6.7214,rate,https://www.chinamoney.com.cn/ags/ms/cm-u-bk-fx/RefRateHis,2026-08-28T09:25:18+00:00,574d4230e984c9e1c08c36a756cd658ce4ea9610c60c594682c12c84073402c3,"{""货币对"":""USD/CNY"",""14:00"":""6.7214"",""原始日期"":""28 Aug 2026""}"
2026-08-28,16:00,options,USD.CNY,10D BF,18M,implied_vol,0.55,pct,https://www.chinamoney.com.cn/chinese/bkcurvfqq/,2026-08-28T20:57:01+00:00,811b46839bc4b05bc84c79d6239270f33f7a394fd75157d276d85ff8d80c4c0e,{}
2026-08-28,16:00,options,USD.CNY,10D BF,1D,implied_vol,0.15,pct,https://www.chinamoney.com.cn/chinese/bkcurvfqq/,2026-08-28T20:57:01+00:00,811b46839bc4b05bc84c79d6239270f33f7a394fd75157d276d85ff8d80c4c0e,{}
2026-08-28,16:00,options,USD.CNY,10D BF,1M,implied_vol,0.1,pct,https://www.chinamoney.com.cn/chinese/bkcurvfqq/,2026-08-28T20:57:01+00:00,811b46839bc4b05bc84c79d6239270f33f7a394fd75157d276d85ff8d80c4c0e,{}
2026-08-28,16:00,options,USD.CNY,10D BF,1W,implied_vol,0.1,pct,https://www.chinamoney.com.cn/chinese/bkcurvfqq/,2026-08-28T20:57:01+00:00,811b46839bc4b05bc84c79d6239270f33f7a394fd75157d276d85ff8d80c4c0e,{}
2026-08-28,16:00,options,USD.CNY,10D BF,1Y,implied_vol,0.53,pct,https://www.chinamoney.com.cn/chinese/bkcurvfqq/,2026-08-28T20:57:01+00:00,811b46839bc4b05bc84c79d6239270f33f7a394fd75157d276d85ff8d80c4c0e,{}
2026-08-28,16:00,options,USD.CNY,10D BF,2M,implied_vol,0.22,pct,https://www.chinamoney.com.cn/chinese/bkcurvfqq/,2026-08-28T20:57:01+00:00,811b46839bc4b05bc84c79d6239270f33f7a394fd75157d276d85ff8d80c4c0e,{}
2026-08-28,16:00,options,USD.CNY,10D BF,2W,implied_vol,0.1,pct,https://www.chinamoney.com.cn/chinese/bkcurvfqq/,2026-08-28T20:57:01+00:00,811b46839bc4b05bc84c79d6239270f33f7a394fd75157d276d85ff8d80c4c0e,{}
2026-08-28,16:00,options,USD.CNY,10D BF,2Y,implied_vol,0.55,pct,https://www.chinamoney.com.cn/chinese/bkcurvfqq/,2026-08-28T20:57:01+00:00,811b46839bc4b05bc84c79d6239270f33f7a394fd75157d276d85ff8d80c4c0e,{}
2026-08-28,16:00,options,USD.CNY,10D BF,3M,implied_vol,0.325,pct,https://www.chinamoney.com.cn/chinese/bkcurvfqq/,2026-08-28T20:57:01+00:00,811b46839bc4b05bc84c79d6239270f33f7a394fd75157d276d85ff8d80c4c0e,{}
2026-08-28,16:00,options,USD.CNY,10D BF,3W,implied_vol,0.1,pct,https://www.chinamoney.com.cn/chinese/bkcurvfqq/,2026-08-28T20:57:01+00:00,811b46839bc4b05bc84c79d6239270f33f7a394fd75157d276d85ff8d80c4c0e,{}
2026-08-28,16:00,options,USD.CNY,10D BF,3Y,implied_vol,0.6,pct,https://www.chinamoney.com.cn/chinese/bkcurvfqq/,2026-08-28T20:57:01+00:00,811b46839bc4b05bc84c79d6239270f33f7a394fd75157d276d85ff8d80c4c0e,{}
2026-08-28,16:00,options,USD.CNY,10D BF,6M,implied_vol,0.435,pct,https://www.chinamoney.com.cn/chinese/bkcurvfqq/,2026-08-28T20:57:01+00:00,811b46839bc4b05bc84c79d6239270f33f7a394fd75157d276d85ff8d80c4c0e,{}
2026-08-28,16:00,options,USD.CNY,10D BF,9M,implied_vol,0.49,pct,https://www.chinamoney.com.cn/chinese/bkcurvfqq/,2026-08-28T20:57:01+00:00,811b46839bc4b05bc84c79d6239270f33f7a394fd75157d276d85ff8d80c4c0e,{}
2026-08-28,16:00,options,USD.CNY,25D BF,18M,implied_vol,0.19,pct,https://www.chinamoney.com.cn/chinese/bkcurvfqq/,2026-08-28T20:57:01+00:00,5be0eb918f9fecf5e4f41453aa5dfd0f909ebaf67cac3eca16f1980b16568462,{}
2026-08-28,16:00,options,USD.CNY,25D BF,1D,implied_vol,0.1,pct,https://www.chinamoney.com.cn/chinese/bkcurvfqq/,2026-08-28T20:57:01+00:00,5be0eb918f9fecf5e4f41453aa5dfd0f909ebaf67cac3eca16f1980b16568462,{}
2026-08-28,16:00,options,USD.CNY,25D BF,1M,implied_vol,0.065,pct,https://www.chinamoney.com.cn/chinese/bkcurvfqq/,2026-08-28T20:57:01+00:00,5be0eb918f9fecf5e4f41453aa5dfd0f909ebaf67cac3eca16f1980b16568462,{}
2026-08-28,16:00,options,USD.CNY,25D BF,1W,implied_vol,0.05,pct,https://www.chinamoney.com.cn/chinese/bkcurvfqq/,2026-08-28T20:57:01+00:00,5be0eb918f9fecf5e4f41453aa5dfd0f909ebaf67cac3eca16f1980b16568462,{}
2026-08-28,16:00,options,USD.CNY,25D BF,1Y,implied_vol,0.175,pct,https://www.chinamoney.com.cn/chinese/bkcurvfqq/,2026-08-28T20:57:01+00:00,5be0eb918f9fecf5e4f41453aa5dfd0f909ebaf67cac3eca16f1980b16568462,{}
2026-08-28,16:00,options,USD.CNY,25D BF,2M,implied_vol,0.0875,pct,https://www.chinamoney.com.cn/chinese/bkcurvfqq/,2026-08-28T20:57:01+00:00,5be0eb918f9fecf5e4f41453aa5dfd0f909ebaf67cac3eca16f1980b16568462,{}
2026-08-28,16:00,options,USD.CNY,25D BF,2W,implied_vol,0.05,pct,https://www.chinamoney.com.cn/chinese/bkcurvfqq/,2026-08-28T20:57:01+00:00,5be0eb918f9fecf5e4f41453aa5dfd0f909ebaf67cac3eca16f1980b16568462,{}
2026-08-28,16:00,options,USD.CNY,25D BF,2Y,implied_vol,0.21,pct,https://www.chinamoney.com.cn/chinese/bkcurvfqq/,2026-08-28T20:57:01+00:00,5be0eb918f9fecf5e4f41453aa5dfd0f909ebaf67cac3eca16f1980b16568462,{}
2026-08-28,16:00,options,USD.CNY,25D BF,3M,implied_vol,0.09,pct,https://www.chinamoney.com.cn/chinese/bkcurvfqq/,2026-08-28T20:57:01+00:00,5be0eb918f9fecf5e4f41453aa5dfd0f909ebaf67cac3eca16f1980b16568462,{}
2026-08-28,16:00,options,USD.CNY,25D BF,3W,implied_vol,0.075,pct,https://www.chinamoney.com.cn/chinese/bkcurvfqq/,2026-08-28T20:57:01+00:00,5be0eb918f9fecf5e4f41453aa5dfd0f909ebaf67cac3eca16f1980b16568462,{}
2026-08-28,16:00,options,USD.CNY,25D BF,3Y,implied_vol,0.225,pct,https://www.chinamoney.com.cn/chinese/bkcurvfqq/,2026-08-28T20:57:01+00:00,5be0eb918f9fecf5e4f41453aa5dfd0f909ebaf67cac3eca16f1980b16568462,{}
2026-08-28,16:00,options,USD.CNY,25D BF,6M,implied_vol,0.135,pct,https://www.chinamoney.com.cn/chinese/bkcurvfqq/,2026-08-28T20:57:01+00:00,5be0eb918f9fecf5e4f41453aa5dfd0f909ebaf67cac3eca16f1980b16568462,{}
2026-08-28,16:00,options,USD.CNY,25D BF,9M,implied_vol,0.165,pct,https://www.chinamoney.com.cn/chinese/bkcurvfqq/,2026-08-28T20:57:01+00:00,5be0eb918f9fecf5e4f41453aa5dfd0f909ebaf67cac3eca16f1980b16568462,{}
2026-08-28,16:00,options,USD.CNY,25D RR,18M,implied_vol,0.0,pct,https://www.chinamoney.com.cn/chinese/bkcurvfqq/,2026-08-28T20:57:01+00:00,ca22b1befde7dcf2bbfc03363eee59174599456e9f604408af20791793faa474,{}
2026-08-28,16:00,options,USD.CNY,25D RR,1D,implied_vol,0.0,pct,https://www.chinamoney.com.cn/chinese/bkcurvfqq/,2026-08-28T20:57:01+00:00,ca22b1befde7dcf2bbfc03363eee59174599456e9f604408af20791793faa474,{}
2026-08-28,16:00,options,USD.CNY,25D RR,1M,implied_vol,-0.025,pct,https://www.chinamoney.com.cn/chinese/bkcurvfqq/,2026-08-28T20:57:01+00:00,ca22b1befde7dcf2bbfc03363eee59174599456e9f604408af20791793faa474,{}
2026-08-28,16:00,options,USD.CNY,25D RR,1W,implied_vol,-0.025,pct,https://www.chinamoney.com.cn/chinese/bkcurvfqq/,2026-08-28T20:57:01+00:00,ca22b1befde7dcf2bbfc03363eee59174599456e9f604408af20791793faa474,{}
2026-08-28,16:00,options,USD.CNY,25D RR,1Y,implied_vol,0.0,pct,https://www.chinamoney.com.cn/chinese/bkcurvfqq/,2026-08-28T20:57:01+00:00,ca22b1befde7dcf2bbfc03363eee59174599456e9f604408af20791793faa474,{}
2026-08-28,16:00,options,USD.CNY,25D RR,2M,implied_vol,-0.025,pct,https://www.chinamoney.com.cn/chinese/bkcurvfqq/,2026-08-28T20:57:01+00:00,ca22b1befde7dcf2bbfc03363eee59174599456e9f604408af20791793faa474,{}
2026-08-28,16:00,options,USD.CNY,25D RR,2W,implied_vol,-0.025,pct,https://www.chinamoney.com.cn/chinese/bkcurvfqq/,2026-08-28T20:57:01+00:00,ca22b1befde7dcf2bbfc03363eee59174599456e9f604408af20791793faa474,{}
2026-08-28,16:00,options,USD.CNY,25D RR,2Y,implied_vol,0.0,pct,https://www.chinamoney.com.cn/chinese/bkcurvfqq/,2026-08-28T20:57:01+00:00,ca22b1befde7dcf2bbfc03363eee59174599456e9f604408af20791793faa474,{}
2026-08-28,16:00,options,USD.CNY,25D RR,3M,implied_vol,0.0,pct,https://www.chinamoney.com.cn/chinese/bkcurvfqq/,2026-08-28T20:57:01+00:00,ca22b1befde7dcf2bbfc03363eee59174599456e9f604408af20791793faa474,{}
2026-08-28,16:00,options,USD.CNY,25D RR,3W,implied_vol,-0.025,pct,https://www.chinamoney.com.cn/chinese/bkcurvfqq/,2026-08-28T20:57:01+00:00,ca22b1befde7dcf2bbfc03363eee59174599456e9f604408af20791793faa474,{}
2026-08-28,16:00,options,USD.CNY,25D RR,3Y,implied_vol,0.0,pct,https://www.chinamoney.com.cn/chinese/bkcurvfqq/,2026-08-28T20:57:01+00:00,ca22b1befde7dcf2bbfc03363eee59174599456e9f604408af20791793faa474,{}
2026-08-28,16:00,options,USD.CNY,25D RR,6M,implied_vol,0.0,pct,https://www.chinamoney.com.cn/chinese/bkcurvfqq/,2026-08-28T20:57:01+00:00,ca22b1befde7dcf2bbfc03363eee59174599456e9f604408af20791793faa474,{}
2026-08-28,16:00,options,USD.CNY,25D RR,9M,implied_vol,-0.015,pct,https://www.chinamoney.com.cn/chinese/bkcurvfqq/,2026-08-28T20:57:01+00:00,ca22b1befde7dcf2bbfc03363eee59174599456e9f604408af20791793faa474,{}
2026-08-28,16:00,options,USD.CNY,ATM,18M,implied_vol,3.2,pct,https://www.chinamoney.com.cn/chinese/bkcurvfqq/,2026-08-28T20:57:01+00:00,ce163776c4f7cd6d86a7a13888206e4b4b34e37e08cc2ccaddda7bf1606a3428,{}
2026-08-28,16:00,options,USD.CNY,ATM,1D,implied_vol,1.25,pct,https://www.chinamoney.com.cn/chinese/bkcurvfqq/,2026-08-28T20:57:01+00:00,ce163776c4f7cd6d86a7a13888206e4b4b34e37e08cc2ccaddda7bf1606a3428,{}
2026-08-28,16:00,options,USD.CNY,ATM,1M,implied_vol,1.5723,pct,https://www.chinamoney.com.cn/chinese/bkcurvfqq/,2026-08-28T20:57:01+00:00,ce163776c4f7cd6d86a7a13888206e4b4b34e37e08cc2ccaddda7bf1606a3428,{}
2026-08-28,16:00,options,USD.CNY,ATM,1W,implied_vol,1.3997,pct,https://www.chinamoney.com.cn/chinese/bkcurvfqq/,2026-08-28T20:57:01+00:00,ce163776c4f7cd6d86a7a13888206e4b4b34e37e08cc2ccaddda7bf1606a3428,{}
2026-08-28,16:00,options,USD.CNY,ATM,1Y,implied_vol,3.025,pct,https://www.chinamoney.com.cn/chinese/bkcurvfqq/,2026-08-28T20:57:01+00:00,ce163776c4f7cd6d86a7a13888206e4b4b34e37e08cc2ccaddda7bf1606a3428,{}
2026-08-28,16:00,options,USD.CNY,ATM,2M,implied_vol,1.815,pct,https://www.chinamoney.com.cn/chinese/bkcurvfqq/,2026-08-28T20:57:01+00:00,ce163776c4f7cd6d86a7a13888206e4b4b34e37e08cc2ccaddda7bf1606a3428,{}
2026-08-28,16:00,options,USD.CNY,ATM,2W,implied_vol,1.4205,pct,https://www.chinamoney.com.cn/chinese/bkcurvfqq/,2026-08-28T20:57:01+00:00,ce163776c4f7cd6d86a7a13888206e4b4b34e37e08cc2ccaddda7bf1606a3428,{}
2026-08-28,16:00,options,USD.CNY,ATM,2Y,implied_vol,3.4,pct,https://www.chinamoney.com.cn/chinese/bkcurvfqq/,2026-08-28T20:57:01+00:00,ce163776c4f7cd6d86a7a13888206e4b4b34e37e08cc2ccaddda7bf1606a3428,{}
2026-08-28,16:00,options,USD.CNY,ATM,3M,implied_vol,2.07,pct,https://www.chinamoney.com.cn/chinese/bkcurvfqq/,2026-08-28T20:57:01+00:00,ce163776c4f7cd6d86a7a13888206e4b4b34e37e08cc2ccaddda7bf1606a3428,{}
2026-08-28,16:00,options,USD.CNY,ATM,3W,implied_vol,1.525,pct,https://www.chinamoney.com.cn/chinese/bkcurvfqq/,2026-08-28T20:57:01+00:00,ce163776c4f7cd6d86a7a13888206e4b4b34e37e08cc2ccaddda7bf1606a3428,{}
2026-08-28,16:00,options,USD.CNY,ATM,3Y,implied_vol,3.525,pct,https://www.chinamoney.com.cn/chinese/bkcurvfqq/,2026-08-28T20:57:01+00:00,ce163776c4f7cd6d86a7a13888206e4b4b34e37e08cc2ccaddda7bf1606a3428,{}
2026-08-28,16:00,options,USD.CNY,ATM,6M,implied_vol,2.51,pct,https://www.chinamoney.com.cn/chinese/bkcurvfqq/,2026-08-28T20:57:01+00:00,ce163776c4f7cd6d86a7a13888206e4b4b34e37e08cc2ccaddda7bf1606a3428,{}
2026-08-28,16:00,options,USD.CNY,ATM,9M,implied_vol,2.8241,pct,https://www.chinamoney.com.cn/chinese/bkcurvfqq/,2026-08-28T20:57:01+00:00,ce163776c4f7cd6d86a7a13888206e4b4b34e37e08cc2ccaddda7bf1606a3428,{}
2026-08-28,16:30,swaps,USD.CNY,,18M,forward_all_in,6.4525,rate,https://www.chinamoney.com.cn/chinese/bkcurvfsw/,2026-08-28T20:57:01+00:00,e157b31f47831ee68291a12b909256d8358c612b3eb9ce135be7f7594b50cae0,{}
2026-08-28,16:30,swaps,USD.CNY,,18M,swap_points,-2680.0,pips,https://www.chinamoney.com.cn/chinese/bkcurvfsw/,2026-08-28T20:57:01+00:00,e157b31f47831ee68291a12b909256d8358c612b3eb9ce135be7f7594b50cae0,{}
2026-08-28,16:30,swaps,USD.CNY,,1M,forward_all_in,6.7036,rate,https://www.chinamoney.com.cn/chinese/bkcurvfsw/,2026-08-28T20:57:01+00:00,e157b31f47831ee68291a12b909256d8358c612b3eb9ce135be7f7594b50cae0,{}
2026-08-28,16:30,swaps,USD.CNY,,1M,swap_points,-169.0,pips,https://www.chinamoney.com.cn/chinese/bkcurvfsw/,2026-08-28T20:57:01+00:00,e157b31f47831ee68291a12b909256d8358c612b3eb9ce135be7f7594b50cae0,{}
2026-08-28,16:30,swaps,USD.CNY,,1W,forward_all_in,6.7172,rate,https://www.chinamoney.com.cn/chinese/bkcurvfsw/,2026-08-28T20:57:01+00:00,e157b31f47831ee68291a12b909256d8358c612b3eb9ce135be7f7594b50cae0,{}
2026-08-28,16:30,swaps,USD.CNY,,1W,swap_points,-32.11,pips,https://www.chinamoney.com.cn/chinese/bkcurvfsw/,2026-08-28T20:57:01+00:00,e157b31f47831ee68291a12b909256d8358c612b3eb9ce135be7f7594b50cae0,{}
2026-08-28,16:30,swaps,USD.CNY,,1Y,forward_all_in,6.5428,rate,https://www.chinamoney.com.cn/chinese/bkcurvfsw/,2026-08-28T20:57:01+00:00,e157b31f47831ee68291a12b909256d8358c612b3eb9ce135be7f7594b50cae0,{}
2026-08-28,16:30,swaps,USD.CNY,,1Y,swap_points,-1776.8,pips,https://www.chinamoney.com.cn/chinese/bkcurvfsw/,2026-08-28T20:57:01+00:00,e157b31f47831ee68291a12b909256d8358c612b3eb9ce135be7f7594b50cae0,{}
2026-08-28,16:30,swaps,USD.CNY,,2M,forward_all_in,6.6919,rate,https://www.chinamoney.com.cn/chinese/bkcurvfsw/,2026-08-28T20:57:01+00:00,e157b31f47831ee68291a12b909256d8358c612b3eb9ce135be7f7594b50cae0,{}
2026-08-28,16:30,swaps,USD.CNY,,2M,swap_points,-285.5,pips,https://www.chinamoney.com.cn/chinese/bkcurvfsw/,2026-08-28T20:57:01+00:00,e157b31f47831ee68291a12b909256d8358c612b3eb9ce135be7f7594b50cae0,{}
2026-08-28,16:30,swaps,USD.CNY,,2W,forward_all_in,6.7141,rate,https://www.chinamoney.com.cn/chinese/bkcurvfsw/,2026-08-28T20:57:01+00:00,e157b31f47831ee68291a12b909256d8358c612b3eb9ce135be7f7594b50cae0,{}
2026-08-28,16:30,swaps,USD.CNY,,2W,swap_points,-63.75,pips,https://www.chinamoney.com.cn/chinese/bkcurvfsw/,2026-08-28T20:57:01+00:00,e157b31f47831ee68291a12b909256d8358c612b3eb9ce135be7f7594b50cae0,{}
2026-08-28,16:30,swaps,USD.CNY,,2Y,forward_all_in,6.363,rate,https://www.chinamoney.com.cn/chinese/bkcurvfsw/,2026-08-28T20:57:01+00:00,e157b31f47831ee68291a12b909256d8358c612b3eb9ce135be7f7594b50cae0,{}
2026-08-28,16:30,swaps,USD.CNY,,2Y,swap_points,-3575.0,pips,https://www.chinamoney.com.cn/chinese/bkcurvfsw/,2026-08-28T20:57:01+00:00,e157b31f47831ee68291a12b909256d8358c612b3eb9ce135be7f7594b50cae0,{}
2026-08-28,16:30,swaps,USD.CNY,,3M,forward_all_in,6.6781,rate,https://www.chinamoney.com.cn/chinese/bkcurvfsw/,2026-08-28T20:57:01+00:00,e157b31f47831ee68291a12b909256d8358c612b3eb9ce135be7f7594b50cae0,{}
2026-08-28,16:30,swaps,USD.CNY,,3M,swap_points,-423.1,pips,https://www.chinamoney.com.cn/chinese/bkcurvfsw/,2026-08-28T20:57:01+00:00,e157b31f47831ee68291a12b909256d8358c612b3eb9ce135be7f7594b50cae0,{}
2026-08-28,16:30,swaps,USD.CNY,,3W,forward_all_in,6.7109,rate,https://www.chinamoney.com.cn/chinese/bkcurvfsw/,2026-08-28T20:57:01+00:00,e157b31f47831ee68291a12b909256d8358c612b3eb9ce135be7f7594b50cae0,{}
2026-08-28,16:30,swaps,USD.CNY,,3W,swap_points,-95.5,pips,https://www.chinamoney.com.cn/chinese/bkcurvfsw/,2026-08-28T20:57:01+00:00,e157b31f47831ee68291a12b909256d8358c612b3eb9ce135be7f7594b50cae0,{}
2026-08-28,16:30,swaps,USD.CNY,,3Y,forward_all_in,6.1875,rate,https://www.chinamoney.com.cn/chinese/bkcurvfsw/,2026-08-28T20:57:01+00:00,e157b31f47831ee68291a12b909256d8358c612b3eb9ce135be7f7594b50cae0,{}
2026-08-28,16:30,swaps,USD.CNY,,3Y,swap_points,-5330.0,pips,https://www.chinamoney.com.cn/chinese/bkcurvfsw/,2026-08-28T20:57:01+00:00,e157b31f47831ee68291a12b909256d8358c612b3eb9ce135be7f7594b50cae0,{}
2026-08-28,16:30,swaps,USD.CNY,,4M,forward_all_in,6.6617,rate,https://www.chinamoney.com.cn/chinese/bkcurvfsw/,2026-08-28T20:57:01+00:00,e157b31f47831ee68291a12b909256d8358c612b3eb9ce135be7f7594b50cae0,{}
2026-08-28,16:30,swaps,USD.CNY,,4M,swap_points,-588.0,pips,https://www.chinamoney.com.cn/chinese/bkcurvfsw/,2026-08-28T20:57:01+00:00,e157b31f47831ee68291a12b909256d8358c612b3eb9ce135be7f7594b50cae0,{}
2026-08-28,16:30,swaps,USD.CNY,,4Y,forward_all_in,6.0205,rate,https://www.chinamoney.com.cn/chinese/bkcurvfsw/,2026-08-28T20:57:01+00:00,e157b31f47831ee68291a12b909256d8358c612b3eb9ce135be7f7594b50cae0,{}
2026-08-28,16:30,swaps,USD.CNY,,4Y,swap_points,-7000.0,pips,https://www.chinamoney.com.cn/chinese/bkcurvfsw/,2026-08-28T20:57:01+00:00,e157b31f47831ee68291a12b909256d8358c612b3eb9ce135be7f7594b50cae0,{}
2026-08-28,16:30,swaps,USD.CNY,,5M,forward_all_in,6.6481,rate,https://www.chinamoney.com.cn/chinese/bkcurvfsw/,2026-08-28T20:57:01+00:00,e157b31f47831ee68291a12b909256d8358c612b3eb9ce135be7f7594b50cae0,{}
2026-08-28,16:30,swaps,USD.CNY,,5M,swap_points,-723.5,pips,https://www.chinamoney.com.cn/chinese/bkcurvfsw/,2026-08-28T20:57:01+00:00,e157b31f47831ee68291a12b909256d8358c612b3eb9ce135be7f7594b50cae0,{}
2026-08-28,16:30,swaps,USD.CNY,,5Y,forward_all_in,5.8455,rate,https://www.chinamoney.com.cn/chinese/bkcurvfsw/,2026-08-28T20:57:01+00:00,e157b31f47831ee68291a12b909256d8358c612b3eb9ce135be7f7594b50cae0,{}
2026-08-28,16:30,swaps,USD.CNY,,5Y,swap_points,-8750.0,pips,https://www.chinamoney.com.cn/chinese/bkcurvfsw/,2026-08-28T20:57:01+00:00,e157b31f47831ee68291a12b909256d8358c612b3eb9ce135be7f7594b50cae0,{}
2026-08-28,16:30,swaps,USD.CNY,,6M,forward_all_in,6.6344,rate,https://www.chinamoney.com.cn/chinese/bkcurvfsw/,2026-08-28T20:57:01+00:00,e157b31f47831ee68291a12b909256d8358c612b3eb9ce135be7f7594b50cae0,{}
2026-08-28,16:30,swaps,USD.CNY,,6M,swap_points,-860.8,pips,https://www.chinamoney.com.cn/chinese/bkcurvfsw/,2026-08-28T20:57:01+00:00,e157b31f47831ee68291a12b909256d8358c612b3eb9ce135be7f7594b50cae0,{}
2026-08-28,16:30,swaps,USD.CNY,,9M,forward_all_in,6.5889,rate,https://www.chinamoney.com.cn/chinese/bkcurvfsw/,2026-08-28T20:57:01+00:00,e157b31f47831ee68291a12b909256d8358c612b3eb9ce135be7f7594b50cae0,{}
2026-08-28,16:30,swaps,USD.CNY,,9M,swap_points,-1316.0,pips,https://www.chinamoney.com.cn/chinese/bkcurvfsw/,2026-08-28T20:57:01+00:00,e157b31f47831ee68291a12b909256d8358c612b3eb9ce135be7f7594b50cae0,{}
2026-08-28,16:30,swaps,USD.CNY,,ON,forward_all_in,6.7223,rate,https://www.chinamoney.com.cn/chinese/bkcurvfsw/,2026-08-28T20:57:01+00:00,e157b31f47831ee68291a12b909256d8358c612b3eb9ce135be7f7594b50cae0,{}
2026-08-28,16:30,swaps,USD.CNY,,ON,swap_points,-14.0,pips,https://www.chinamoney.com.cn/chinese/bkcurvfsw/,2026-08-28T20:57:01+00:00,e157b31f47831ee68291a12b909256d8358c612b3eb9ce135be7f7594b50cae0,{}
2026-08-28,16:30,swaps,USD.CNY,,SN,forward_all_in,6.72,rate,https://www.chinamoney.com.cn/chinese/bkcurvfsw/,2026-08-28T20:57:01+00:00,e157b31f47831ee68291a12b909256d8358c612b3eb9ce135be7f7594b50cae0,{}
2026-08-28,16:30,swaps,USD.CNY,,SN,swap_points,-4.63,pips,https://www.chinamoney.com.cn/chinese/bkcurvfsw/,2026-08-28T20:57:01+00:00,e157b31f47831ee68291a12b909256d8358c612b3eb9ce135be7f7594b50cae0,{}
2026-08-28,16:30,swaps,USD.CNY,,TN,forward_all_in,6.7209,rate,https://www.chinamoney.com.cn/chinese/bkcurvfsw/,2026-08-28T20:57:01+00:00,e157b31f47831ee68291a12b909256d8358c612b3eb9ce135be7f7594b50cae0,{}
2026-08-28,16:30,swaps,USD.CNY,,TN,swap_points,-4.69,pips,https://www.chinamoney.com.cn/chinese/bkcurvfsw/,2026-08-28T20:57:01+00:00,e157b31f47831ee68291a12b909256d8358c612b3eb9ce135be7f7594b50cae0,{}
2026-08-29,14:00,reference_rate,USD/CNY,,,reference_rate_14,6.7214,rate,https://www.chinamoney.com.cn/ags/ms/cm-u-bk-fx/RefRateHis,2026-08-28T20:57:01+00:00,2705de31b96475917d6f04d5fcb86c2c36ff6c279510191e9cd094ce975870f6,"{""14:00"": ""6.7214"", ""原始日期"": ""28 Aug 2026"", ""货币对"": ""USD/CNY""}"
2026-08-31,,implied_rates,USD,,18M,implied_usd_rate,4.237,pct,https://www.chinamoney.com.cn/chinese/bkcurvuir/,2026-08-31T17:06:09+00:00,a9f187592c737040cf7d5f965595fdd3ba29696dd6e94d558434166d82913989,"{""人民币利率(%)"": ""1.4625"", ""即期汇率"": ""6.7828"", ""期限"": ""18M"", ""远/掉期点(Pips)"": ""-2762.50"", ""隐含利率(%)"": ""4.2370""}"
2026-08-31,,implied_rates,USD,,1D,implied_usd_rate,3.8714,pct,https://www.chinamoney.com.cn/chinese/bkcurvuir/,2026-08-31T17:06:09+00:00,a9f187592c737040cf7d5f965595fdd3ba29696dd6e94d558434166d82913989,"{""人民币利率(%)"": ""1.4336"", ""即期汇率"": ""6.7828"", ""期限"": ""1D"", ""远/掉期点(Pips)"": ""-4.53"", ""隐含利率(%)"": ""3.8714""}"
2026-08-31,,implied_rates,USD,,1M,implied_usd_rate,3.9135,pct,https://www.chinamoney.com.cn/chinese/bkcurvuir/,2026-08-31T17:06:09+00:00,a9f187592c737040cf7d5f965595fdd3ba29696dd6e94d558434166d82913989,"{""人民币利率(%)"": ""1.4396"", ""即期汇率"": ""6.7828"", ""期限"": ""1M"", ""远/掉期点(Pips)"": ""-165.30"", ""隐含利率(%)"": ""3.9135""}"
2026-08-31,,implied_rates,USD,,1W,implied_usd_rate,3.9031,pct,https://www.chinamoney.com.cn/chinese/bkcurvuir/,2026-08-31T17:06:09+00:00,a9f187592c737040cf7d5f965595fdd3ba29696dd6e94d558434166d82913989,"{""人民币利率(%)"": ""1.4386"", ""即期汇率"": ""6.7828"", ""期限"": ""1W"", ""远/掉期点(Pips)"": ""-32.05"", ""隐含利率(%)"": ""3.9031""}"
2026-08-31,,implied_rates,USD,,1Y,implied_usd_rate,4.1857,pct,https://www.chinamoney.com.cn/chinese/bkcurvuir/,2026-08-31T17:06:09+00:00,a9f187592c737040cf7d5f965595fdd3ba29696dd6e94d558434166d82913989,"{""人民币利率(%)"": ""1.4612"", ""即期汇率"": ""6.7828"", ""期限"": ""1Y"", ""远/掉期点(Pips)"": ""-1823.00"", ""隐含利率(%)"": ""4.1857""}"
2026-08-31,,implied_rates,USD,,2M,implied_usd_rate,3.9557,pct,https://www.chinamoney.com.cn/chinese/bkcurvuir/,2026-08-31T17:06:09+00:00,a9f187592c737040cf7d5f965595fdd3ba29696dd6e94d558434166d82913989,"{""人民币利率(%)"": ""1.4451"", ""即期汇率"": ""6.7828"", ""期限"": ""2M"", ""远/掉期点(Pips)"": ""-284.00"", ""隐含利率(%)"": ""3.9557""}"
2026-08-31,,implied_rates,USD,,2W,implied_usd_rate,3.8934,pct,https://www.chinamoney.com.cn/chinese/bkcurvuir/,2026-08-31T17:06:09+00:00,a9f187592c737040cf7d5f965595fdd3ba29696dd6e94d558434166d82913989,"{""人民币利率(%)"": ""1.4419"", ""即期汇率"": ""6.7828"", ""期限"": ""2W"", ""远/掉期点(Pips)"": ""-63.75"", ""隐含利率(%)"": ""3.8934""}"
2026-08-31,,implied_rates,USD,,2Y,implied_usd_rate,4.2456,pct,https://www.chinamoney.com.cn/chinese/bkcurvuir/,2026-08-31T17:06:09+00:00,a9f187592c737040cf7d5f965595fdd3ba29696dd6e94d558434166d82913989,"{""人民币利率(%)"": ""1.4639"", ""即期汇率"": ""6.7828"", ""期限"": ""2Y"", ""远/掉期点(Pips)"": ""-3690.00"", ""隐含利率(%)"": ""4.2456""}"
2026-08-31,,implied_rates,USD,,3M,implied_usd_rate,3.983,pct,https://www.chinamoney.com.cn/chinese/bkcurvuir/,2026-08-31T17:06:09+00:00,a9f187592c737040cf7d5f965595fdd3ba29696dd6e94d558434166d82913989,"{""人民币利率(%)"": ""1.4482"", ""即期汇率"": ""6.7828"", ""期限"": ""3M"", ""远/掉期点(Pips)"": ""-427.30"", ""隐含利率(%)"": ""3.9830""}"
2026-08-31,,implied_rates,USD,,3W,implied_usd_rate,3.8996,pct,https://www.chinamoney.com.cn/chinese/bkcurvuir/,2026-08-31T17:06:09+00:00,a9f187592c737040cf7d5f965595fdd3ba29696dd6e94d558434166d82913989,"{""人民币利率(%)"": ""1.4378"", ""即期汇率"": ""6.7828"", ""期限"": ""3W"", ""远/掉期点(Pips)"": ""-96.00"", ""隐含利率(%)"": ""3.8996""}"
2026-08-31,,implied_rates,USD,,3Y,implied_usd_rate,4.2538,pct,https://www.chinamoney.com.cn/chinese/bkcurvuir/,2026-08-31T17:06:09+00:00,a9f187592c737040cf7d5f965595fdd3ba29696dd6e94d558434166d82913989,"{""人民币利率(%)"": ""1.4827"", ""即期汇率"": ""6.7828"", ""期限"": ""3Y"", ""远/掉期点(Pips)"": ""-5425.00"", ""隐含利率(%)"": ""4.2538""}"
2026-08-31,,implied_rates,USD,,6M,implied_usd_rate,4.0749,pct,https://www.chinamoney.com.cn/chinese/bkcurvuir/,2026-08-31T17:06:09+00:00,a9f187592c737040cf7d5f965595fdd3ba29696dd6e94d558434166d82913989,"{""人民币利率(%)"": ""1.4626"", ""即期汇率"": ""6.7828"", ""期限"": ""6M"", ""远/掉期点(Pips)"": ""-873.00"", ""隐含利率(%)"": ""4.0749""}"
2026-08-31,,implied_rates,USD,,9M,implied_usd_rate,4.1323,pct,https://www.chinamoney.com.cn/chinese/bkcurvuir/,2026-08-31T17:06:09+00:00,a9f187592c737040cf7d5f965595fdd3ba29696dd6e94d558434166d82913989,"{""人民币利率(%)"": ""1.4625"", ""即期汇率"": ""6.7828"", ""期限"": ""9M"", ""远/掉期点(Pips)"": ""-1341.00"", ""隐含利率(%)"": ""4.1323""}"
2026-08-31,09:15,fixing,USD/CNY,,,fixing,6.7828,rate,https://www.chinamoney.com.cn/chinese/bkccpr/,2026-08-31T17:06:09+00:00,6d2248cc52dfe73620a83d39333ae4f50b9cae13a70168c55ed1f0174997af4b,"{""中间价"": ""6.7828"", ""涨跌"": ""17.00"", ""货币对"": ""美元/人民币""}"
2026-08-31,16:00,options,USD.CNY,10D BF,18M,implied_vol_ask,0.75,pct,https://www.chinamoney.com.cn/chinese/bkcurvfqq/,2026-08-31T17:06:09+00:00,0ca0b0f3090eee126b7b5535f7e8dd375dab27dbb97154e1a4ff29e56370d17d,{}
2026-08-31,16:00,options,USD.CNY,10D BF,18M,implied_vol_bid,0.35,pct,https://www.chinamoney.com.cn/chinese/bkcurvfqq/,2026-08-31T17:06:09+00:00,0ca0b0f3090eee126b7b5535f7e8dd375dab27dbb97154e1a4ff29e56370d17d,{}
2026-08-31,16:00,options,USD.CNY,10D BF,18M,implied_vol_mid,0.55,pct,https://www.chinamoney.com.cn/chinese/bkcurvfqq/,2026-08-31T17:06:09+00:00,0ca0b0f3090eee126b7b5535f7e8dd375dab27dbb97154e1a4ff29e56370d17d,{}
2026-08-31,16:00,options,USD.CNY,10D BF,1D,implied_vol_ask,0.15,pct,https://www.chinamoney.com.cn/chinese/bkcurvfqq/,2026-08-31T17:06:09+00:00,0ca0b0f3090eee126b7b5535f7e8dd375dab27dbb97154e1a4ff29e56370d17d,{}
2026-08-31,16:00,options,USD.CNY,10D BF,1D,implied_vol_bid,0.15,pct,https://www.chinamoney.com.cn/chinese/bkcurvfqq/,2026-08-31T17:06:09+00:00,0ca0b0f3090eee126b7b5535f7e8dd375dab27dbb97154e1a4ff29e56370d17d,{}
2026-08-31,16:00,options,USD.CNY,10D BF,1D,implied_vol_mid,0.15,pct,https://www.chinamoney.com.cn/chinese/bkcurvfqq/,2026-08-31T17:06:09+00:00,0ca0b0f3090eee126b7b5535f7e8dd375dab27dbb97154e1a4ff29e56370d17d,{}
2026-08-31,16:00,options,USD.CNY,10D BF,1M,implied_vol_ask,0.1,pct,https://www.chinamoney.com.cn/chinese/bkcurvfqq/,2026-08-31T17:06:09+00:00,0ca0b0f3090eee126b7b5535f7e8dd375dab27dbb97154e1a4ff29e56370d17d,{}
2026-08-31,16:00,options,USD.CNY,10D BF,1M,implied_vol_bid,0.1,pct,https://www.chinamoney.com.cn/chinese/bkcurvfqq/,2026-08-31T17:06:09+00:00,0ca0b0f3090eee126b7b5535f7e8dd375dab27dbb97154e1a4ff29e56370d17d,{}
2026-08-31,16:00,options,USD.CNY,10D BF,1M,implied_vol_mid,0.1,pct,https://www.chinamoney.com.cn/chinese/bkcurvfqq/,2026-08-31T17:06:09+00:00,0ca0b0f3090eee126b7b5535f7e8dd375dab27dbb97154e1a4ff29e56370d17d,{}
2026-08-31,16:00,options,USD.CNY,10D BF,1W,implied_vol_ask,0.1,pct,https://www.chinamoney.com.cn/chinese/bkcurvfqq/,2026-08-31T17:06:09+00:00,0ca0b0f3090eee126b7b5535f7e8dd375dab27dbb97154e1a4ff29e56370d17d,{}
2026-08-31,16:00,options,USD.CNY,10D BF,1W,implied_vol_bid,0.1,pct,https://www.chinamoney.com.cn/chinese/bkcurvfqq/,2026-08-31T17:06:09+00:00,0ca0b0f3090eee126b7b5535f7e8dd375dab27dbb97154e1a4ff29e56370d17d,{}
2026-08-31,16:00,options,USD.CNY,10D BF,1W,implied_vol_mid,0.1,pct,https://www.chinamoney.com.cn/chinese/bkcurvfqq/,2026-08-31T17:06:09+00:00,0ca0b0f3090eee126b7b5535f7e8dd375dab27dbb97154e1a4ff29e56370d17d,{}
2026-08-31,16:00,options,USD.CNY,10D BF,1Y,implied_vol_ask,0.528,pct,https://www.chinamoney.com.cn/chinese/bkcurvfqq/,2026-08-31T17:06:09+00:00,0ca0b0f3090eee126b7b5535f7e8dd375dab27dbb97154e1a4ff29e56370d17d,{}
2026-08-31,16:00,options,USD.CNY,10D BF,1Y,implied_vol_bid,0.528,pct,https://www.chinamoney.com.cn/chinese/bkcurvfqq/,2026-08-31T17:06:09+00:00,0ca0b0f3090eee126b7b5535f7e8dd375dab27dbb97154e1a4ff29e56370d17d,{}
2026-08-31,16:00,options,USD.CNY,10D BF,1Y,implied_vol_mid,0.528,pct,https://www.chinamoney.com.cn/chinese/bkcurvfqq/,2026-08-31T17:06:09+00:00,0ca0b0f3090eee126b7b5535f7e8dd375dab27dbb97154e1a4ff29e56370d17d,{}
2026-08-31,16:00,options,USD.CNY,10D BF,2M,implied_vol_ask,0.22,pct,https://www.chinamoney.com.cn/chinese/bkcurvfqq/,2026-08-31T17:06:09+00:00,0ca0b0f3090eee126b7b5535f7e8dd375dab27dbb97154e1a4ff29e56370d17d,{}
2026-08-31,16:00,options,USD.CNY,10D BF,2M,implied_vol_bid,0.22,pct,https://www.chinamoney.com.cn/chinese/bkcurvfqq/,2026-08-31T17:06:09+00:00,0ca0b0f3090eee126b7b5535f7e8dd375dab27dbb97154e1a4ff29e56370d17d,{}
2026-08-31,16:00,options,USD.CNY,10D BF,2M,implied_vol_mid,0.22,pct,https://www.chinamoney.com.cn/chinese/bkcurvfqq/,2026-08-31T17:06:09+00:00,0ca0b0f3090eee126b7b5535f7e8dd375dab27dbb97154e1a4ff29e56370d17d,{}
2026-08-31,16:00,options,USD.CNY,10D BF,2W,implied_vol_ask,0.1,pct,https://www.chinamoney.com.cn/chinese/bkcurvfqq/,2026-08-31T17:06:09+00:00,0ca0b0f3090eee126b7b5535f7e8dd375dab27dbb97154e1a4ff29e56370d17d,{}
2026-08-31,16:00,options,USD.CNY,10D BF,2W,implied_vol_bid,0.1,pct,https://www.chinamoney.com.cn/chinese/bkcurvfqq/,2026-08-31T17:06:09+00:00,0ca0b0f3090eee126b7b5535f7e8dd375dab27dbb97154e1a4ff29e56370d17d,{}
2026-08-31,16:00,options,USD.CNY,10D BF,2W,implied_vol_mid,0.1,pct,https://www.chinamoney.com.cn/chinese/bkcurvfqq/,2026-08-31T17:06:09+00:00,0ca0b0f3090eee126b7b5535f7e8dd375dab27dbb97154e1a4ff29e56370d17d,{}
2026-08-31,16:00,options,USD.CNY,10D BF,2Y,implied_vol_ask,0.75,pct,https://www.chinamoney.com.cn/chinese/bkcurvfqq/,2026-08-31T17:06:09+00:00,0ca0b0f3090eee126b7b5535f7e8dd375dab27dbb97154e1a4ff29e56370d17d,{}
2026-08-31,16:00,options,USD.CNY,10D BF,2Y,implied_vol_bid,0.35,pct,https://www.chinamoney.com.cn/chinese/bkcurvfqq/,2026-08-31T17:06:09+00:00,0ca0b0f3090eee126b7b5535f7e8dd375dab27dbb97154e1a4ff29e56370d17d,{}
2026-08-31,16:00,options,USD.CNY,10D BF,2Y,implied_vol_mid,0.55,pct,https://www.chinamoney.com.cn/chinese/bkcurvfqq/,2026-08-31T17:06:09+00:00,0ca0b0f3090eee126b7b5535f7e8dd375dab27dbb97154e1a4ff29e56370d17d,{}
2026-08-31,16:00,options,USD.CNY,10D BF,3M,implied_vol_ask,0.49,pct,https://www.chinamoney.com.cn/chinese/bkcurvfqq/,2026-08-31T17:06:09+00:00,0ca0b0f3090eee126b7b5535f7e8dd375dab27dbb97154e1a4ff29e56370d17d,{}
2026-08-31,16:00,options,USD.CNY,10D BF,3M,implied_vol_bid,0.16,pct,https://www.chinamoney.com.cn/chinese/bkcurvfqq/,2026-08-31T17:06:09+00:00,0ca0b0f3090eee126b7b5535f7e8dd375dab27dbb97154e1a4ff29e56370d17d,{}
2026-08-31,16:00,options,USD.CNY,10D BF,3M,implied_vol_mid,0.325,pct,https://www.chinamoney.com.cn/chinese/bkcurvfqq/,2026-08-31T17:06:09+00:00,0ca0b0f3090eee126b7b5535f7e8dd375dab27dbb97154e1a4ff29e56370d17d,{}
2026-08-31,16:00,options,USD.CNY,10D BF,3W,implied_vol_ask,0.1,pct,https://www.chinamoney.com.cn/chinese/bkcurvfqq/,2026-08-31T17:06:09+00:00,0ca0b0f3090eee126b7b5535f7e8dd375dab27dbb97154e1a4ff29e56370d17d,{}
2026-08-31,16:00,options,USD.CNY,10D BF,3W,implied_vol_bid,0.1,pct,https://www.chinamoney.com.cn/chinese/bkcurvfqq/,2026-08-31T17:06:09+00:00,0ca0b0f3090eee126b7b5535f7e8dd375dab27dbb97154e1a4ff29e56370d17d,{}
2026-08-31,16:00,options,USD.CNY,10D BF,3W,implied_vol_mid,0.1,pct,https://www.chinamoney.com.cn/chinese/bkcurvfqq/,2026-08-31T17:06:09+00:00,0ca0b0f3090eee126b7b5535f7e8dd375dab27dbb97154e1a4ff29e56370d17d,{}
2026-08-31,16:00,options,USD.CNY,10D BF,3Y,implied_vol_ask,0.8,pct,https://www.chinamoney.com.cn/chinese/bkcurvfqq/,2026-08-31T17:06:09+00:00,0ca0b0f3090eee126b7b5535f7e8dd375dab27dbb97154e1a4ff29e56370d17d,{}
2026-08-31,16:00,options,USD.CNY,10D BF,3Y,implied_vol_bid,0.4,pct,https://www.chinamoney.com.cn/chinese/bkcurvfqq/,2026-08-31T17:06:09+00:00,0ca0b0f3090eee126b7b5535f7e8dd375dab27dbb97154e1a4ff29e56370d17d,{}
2026-08-31,16:00,options,USD.CNY,10D BF,3Y,implied_vol_mid,0.6,pct,https://www.chinamoney.com.cn/chinese/bkcurvfqq/,2026-08-31T17:06:09+00:00,0ca0b0f3090eee126b7b5535f7e8dd375dab27dbb97154e1a4ff29e56370d17d,{}
2026-08-31,16:00,options,USD.CNY,10D BF,6M,implied_vol_ask,0.435,pct,https://www.chinamoney.com.cn/chinese/bkcurvfqq/,2026-08-31T17:06:09+00:00,0ca0b0f3090eee126b7b5535f7e8dd375dab27dbb97154e1a4ff29e56370d17d,{}
2026-08-31,16:00,options,USD.CNY,10D BF,6M,implied_vol_bid,0.435,pct,https://www.chinamoney.com.cn/chinese/bkcurvfqq/,2026-08-31T17:06:09+00:00,0ca0b0f3090eee126b7b5535f7e8dd375dab27dbb97154e1a4ff29e56370d17d,{}
2026-08-31,16:00,options,USD.CNY,10D BF,6M,implied_vol_mid,0.435,pct,https://www.chinamoney.com.cn/chinese/bkcurvfqq/,2026-08-31T17:06:09+00:00,0ca0b0f3090eee126b7b5535f7e8dd375dab27dbb97154e1a4ff29e56370d17d,{}
2026-08-31,16:00,options,USD.CNY,10D BF,9M,implied_vol_ask,0.485,pct,https://www.chinamoney.com.cn/chinese/bkcurvfqq/,2026-08-31T17:06:09+00:00,0ca0b0f3090eee126b7b5535f7e8dd375dab27dbb97154e1a4ff29e56370d17d,{}
2026-08-31,16:00,options,USD.CNY,10D BF,9M,implied_vol_bid,0.485,pct,https://www.chinamoney.com.cn/chinese/bkcurvfqq/,2026-08-31T17:06:09+00:00,0ca0b0f3090eee126b7b5535f7e8dd375dab27dbb97154e1a4ff29e56370d17d,{}
2026-08-31,16:00,options,USD.CNY,10D BF,9M,implied_vol_mid,0.485,pct,https://www.chinamoney.com.cn/chinese/bkcurvfqq/,2026-08-31T17:06:09+00:00,0ca0b0f3090eee126b7b5535f7e8dd375dab27dbb97154e1a4ff29e56370d17d,{}
2026-08-31,16:00,options,USD.CNY,25D BF,18M,implied_vol_ask,0.28,pct,https://www.chinamoney.com.cn/chinese/bkcurvfqq/,2026-08-31T17:06:09+00:00,e843d6fb5d5046ac9d8545621b61a4a998b859de3ca39cfd4cb4a05715ef6332,{}
2026-08-31,16:00,options,USD.CNY,25D BF,18M,implied_vol_bid,0.1,pct,https://www.chinamoney.com.cn/chinese/bkcurvfqq/,2026-08-31T17:06:09+00:00,e843d6fb5d5046ac9d8545621b61a4a998b859de3ca39cfd4cb4a05715ef6332,{}
2026-08-31,16:00,options,USD.CNY,25D BF,18M,implied_vol_mid,0.19,pct,https://www.chinamoney.com.cn/chinese/bkcurvfqq/,2026-08-31T17:06:09+00:00,e843d6fb5d5046ac9d8545621b61a4a998b859de3ca39cfd4cb4a05715ef6332,{}
2026-08-31,16:00,options,USD.CNY,25D BF,1D,implied_vol_ask,0.1,pct,https://www.chinamoney.com.cn/chinese/bkcurvfqq/,2026-08-31T17:06:09+00:00,e843d6fb5d5046ac9d8545621b61a4a998b859de3ca39cfd4cb4a05715ef6332,{}
2026-08-31,16:00,options,USD.CNY,25D BF,1D,implied_vol_bid,0.1,pct,https://www.chinamoney.com.cn/chinese/bkcurvfqq/,2026-08-31T17:06:09+00:00,e843d6fb5d5046ac9d8545621b61a4a998b859de3ca39cfd4cb4a05715ef6332,{}
2026-08-31,16:00,options,USD.CNY,25D BF,1D,implied_vol_mid,0.1,pct,https://www.chinamoney.com.cn/chinese/bkcurvfqq/,2026-08-31T17:06:09+00:00,e843d6fb5d5046ac9d8545621b61a4a998b859de3ca39cfd4cb4a05715ef6332,{}
2026-08-31,16:00,options,USD.CNY,25D BF,1M,implied_vol_ask,0.07,pct,https://www.chinamoney.com.cn/chinese/bkcurvfqq/,2026-08-31T17:06:09+00:00,e843d6fb5d5046ac9d8545621b61a4a998b859de3ca39cfd4cb4a05715ef6332,{}
2026-08-31,16:00,options,USD.CNY,25D BF,1M,implied_vol_bid,0.07,pct,https://www.chinamoney.com.cn/chinese/bkcurvfqq/,2026-08-31T17:06:09+00:00,e843d6fb5d5046ac9d8545621b61a4a998b859de3ca39cfd4cb4a05715ef6332,{}
2026-08-31,16:00,options,USD.CNY,25D BF,1M,implied_vol_mid,0.07,pct,https://www.chinamoney.com.cn/chinese/bkcurvfqq/,2026-08-31T17:06:09+00:00,e843d6fb5d5046ac9d8545621b61a4a998b859de3ca39cfd4cb4a05715ef6332,{}
2026-08-31,16:00,options,USD.CNY,25D BF,1W,implied_vol_ask,0.05,pct,https://www.chinamoney.com.cn/chinese/bkcurvfqq/,2026-08-31T17:06:09+00:00,e843d6fb5d5046ac9d8545621b61a4a998b859de3ca39cfd4cb4a05715ef6332,{}
2026-08-31,16:00,options,USD.CNY,25D BF,1W,implied_vol_bid,0.05,pct,https://www.chinamoney.com.cn/chinese/bkcurvfqq/,2026-08-31T17:06:09+00:00,e843d6fb5d5046ac9d8545621b61a4a998b859de3ca39cfd4cb4a05715ef6332,{}
2026-08-31,16:00,options,USD.CNY,25D BF,1W,implied_vol_mid,0.05,pct,https://www.chinamoney.com.cn/chinese/bkcurvfqq/,2026-08-31T17:06:09+00:00,e843d6fb5d5046ac9d8545621b61a4a998b859de3ca39cfd4cb4a05715ef6332,{}
2026-08-31,16:00,options,USD.CNY,25D BF,1Y,implied_vol_ask,0.176,pct,https://www.chinamoney.com.cn/chinese/bkcurvfqq/,2026-08-31T17:06:09+00:00,e843d6fb5d5046ac9d8545621b61a4a998b859de3ca39cfd4cb4a05715ef6332,{}
2026-08-31,16:00,options,USD.CNY,25D BF,1Y,implied_vol_bid,0.176,pct,https://www.chinamoney.com.cn/chinese/bkcurvfqq/,2026-08-31T17:06:09+00:00,e843d6fb5d5046ac9d8545621b61a4a998b859de3ca39cfd4cb4a05715ef6332,{}
2026-08-31,16:00,options,USD.CNY,25D BF,1Y,implied_vol_mid,0.176,pct,https://www.chinamoney.com.cn/chinese/bkcurvfqq/,2026-08-31T17:06:09+00:00,e843d6fb5d5046ac9d8545621b61a4a998b859de3ca39cfd4cb4a05715ef6332,{}
2026-08-31,16:00,options,USD.CNY,25D BF,2M,implied_vol_ask,0.085,pct,https://www.chinamoney.com.cn/chinese/bkcurvfqq/,2026-08-31T17:06:09+00:00,e843d6fb5d5046ac9d8545621b61a4a998b859de3ca39cfd4cb4a05715ef6332,{}
2026-08-31,16:00,options,USD.CNY,25D BF,2M,implied_vol_bid,0.085,pct,https://www.chinamoney.com.cn/chinese/bkcurvfqq/,2026-08-31T17:06:09+00:00,e843d6fb5d5046ac9d8545621b61a4a998b859de3ca39cfd4cb4a05715ef6332,{}
2026-08-31,16:00,options,USD.CNY,25D BF,2M,implied_vol_mid,0.085,pct,https://www.chinamoney.com.cn/chinese/bkcurvfqq/,2026-08-31T17:06:09+00:00,e843d6fb5d5046ac9d8545621b61a4a998b859de3ca39cfd4cb4a05715ef6332,{}
2026-08-31,16:00,options,USD.CNY,25D BF,2W,implied_vol_ask,0.05,pct,https://www.chinamoney.com.cn/chinese/bkcurvfqq/,2026-08-31T17:06:09+00:00,e843d6fb5d5046ac9d8545621b61a4a998b859de3ca39cfd4cb4a05715ef6332,{}
2026-08-31,16:00,options,USD.CNY,25D BF,2W,implied_vol_bid,0.05,pct,https://www.chinamoney.com.cn/chinese/bkcurvfqq/,2026-08-31T17:06:09+00:00,e843d6fb5d5046ac9d8545621b61a4a998b859de3ca39cfd4cb4a05715ef6332,{}
2026-08-31,16:00,options,USD.CNY,25D BF,2W,implied_vol_mid,0.05,pct,https://www.chinamoney.com.cn/chinese/bkcurvfqq/,2026-08-31T17:06:09+00:00,e843d6fb5d5046ac9d8545621b61a4a998b859de3ca39cfd4cb4a05715ef6332,{}
2026-08-31,16:00,options,USD.CNY,25D BF,2Y,implied_vol_ask,0.32,pct,https://www.chinamoney.com.cn/chinese/bkcurvfqq/,2026-08-31T17:06:09+00:00,e843d6fb5d5046ac9d8545621b61a4a998b859de3ca39cfd4cb4a05715ef6332,{}
2026-08-31,16:00,options,USD.CNY,25D BF,2Y,implied_vol_bid,0.1,pct,https://www.chinamoney.com.cn/chinese/bkcurvfqq/,2026-08-31T17:06:09+00:00,e843d6fb5d5046ac9d8545621b61a4a998b859de3ca39cfd4cb4a05715ef6332,{}
2026-08-31,16:00,options,USD.CNY,25D BF,2Y,implied_vol_mid,0.21,pct,https://www.chinamoney.com.cn/chinese/bkcurvfqq/,2026-08-31T17:06:09+00:00,e843d6fb5d5046ac9d8545621b61a4a998b859de3ca39cfd4cb4a05715ef6332,{}
2026-08-31,16:00,options,USD.CNY,25D BF,3M,implied_vol_ask,0.18,pct,https://www.chinamoney.com.cn/chinese/bkcurvfqq/,2026-08-31T17:06:09+00:00,e843d6fb5d5046ac9d8545621b61a4a998b859de3ca39cfd4cb4a05715ef6332,{}
2026-08-31,16:00,options,USD.CNY,25D BF,3M,implied_vol_bid,0.0,pct,https://www.chinamoney.com.cn/chinese/bkcurvfqq/,2026-08-31T17:06:09+00:00,e843d6fb5d5046ac9d8545621b61a4a998b859de3ca39cfd4cb4a05715ef6332,{}
2026-08-31,16:00,options,USD.CNY,25D BF,3M,implied_vol_mid,0.09,pct,https://www.chinamoney.com.cn/chinese/bkcurvfqq/,2026-08-31T17:06:09+00:00,e843d6fb5d5046ac9d8545621b61a4a998b859de3ca39cfd4cb4a05715ef6332,{}
2026-08-31,16:00,options,USD.CNY,25D BF,3W,implied_vol_ask,0.05,pct,https://www.chinamoney.com.cn/chinese/bkcurvfqq/,2026-08-31T17:06:09+00:00,e843d6fb5d5046ac9d8545621b61a4a998b859de3ca39cfd4cb4a05715ef6332,{}
2026-08-31,16:00,options,USD.CNY,25D BF,3W,implied_vol_bid,0.05,pct,https://www.chinamoney.com.cn/chinese/bkcurvfqq/,2026-08-31T17:06:09+00:00,e843d6fb5d5046ac9d8545621b61a4a998b859de3ca39cfd4cb4a05715ef6332,{}
2026-08-31,16:00,options,USD.CNY,25D BF,3W,implied_vol_mid,0.05,pct,https://www.chinamoney.com.cn/chinese/bkcurvfqq/,2026-08-31T17:06:09+00:00,e843d6fb5d5046ac9d8545621b61a4a998b859de3ca39cfd4cb4a05715ef6332,{}
2026-08-31,16:00,options,USD.CNY,25D BF,3Y,implied_vol_ask,0.35,pct,https://www.chinamoney.com.cn/chinese/bkcurvfqq/,2026-08-31T17:06:09+00:00,e843d6fb5d5046ac9d8545621b61a4a998b859de3ca39cfd4cb4a05715ef6332,{}
2026-08-31,16:00,options,USD.CNY,25D BF,3Y,implied_vol_bid,0.1,pct,https://www.chinamoney.com.cn/chinese/bkcurvfqq/,2026-08-31T17:06:09+00:00,e843d6fb5d5046ac9d8545621b61a4a998b859de3ca39cfd4cb4a05715ef6332,{}
2026-08-31,16:00,options,USD.CNY,25D BF,3Y,implied_vol_mid,0.225,pct,https://www.chinamoney.com.cn/chinese/bkcurvfqq/,2026-08-31T17:06:09+00:00,e843d6fb5d5046ac9d8545621b61a4a998b859de3ca39cfd4cb4a05715ef6332,{}
2026-08-31,16:00,options,USD.CNY,25D BF,6M,implied_vol_ask,0.135,pct,https://www.chinamoney.com.cn/chinese/bkcurvfqq/,2026-08-31T17:06:09+00:00,e843d6fb5d5046ac9d8545621b61a4a998b859de3ca39cfd4cb4a05715ef6332,{}
2026-08-31,16:00,options,USD.CNY,25D BF,6M,implied_vol_bid,0.135,pct,https://www.chinamoney.com.cn/chinese/bkcurvfqq/,2026-08-31T17:06:09+00:00,e843d6fb5d5046ac9d8545621b61a4a998b859de3ca39cfd4cb4a05715ef6332,{}
2026-08-31,16:00,options,USD.CNY,25D BF,6M,implied_vol_mid,0.135,pct,https://www.chinamoney.com.cn/chinese/bkcurvfqq/,2026-08-31T17:06:09+00:00,e843d6fb5d5046ac9d8545621b61a4a998b859de3ca39cfd4cb4a05715ef6332,{}
2026-08-31,16:00,options,USD.CNY,25D BF,9M,implied_vol_ask,0.165,pct,https://www.chinamoney.com.cn/chinese/bkcurvfqq/,2026-08-31T17:06:09+00:00,e843d6fb5d5046ac9d8545621b61a4a998b859de3ca39cfd4cb4a05715ef6332,{}
2026-08-31,16:00,options,USD.CNY,25D BF,9M,implied_vol_bid,0.165,pct,https://www.chinamoney.com.cn/chinese/bkcurvfqq/,2026-08-31T17:06:09+00:00,e843d6fb5d5046ac9d8545621b61a4a998b859de3ca39cfd4cb4a05715ef6332,{}
2026-08-31,16:00,options,USD.CNY,25D BF,9M,implied_vol_mid,0.165,pct,https://www.chinamoney.com.cn/chinese/bkcurvfqq/,2026-08-31T17:06:09+00:00,e843d6fb5d5046ac9d8545621b61a4a998b859de3ca39cfd4cb4a05715ef6332,{}
2026-08-31,16:00,options,USD.CNY,25D RR,18M,implied_vol_ask,0.5,pct,https://www.chinamoney.com.cn/chinese/bkcurvfqq/,2026-08-31T17:06:09+00:00,f3ddb5d6528aee53c65e404b4cfd284faabb446ecda3d1d0a348911066c6fc9b,{}
2026-08-31,16:00,options,USD.CNY,25D RR,18M,implied_vol_bid,-0.5,pct,https://www.chinamoney.com.cn/chinese/bkcurvfqq/,2026-08-31T17:06:09+00:00,f3ddb5d6528aee53c65e404b4cfd284faabb446ecda3d1d0a348911066c6fc9b,{}
2026-08-31,16:00,options,USD.CNY,25D RR,18M,implied_vol_mid,0.0,pct,https://www.chinamoney.com.cn/chinese/bkcurvfqq/,2026-08-31T17:06:09+00:00,f3ddb5d6528aee53c65e404b4cfd284faabb446ecda3d1d0a348911066c6fc9b,{}
2026-08-31,16:00,options,USD.CNY,25D RR,1D,implied_vol_ask,0.0,pct,https://www.chinamoney.com.cn/chinese/bkcurvfqq/,2026-08-31T17:06:09+00:00,f3ddb5d6528aee53c65e404b4cfd284faabb446ecda3d1d0a348911066c6fc9b,{}
2026-08-31,16:00,options,USD.CNY,25D RR,1D,implied_vol_bid,0.0,pct,https://www.chinamoney.com.cn/chinese/bkcurvfqq/,2026-08-31T17:06:09+00:00,f3ddb5d6528aee53c65e404b4cfd284faabb446ecda3d1d0a348911066c6fc9b,{}
2026-08-31,16:00,options,USD.CNY,25D RR,1D,implied_vol_mid,0.0,pct,https://www.chinamoney.com.cn/chinese/bkcurvfqq/,2026-08-31T17:06:09+00:00,f3ddb5d6528aee53c65e404b4cfd284faabb446ecda3d1d0a348911066c6fc9b,{}
2026-08-31,16:00,options,USD.CNY,25D RR,1M,implied_vol_ask,-0.025,pct,https://www.chinamoney.com.cn/chinese/bkcurvfqq/,2026-08-31T17:06:09+00:00,f3ddb5d6528aee53c65e404b4cfd284faabb446ecda3d1d0a348911066c6fc9b,{}
2026-08-31,16:00,options,USD.CNY,25D RR,1M,implied_vol_bid,-0.025,pct,https://www.chinamoney.com.cn/chinese/bkcurvfqq/,2026-08-31T17:06:09+00:00,f3ddb5d6528aee53c65e404b4cfd284faabb446ecda3d1d0a348911066c6fc9b,{}
2026-08-31,16:00,options,USD.CNY,25D RR,1M,implied_vol_mid,-0.025,pct,https://www.chinamoney.com.cn/chinese/bkcurvfqq/,2026-08-31T17:06:09+00:00,f3ddb5d6528aee53c65e404b4cfd284faabb446ecda3d1d0a348911066c6fc9b,{}
2026-08-31,16:00,options,USD.CNY,25D RR,1W,implied_vol_ask,-0.025,pct,https://www.chinamoney.com.cn/chinese/bkcurvfqq/,2026-08-31T17:06:09+00:00,f3ddb5d6528aee53c65e404b4cfd284faabb446ecda3d1d0a348911066c6fc9b,{}
2026-08-31,16:00,options,USD.CNY,25D RR,1W,implied_vol_bid,-0.025,pct,https://www.chinamoney.com.cn/chinese/bkcurvfqq/,2026-08-31T17:06:09+00:00,f3ddb5d6528aee53c65e404b4cfd284faabb446ecda3d1d0a348911066c6fc9b,{}
2026-08-31,16:00,options,USD.CNY,25D RR,1W,implied_vol_mid,-0.025,pct,https://www.chinamoney.com.cn/chinese/bkcurvfqq/,2026-08-31T17:06:09+00:00,f3ddb5d6528aee53c65e404b4cfd284faabb446ecda3d1d0a348911066c6fc9b,{}
2026-08-31,16:00,options,USD.CNY,25D RR,1Y,implied_vol_ask,-0.015,pct,https://www.chinamoney.com.cn/chinese/bkcurvfqq/,2026-08-31T17:06:09+00:00,f3ddb5d6528aee53c65e404b4cfd284faabb446ecda3d1d0a348911066c6fc9b,{}
2026-08-31,16:00,options,USD.CNY,25D RR,1Y,implied_vol_bid,-0.015,pct,https://www.chinamoney.com.cn/chinese/bkcurvfqq/,2026-08-31T17:06:09+00:00,f3ddb5d6528aee53c65e404b4cfd284faabb446ecda3d1d0a348911066c6fc9b,{}
2026-08-31,16:00,options,USD.CNY,25D RR,1Y,implied_vol_mid,-0.015,pct,https://www.chinamoney.com.cn/chinese/bkcurvfqq/,2026-08-31T17:06:09+00:00,f3ddb5d6528aee53c65e404b4cfd284faabb446ecda3d1d0a348911066c6fc9b,{}
2026-08-31,16:00,options,USD.CNY,25D RR,2M,implied_vol_ask,-0.025,pct,https://www.chinamoney.com.cn/chinese/bkcurvfqq/,2026-08-31T17:06:09+00:00,f3ddb5d6528aee53c65e404b4cfd284faabb446ecda3d1d0a348911066c6fc9b,{}
2026-08-31,16:00,options,USD.CNY,25D RR,2M,implied_vol_bid,-0.025,pct,https://www.chinamoney.com.cn/chinese/bkcurvfqq/,2026-08-31T17:06:09+00:00,f3ddb5d6528aee53c65e404b4cfd284faabb446ecda3d1d0a348911066c6fc9b,{}
2026-08-31,16:00,options,USD.CNY,25D RR,2M,implied_vol_mid,-0.025,pct,https://www.chinamoney.com.cn/chinese/bkcurvfqq/,2026-08-31T17:06:09+00:00,f3ddb5d6528aee53c65e404b4cfd284faabb446ecda3d1d0a348911066c6fc9b,{}
2026-08-31,16:00,options,USD.CNY,25D RR,2W,implied_vol_ask,-0.025,pct,https://www.chinamoney.com.cn/chinese/bkcurvfqq/,2026-08-31T17:06:09+00:00,f3ddb5d6528aee53c65e404b4cfd284faabb446ecda3d1d0a348911066c6fc9b,{}
2026-08-31,16:00,options,USD.CNY,25D RR,2W,implied_vol_bid,-0.025,pct,https://www.chinamoney.com.cn/chinese/bkcurvfqq/,2026-08-31T17:06:09+00:00,f3ddb5d6528aee53c65e404b4cfd284faabb446ecda3d1d0a348911066c6fc9b,{}
2026-08-31,16:00,options,USD.CNY,25D RR,2W,implied_vol_mid,-0.025,pct,https://www.chinamoney.com.cn/chinese/bkcurvfqq/,2026-08-31T17:06:09+00:00,f3ddb5d6528aee53c65e404b4cfd284faabb446ecda3d1d0a348911066c6fc9b,{}
2026-08-31,16:00,options,USD.CNY,25D RR,2Y,implied_vol_ask,0.5,pct,https://www.chinamoney.com.cn/chinese/bkcurvfqq/,2026-08-31T17:06:09+00:00,f3ddb5d6528aee53c65e404b4cfd284faabb446ecda3d1d0a348911066c6fc9b,{}
2026-08-31,16:00,options,USD.CNY,25D RR,2Y,implied_vol_bid,-0.5,pct,https://www.chinamoney.com.cn/chinese/bkcurvfqq/,2026-08-31T17:06:09+00:00,f3ddb5d6528aee53c65e404b4cfd284faabb446ecda3d1d0a348911066c6fc9b,{}
2026-08-31,16:00,options,USD.CNY,25D RR,2Y,implied_vol_mid,0.0,pct,https://www.chinamoney.com.cn/chinese/bkcurvfqq/,2026-08-31T17:06:09+00:00,f3ddb5d6528aee53c65e404b4cfd284faabb446ecda3d1d0a348911066c6fc9b,{}
2026-08-31,16:00,options,USD.CNY,25D RR,3M,implied_vol_ask,0.32,pct,https://www.chinamoney.com.cn/chinese/bkcurvfqq/,2026-08-31T17:06:09+00:00,f3ddb5d6528aee53c65e404b4cfd284faabb446ecda3d1d0a348911066c6fc9b,{}
2026-08-31,16:00,options,USD.CNY,25D RR,3M,implied_vol_bid,-0.35,pct,https://www.chinamoney.com.cn/chinese/bkcurvfqq/,2026-08-31T17:06:09+00:00,f3ddb5d6528aee53c65e404b4cfd284faabb446ecda3d1d0a348911066c6fc9b,{}
2026-08-31,16:00,options,USD.CNY,25D RR,3M,implied_vol_mid,-0.015,pct,https://www.chinamoney.com.cn/chinese/bkcurvfqq/,2026-08-31T17:06:09+00:00,f3ddb5d6528aee53c65e404b4cfd284faabb446ecda3d1d0a348911066c6fc9b,{}
2026-08-31,16:00,options,USD.CNY,25D RR,3W,implied_vol_ask,-0.025,pct,https://www.chinamoney.com.cn/chinese/bkcurvfqq/,2026-08-31T17:06:09+00:00,f3ddb5d6528aee53c65e404b4cfd284faabb446ecda3d1d0a348911066c6fc9b,{}
2026-08-31,16:00,options,USD.CNY,25D RR,3W,implied_vol_bid,-0.025,pct,https://www.chinamoney.com.cn/chinese/bkcurvfqq/,2026-08-31T17:06:09+00:00,f3ddb5d6528aee53c65e404b4cfd284faabb446ecda3d1d0a348911066c6fc9b,{}
2026-08-31,16:00,options,USD.CNY,25D RR,3W,implied_vol_mid,-0.025,pct,https://www.chinamoney.com.cn/chinese/bkcurvfqq/,2026-08-31T17:06:09+00:00,f3ddb5d6528aee53c65e404b4cfd284faabb446ecda3d1d0a348911066c6fc9b,{}
2026-08-31,16:00,options,USD.CNY,25D RR,3Y,implied_vol_ask,0.5,pct,https://www.chinamoney.com.cn/chinese/bkcurvfqq/,2026-08-31T17:06:09+00:00,f3ddb5d6528aee53c65e404b4cfd284faabb446ecda3d1d0a348911066c6fc9b,{}
2026-08-31,16:00,options,USD.CNY,25D RR,3Y,implied_vol_bid,-0.5,pct,https://www.chinamoney.com.cn/chinese/bkcurvfqq/,2026-08-31T17:06:09+00:00,f3ddb5d6528aee53c65e404b4cfd284faabb446ecda3d1d0a348911066c6fc9b,{}
2026-08-31,16:00,options,USD.CNY,25D RR,3Y,implied_vol_mid,0.0,pct,https://www.chinamoney.com.cn/chinese/bkcurvfqq/,2026-08-31T17:06:09+00:00,f3ddb5d6528aee53c65e404b4cfd284faabb446ecda3d1d0a348911066c6fc9b,{}
2026-08-31,16:00,options,USD.CNY,25D RR,6M,implied_vol_ask,-0.015,pct,https://www.chinamoney.com.cn/chinese/bkcurvfqq/,2026-08-31T17:06:09+00:00,f3ddb5d6528aee53c65e404b4cfd284faabb446ecda3d1d0a348911066c6fc9b,{}
2026-08-31,16:00,options,USD.CNY,25D RR,6M,implied_vol_bid,-0.015,pct,https://www.chinamoney.com.cn/chinese/bkcurvfqq/,2026-08-31T17:06:09+00:00,f3ddb5d6528aee53c65e404b4cfd284faabb446ecda3d1d0a348911066c6fc9b,{}
2026-08-31,16:00,options,USD.CNY,25D RR,6M,implied_vol_mid,-0.015,pct,https://www.chinamoney.com.cn/chinese/bkcurvfqq/,2026-08-31T17:06:09+00:00,f3ddb5d6528aee53c65e404b4cfd284faabb446ecda3d1d0a348911066c6fc9b,{}
2026-08-31,16:00,options,USD.CNY,25D RR,9M,implied_vol_ask,-0.015,pct,https://www.chinamoney.com.cn/chinese/bkcurvfqq/,2026-08-31T17:06:09+00:00,f3ddb5d6528aee53c65e404b4cfd284faabb446ecda3d1d0a348911066c6fc9b,{}
2026-08-31,16:00,options,USD.CNY,25D RR,9M,implied_vol_bid,-0.015,pct,https://www.chinamoney.com.cn/chinese/bkcurvfqq/,2026-08-31T17:06:09+00:00,f3ddb5d6528aee53c65e404b4cfd284faabb446ecda3d1d0a348911066c6fc9b,{}
2026-08-31,16:00,options,USD.CNY,25D RR,9M,implied_vol_mid,-0.015,pct,https://www.chinamoney.com.cn/chinese/bkcurvfqq/,2026-08-31T17:06:09+00:00,f3ddb5d6528aee53c65e404b4cfd284faabb446ecda3d1d0a348911066c6fc9b,{}
2026-08-31,16:00,options,USD.CNY,ATM,18M,implied_vol_ask,3.4,pct,https://www.chinamoney.com.cn/chinese/bkcurvfqq/,2026-08-31T17:06:09+00:00,a4b357e30153ca0fe0bcce7d8f1dd5c22a049157fb46bcf7a1e44be604b5e540,{}
2026-08-31,16:00,options,USD.CNY,ATM,18M,implied_vol_bid,3.0,pct,https://www.chinamoney.com.cn/chinese/bkcurvfqq/,2026-08-31T17:06:09+00:00,a4b357e30153ca0fe0bcce7d8f1dd5c22a049157fb46bcf7a1e44be604b5e540,{}
2026-08-31,16:00,options,USD.CNY,ATM,18M,implied_vol_mid,3.2,pct,https://www.chinamoney.com.cn/chinese/bkcurvfqq/,2026-08-31T17:06:09+00:00,a4b357e30153ca0fe0bcce7d8f1dd5c22a049157fb46bcf7a1e44be604b5e540,{}
2026-08-31,16:00,options,USD.CNY,ATM,1D,implied_vol_ask,1.5,pct,https://www.chinamoney.com.cn/chinese/bkcurvfqq/,2026-08-31T17:06:09+00:00,a4b357e30153ca0fe0bcce7d8f1dd5c22a049157fb46bcf7a1e44be604b5e540,{}
2026-08-31,16:00,options,USD.CNY,ATM,1D,implied_vol_bid,1.5,pct,https://www.chinamoney.com.cn/chinese/bkcurvfqq/,2026-08-31T17:06:09+00:00,a4b357e30153ca0fe0bcce7d8f1dd5c22a049157fb46bcf7a1e44be604b5e540,{}
2026-08-31,16:00,options,USD.CNY,ATM,1D,implied_vol_mid,1.5,pct,https://www.chinamoney.com.cn/chinese/bkcurvfqq/,2026-08-31T17:06:09+00:00,a4b357e30153ca0fe0bcce7d8f1dd5c22a049157fb46bcf7a1e44be604b5e540,{}
2026-08-31,16:00,options,USD.CNY,ATM,1M,implied_vol_ask,1.5719,pct,https://www.chinamoney.com.cn/chinese/bkcurvfqq/,2026-08-31T17:06:09+00:00,a4b357e30153ca0fe0bcce7d8f1dd5c22a049157fb46bcf7a1e44be604b5e540,{}
2026-08-31,16:00,options,USD.CNY,ATM,1M,implied_vol_bid,1.5719,pct,https://www.chinamoney.com.cn/chinese/bkcurvfqq/,2026-08-31T17:06:09+00:00,a4b357e30153ca0fe0bcce7d8f1dd5c22a049157fb46bcf7a1e44be604b5e540,{}
2026-08-31,16:00,options,USD.CNY,ATM,1M,implied_vol_mid,1.5719,pct,https://www.chinamoney.com.cn/chinese/bkcurvfqq/,2026-08-31T17:06:09+00:00,a4b357e30153ca0fe0bcce7d8f1dd5c22a049157fb46bcf7a1e44be604b5e540,{}
2026-08-31,16:00,options,USD.CNY,ATM,1W,implied_vol_ask,1.28,pct,https://www.chinamoney.com.cn/chinese/bkcurvfqq/,2026-08-31T17:06:09+00:00,a4b357e30153ca0fe0bcce7d8f1dd5c22a049157fb46bcf7a1e44be604b5e540,{}
2026-08-31,16:00,options,USD.CNY,ATM,1W,implied_vol_bid,1.28,pct,https://www.chinamoney.com.cn/chinese/bkcurvfqq/,2026-08-31T17:06:09+00:00,a4b357e30153ca0fe0bcce7d8f1dd5c22a049157fb46bcf7a1e44be604b5e540,{}
2026-08-31,16:00,options,USD.CNY,ATM,1W,implied_vol_mid,1.28,pct,https://www.chinamoney.com.cn/chinese/bkcurvfqq/,2026-08-31T17:06:09+00:00,a4b357e30153ca0fe0bcce7d8f1dd5c22a049157fb46bcf7a1e44be604b5e540,{}
2026-08-31,16:00,options,USD.CNY,ATM,1Y,implied_vol_ask,3.04,pct,https://www.chinamoney.com.cn/chinese/bkcurvfqq/,2026-08-31T17:06:09+00:00,a4b357e30153ca0fe0bcce7d8f1dd5c22a049157fb46bcf7a1e44be604b5e540,{}
2026-08-31,16:00,options,USD.CNY,ATM,1Y,implied_vol_bid,3.04,pct,https://www.chinamoney.com.cn/chinese/bkcurvfqq/,2026-08-31T17:06:09+00:00,a4b357e30153ca0fe0bcce7d8f1dd5c22a049157fb46bcf7a1e44be604b5e540,{}
2026-08-31,16:00,options,USD.CNY,ATM,1Y,implied_vol_mid,3.04,pct,https://www.chinamoney.com.cn/chinese/bkcurvfqq/,2026-08-31T17:06:09+00:00,a4b357e30153ca0fe0bcce7d8f1dd5c22a049157fb46bcf7a1e44be604b5e540,{}
2026-08-31,16:00,options,USD.CNY,ATM,2M,implied_vol_ask,1.8171,pct,https://www.chinamoney.com.cn/chinese/bkcurvfqq/,2026-08-31T17:06:09+00:00,a4b357e30153ca0fe0bcce7d8f1dd5c22a049157fb46bcf7a1e44be604b5e540,{}
2026-08-31,16:00,options,USD.CNY,ATM,2M,implied_vol_bid,1.8171,pct,https://www.chinamoney.com.cn/chinese/bkcurvfqq/,2026-08-31T17:06:09+00:00,a4b357e30153ca0fe0bcce7d8f1dd5c22a049157fb46bcf7a1e44be604b5e540,{}
2026-08-31,16:00,options,USD.CNY,ATM,2M,implied_vol_mid,1.8171,pct,https://www.chinamoney.com.cn/chinese/bkcurvfqq/,2026-08-31T17:06:09+00:00,a4b357e30153ca0fe0bcce7d8f1dd5c22a049157fb46bcf7a1e44be604b5e540,{}
2026-08-31,16:00,options,USD.CNY,ATM,2W,implied_vol_ask,1.35,pct,https://www.chinamoney.com.cn/chinese/bkcurvfqq/,2026-08-31T17:06:09+00:00,a4b357e30153ca0fe0bcce7d8f1dd5c22a049157fb46bcf7a1e44be604b5e540,{}
2026-08-31,16:00,options,USD.CNY,ATM,2W,implied_vol_bid,1.35,pct,https://www.chinamoney.com.cn/chinese/bkcurvfqq/,2026-08-31T17:06:09+00:00,a4b357e30153ca0fe0bcce7d8f1dd5c22a049157fb46bcf7a1e44be604b5e540,{}
2026-08-31,16:00,options,USD.CNY,ATM,2W,implied_vol_mid,1.35,pct,https://www.chinamoney.com.cn/chinese/bkcurvfqq/,2026-08-31T17:06:09+00:00,a4b357e30153ca0fe0bcce7d8f1dd5c22a049157fb46bcf7a1e44be604b5e540,{}
2026-08-31,16:00,options,USD.CNY,ATM,2Y,implied_vol_ask,3.65,pct,https://www.chinamoney.com.cn/chinese/bkcurvfqq/,2026-08-31T17:06:09+00:00,a4b357e30153ca0fe0bcce7d8f1dd5c22a049157fb46bcf7a1e44be604b5e540,{}
2026-08-31,16:00,options,USD.CNY,ATM,2Y,implied_vol_bid,3.15,pct,https://www.chinamoney.com.cn/chinese/bkcurvfqq/,2026-08-31T17:06:09+00:00,a4b357e30153ca0fe0bcce7d8f1dd5c22a049157fb46bcf7a1e44be604b5e540,{}
2026-08-31,16:00,options,USD.CNY,ATM,2Y,implied_vol_mid,3.4,pct,https://www.chinamoney.com.cn/chinese/bkcurvfqq/,2026-08-31T17:06:09+00:00,a4b357e30153ca0fe0bcce7d8f1dd5c22a049157fb46bcf7a1e44be604b5e540,{}
2026-08-31,16:00,options,USD.CNY,ATM,3M,implied_vol_ask,2.2,pct,https://www.chinamoney.com.cn/chinese/bkcurvfqq/,2026-08-31T17:06:09+00:00,a4b357e30153ca0fe0bcce7d8f1dd5c22a049157fb46bcf7a1e44be604b5e540,{}
2026-08-31,16:00,options,USD.CNY,ATM,3M,implied_vol_bid,1.9,pct,https://www.chinamoney.com.cn/chinese/bkcurvfqq/,2026-08-31T17:06:09+00:00,a4b357e30153ca0fe0bcce7d8f1dd5c22a049157fb46bcf7a1e44be604b5e540,{}
2026-08-31,16:00,options,USD.CNY,ATM,3M,implied_vol_mid,2.0661,pct,https://www.chinamoney.com.cn/chinese/bkcurvfqq/,2026-08-31T17:06:09+00:00,a4b357e30153ca0fe0bcce7d8f1dd5c22a049157fb46bcf7a1e44be604b5e540,{}
2026-08-31,16:00,options,USD.CNY,ATM,3W,implied_vol_ask,1.4792,pct,https://www.chinamoney.com.cn/chinese/bkcurvfqq/,2026-08-31T17:06:09+00:00,a4b357e30153ca0fe0bcce7d8f1dd5c22a049157fb46bcf7a1e44be604b5e540,{}
2026-08-31,16:00,options,USD.CNY,ATM,3W,implied_vol_bid,1.4792,pct,https://www.chinamoney.com.cn/chinese/bkcurvfqq/,2026-08-31T17:06:09+00:00,a4b357e30153ca0fe0bcce7d8f1dd5c22a049157fb46bcf7a1e44be604b5e540,{}
2026-08-31,16:00,options,USD.CNY,ATM,3W,implied_vol_mid,1.4792,pct,https://www.chinamoney.com.cn/chinese/bkcurvfqq/,2026-08-31T17:06:09+00:00,a4b357e30153ca0fe0bcce7d8f1dd5c22a049157fb46bcf7a1e44be604b5e540,{}
2026-08-31,16:00,options,USD.CNY,ATM,3Y,implied_vol_ask,3.8,pct,https://www.chinamoney.com.cn/chinese/bkcurvfqq/,2026-08-31T17:06:09+00:00,a4b357e30153ca0fe0bcce7d8f1dd5c22a049157fb46bcf7a1e44be604b5e540,{}
2026-08-31,16:00,options,USD.CNY,ATM,3Y,implied_vol_bid,3.25,pct,https://www.chinamoney.com.cn/chinese/bkcurvfqq/,2026-08-31T17:06:09+00:00,a4b357e30153ca0fe0bcce7d8f1dd5c22a049157fb46bcf7a1e44be604b5e540,{}
2026-08-31,16:00,options,USD.CNY,ATM,3Y,implied_vol_mid,3.525,pct,https://www.chinamoney.com.cn/chinese/bkcurvfqq/,2026-08-31T17:06:09+00:00,a4b357e30153ca0fe0bcce7d8f1dd5c22a049157fb46bcf7a1e44be604b5e540,{}
2026-08-31,16:00,options,USD.CNY,ATM,6M,implied_vol_ask,2.51,pct,https://www.chinamoney.com.cn/chinese/bkcurvfqq/,2026-08-31T17:06:09+00:00,a4b357e30153ca0fe0bcce7d8f1dd5c22a049157fb46bcf7a1e44be604b5e540,{}
2026-08-31,16:00,options,USD.CNY,ATM,6M,implied_vol_bid,2.51,pct,https://www.chinamoney.com.cn/chinese/bkcurvfqq/,2026-08-31T17:06:09+00:00,a4b357e30153ca0fe0bcce7d8f1dd5c22a049157fb46bcf7a1e44be604b5e540,{}
2026-08-31,16:00,options,USD.CNY,ATM,6M,implied_vol_mid,2.51,pct,https://www.chinamoney.com.cn/chinese/bkcurvfqq/,2026-08-31T17:06:09+00:00,a4b357e30153ca0fe0bcce7d8f1dd5c22a049157fb46bcf7a1e44be604b5e540,{}
2026-08-31,16:00,options,USD.CNY,ATM,9M,implied_vol_ask,2.8257,pct,https://www.chinamoney.com.cn/chinese/bkcurvfqq/,2026-08-31T17:06:09+00:00,a4b357e30153ca0fe0bcce7d8f1dd5c22a049157fb46bcf7a1e44be604b5e540,{}
2026-08-31,16:00,options,USD.CNY,ATM,9M,implied_vol_bid,2.8257,pct,https://www.chinamoney.com.cn/chinese/bkcurvfqq/,2026-08-31T17:06:09+00:00,a4b357e30153ca0fe0bcce7d8f1dd5c22a049157fb46bcf7a1e44be604b5e540,{}
2026-08-31,16:00,options,USD.CNY,ATM,9M,implied_vol_mid,2.8257,pct,https://www.chinamoney.com.cn/chinese/bkcurvfqq/,2026-08-31T17:06:09+00:00,a4b357e30153ca0fe0bcce7d8f1dd5c22a049157fb46bcf7a1e44be604b5e540,{}
2026-08-31,16:30,swaps,USD.CNY,,18M,forward_all_in,6.4436,rate,https://www.chinamoney.com.cn/chinese/bkcurvfsw/,2026-08-31T17:06:09+00:00,1bb633bfcae2cfcedc90d3e836aa90574e362cb155cfe0e81b774fe4fad05ccc,{}
2026-08-31,16:30,swaps,USD.CNY,,18M,swap_points,-2762.5,pips,https://www.chinamoney.com.cn/chinese/bkcurvfsw/,2026-08-31T17:06:09+00:00,1bb633bfcae2cfcedc90d3e836aa90574e362cb155cfe0e81b774fe4fad05ccc,{}
2026-08-31,16:30,swaps,USD.CNY,,1M,forward_all_in,6.7033,rate,https://www.chinamoney.com.cn/chinese/bkcurvfsw/,2026-08-31T17:06:09+00:00,1bb633bfcae2cfcedc90d3e836aa90574e362cb155cfe0e81b774fe4fad05ccc,{}
2026-08-31,16:30,swaps,USD.CNY,,1M,swap_points,-165.2,pips,https://www.chinamoney.com.cn/chinese/bkcurvfsw/,2026-08-31T17:06:09+00:00,1bb633bfcae2cfcedc90d3e836aa90574e362cb155cfe0e81b774fe4fad05ccc,{}
2026-08-31,16:30,swaps,USD.CNY,,1W,forward_all_in,6.7166,rate,https://www.chinamoney.com.cn/chinese/bkcurvfsw/,2026-08-31T17:06:09+00:00,1bb633bfcae2cfcedc90d3e836aa90574e362cb155cfe0e81b774fe4fad05ccc,{}
2026-08-31,16:30,swaps,USD.CNY,,1W,swap_points,-32.05,pips,https://www.chinamoney.com.cn/chinese/bkcurvfsw/,2026-08-31T17:06:09+00:00,1bb633bfcae2cfcedc90d3e836aa90574e362cb155cfe0e81b774fe4fad05ccc,{}
2026-08-31,16:30,swaps,USD.CNY,,1Y,forward_all_in,6.5376,rate,https://www.chinamoney.com.cn/chinese/bkcurvfsw/,2026-08-31T17:06:09+00:00,1bb633bfcae2cfcedc90d3e836aa90574e362cb155cfe0e81b774fe4fad05ccc,{}
2026-08-31,16:30,swaps,USD.CNY,,1Y,swap_points,-1823.0,pips,https://www.chinamoney.com.cn/chinese/bkcurvfsw/,2026-08-31T17:06:09+00:00,1bb633bfcae2cfcedc90d3e836aa90574e362cb155cfe0e81b774fe4fad05ccc,{}
2026-08-31,16:30,swaps,USD.CNY,,2M,forward_all_in,6.6915,rate,https://www.chinamoney.com.cn/chinese/bkcurvfsw/,2026-08-31T17:06:09+00:00,1bb633bfcae2cfcedc90d3e836aa90574e362cb155cfe0e81b774fe4fad05ccc,{}
2026-08-31,16:30,swaps,USD.CNY,,2M,swap_points,-283.8,pips,https://www.chinamoney.com.cn/chinese/bkcurvfsw/,2026-08-31T17:06:09+00:00,1bb633bfcae2cfcedc90d3e836aa90574e362cb155cfe0e81b774fe4fad05ccc,{}
2026-08-31,16:30,swaps,USD.CNY,,2W,forward_all_in,6.7135,rate,https://www.chinamoney.com.cn/chinese/bkcurvfsw/,2026-08-31T17:06:09+00:00,1bb633bfcae2cfcedc90d3e836aa90574e362cb155cfe0e81b774fe4fad05ccc,{}
2026-08-31,16:30,swaps,USD.CNY,,2W,swap_points,-63.75,pips,https://www.chinamoney.com.cn/chinese/bkcurvfsw/,2026-08-31T17:06:09+00:00,1bb633bfcae2cfcedc90d3e836aa90574e362cb155cfe0e81b774fe4fad05ccc,{}
2026-08-31,16:30,swaps,USD.CNY,,2Y,forward_all_in,6.3509,rate,https://www.chinamoney.com.cn/chinese/bkcurvfsw/,2026-08-31T17:06:09+00:00,1bb633bfcae2cfcedc90d3e836aa90574e362cb155cfe0e81b774fe4fad05ccc,{}
2026-08-31,16:30,swaps,USD.CNY,,2Y,swap_points,-3690.0,pips,https://www.chinamoney.com.cn/chinese/bkcurvfsw/,2026-08-31T17:06:09+00:00,1bb633bfcae2cfcedc90d3e836aa90574e362cb155cfe0e81b774fe4fad05ccc,{}
2026-08-31,16:30,swaps,USD.CNY,,3M,forward_all_in,6.6772,rate,https://www.chinamoney.com.cn/chinese/bkcurvfsw/,2026-08-31T17:06:09+00:00,1bb633bfcae2cfcedc90d3e836aa90574e362cb155cfe0e81b774fe4fad05ccc,{}
2026-08-31,16:30,swaps,USD.CNY,,3M,swap_points,-427.0,pips,https://www.chinamoney.com.cn/chinese/bkcurvfsw/,2026-08-31T17:06:09+00:00,1bb633bfcae2cfcedc90d3e836aa90574e362cb155cfe0e81b774fe4fad05ccc,{}
2026-08-31,16:30,swaps,USD.CNY,,3W,forward_all_in,6.7103,rate,https://www.chinamoney.com.cn/chinese/bkcurvfsw/,2026-08-31T17:06:09+00:00,1bb633bfcae2cfcedc90d3e836aa90574e362cb155cfe0e81b774fe4fad05ccc,{}
2026-08-31,16:30,swaps,USD.CNY,,3W,swap_points,-96.0,pips,https://www.chinamoney.com.cn/chinese/bkcurvfsw/,2026-08-31T17:06:09+00:00,1bb633bfcae2cfcedc90d3e836aa90574e362cb155cfe0e81b774fe4fad05ccc,{}
2026-08-31,16:30,swaps,USD.CNY,,3Y,forward_all_in,6.1774,rate,https://www.chinamoney.com.cn/chinese/bkcurvfsw/,2026-08-31T17:06:09+00:00,1bb633bfcae2cfcedc90d3e836aa90574e362cb155cfe0e81b774fe4fad05ccc,{}
2026-08-31,16:30,swaps,USD.CNY,,3Y,swap_points,-5425.0,pips,https://www.chinamoney.com.cn/chinese/bkcurvfsw/,2026-08-31T17:06:09+00:00,1bb633bfcae2cfcedc90d3e836aa90574e362cb155cfe0e81b774fe4fad05ccc,{}
2026-08-31,16:30,swaps,USD.CNY,,4M,forward_all_in,6.6608,rate,https://www.chinamoney.com.cn/chinese/bkcurvfsw/,2026-08-31T17:06:09+00:00,1bb633bfcae2cfcedc90d3e836aa90574e362cb155cfe0e81b774fe4fad05ccc,{}
2026-08-31,16:30,swaps,USD.CNY,,4M,swap_points,-591.0,pips,https://www.chinamoney.com.cn/chinese/bkcurvfsw/,2026-08-31T17:06:09+00:00,1bb633bfcae2cfcedc90d3e836aa90574e362cb155cfe0e81b774fe4fad05ccc,{}
2026-08-31,16:30,swaps,USD.CNY,,4Y,forward_all_in,6.0049,rate,https://www.chinamoney.com.cn/chinese/bkcurvfsw/,2026-08-31T17:06:09+00:00,1bb633bfcae2cfcedc90d3e836aa90574e362cb155cfe0e81b774fe4fad05ccc,{}
2026-08-31,16:30,swaps,USD.CNY,,4Y,swap_points,-7150.0,pips,https://www.chinamoney.com.cn/chinese/bkcurvfsw/,2026-08-31T17:06:09+00:00,1bb633bfcae2cfcedc90d3e836aa90574e362cb155cfe0e81b774fe4fad05ccc,{}
2026-08-31,16:30,swaps,USD.CNY,,5M,forward_all_in,6.6466,rate,https://www.chinamoney.com.cn/chinese/bkcurvfsw/,2026-08-31T17:06:09+00:00,1bb633bfcae2cfcedc90d3e836aa90574e362cb155cfe0e81b774fe4fad05ccc,{}
2026-08-31,16:30,swaps,USD.CNY,,5M,swap_points,-733.0,pips,https://www.chinamoney.com.cn/chinese/bkcurvfsw/,2026-08-31T17:06:09+00:00,1bb633bfcae2cfcedc90d3e836aa90574e362cb155cfe0e81b774fe4fad05ccc,{}
2026-08-31,16:30,swaps,USD.CNY,,5Y,forward_all_in,5.8299,rate,https://www.chinamoney.com.cn/chinese/bkcurvfsw/,2026-08-31T17:06:09+00:00,1bb633bfcae2cfcedc90d3e836aa90574e362cb155cfe0e81b774fe4fad05ccc,{}
2026-08-31,16:30,swaps,USD.CNY,,5Y,swap_points,-8900.0,pips,https://www.chinamoney.com.cn/chinese/bkcurvfsw/,2026-08-31T17:06:09+00:00,1bb633bfcae2cfcedc90d3e836aa90574e362cb155cfe0e81b774fe4fad05ccc,{}
2026-08-31,16:30,swaps,USD.CNY,,6M,forward_all_in,6.6326,rate,https://www.chinamoney.com.cn/chinese/bkcurvfsw/,2026-08-31T17:06:09+00:00,1bb633bfcae2cfcedc90d3e836aa90574e362cb155cfe0e81b774fe4fad05ccc,{}
2026-08-31,16:30,swaps,USD.CNY,,6M,swap_points,-873.0,pips,https://www.chinamoney.com.cn/chinese/bkcurvfsw/,2026-08-31T17:06:09+00:00,1bb633bfcae2cfcedc90d3e836aa90574e362cb155cfe0e81b774fe4fad05ccc,{}
2026-08-31,16:30,swaps,USD.CNY,,9M,forward_all_in,6.5856,rate,https://www.chinamoney.com.cn/chinese/bkcurvfsw/,2026-08-31T17:06:09+00:00,1bb633bfcae2cfcedc90d3e836aa90574e362cb155cfe0e81b774fe4fad05ccc,{}
2026-08-31,16:30,swaps,USD.CNY,,9M,swap_points,-1343.0,pips,https://www.chinamoney.com.cn/chinese/bkcurvfsw/,2026-08-31T17:06:09+00:00,1bb633bfcae2cfcedc90d3e836aa90574e362cb155cfe0e81b774fe4fad05ccc,{}
2026-08-31,16:30,swaps,USD.CNY,,ON,forward_all_in,6.7207,rate,https://www.chinamoney.com.cn/chinese/bkcurvfsw/,2026-08-31T17:06:09+00:00,1bb633bfcae2cfcedc90d3e836aa90574e362cb155cfe0e81b774fe4fad05ccc,{}
2026-08-31,16:30,swaps,USD.CNY,,ON,swap_points,-4.07,pips,https://www.chinamoney.com.cn/chinese/bkcurvfsw/,2026-08-31T17:06:09+00:00,1bb633bfcae2cfcedc90d3e836aa90574e362cb155cfe0e81b774fe4fad05ccc,{}
2026-08-31,16:30,swaps,USD.CNY,,SN,forward_all_in,6.7194,rate,https://www.chinamoney.com.cn/chinese/bkcurvfsw/,2026-08-31T17:06:09+00:00,1bb633bfcae2cfcedc90d3e836aa90574e362cb155cfe0e81b774fe4fad05ccc,{}
2026-08-31,16:30,swaps,USD.CNY,,SN,swap_points,-4.54,pips,https://www.chinamoney.com.cn/chinese/bkcurvfsw/,2026-08-31T17:06:09+00:00,1bb633bfcae2cfcedc90d3e836aa90574e362cb155cfe0e81b774fe4fad05ccc,{}
2026-08-31,16:30,swaps,USD.CNY,,TN,forward_all_in,6.7203,rate,https://www.chinamoney.com.cn/chinese/bkcurvfsw/,2026-08-31T17:06:09+00:00,1bb633bfcae2cfcedc90d3e836aa90574e362cb155cfe0e81b774fe4fad05ccc,{}
2026-08-31,16:30,swaps,USD.CNY,,TN,swap_points,-4.25,pips,https://www.chinamoney.com.cn/chinese/bkcurvfsw/,2026-08-31T17:06:09+00:00,1bb633bfcae2cfcedc90d3e836aa90574e362cb155cfe0e81b774fe4fad05ccc,{}
2026-09-01,,implied_rates,USD,,18M,implied_usd_rate,4.2493,pct,https://www.chinamoney.com.cn/chinese/bkcurvuir/,2026-09-01T14:11:14+00:00,fbeb0d9842625710ba8c6adb4a0c4983552dc74f70772c53d959d90b0ff70a4c,"{""人民币利率(%)"": ""1.4606"", ""即期汇率"": ""6.7809"", ""期限"": ""18M"", ""远/掉期点(Pips)"": ""-2775.50"", ""隐含利率(%)"": ""4.2493""}"
2026-09-01,,implied_rates,USD,,1D,implied_usd_rate,3.7778,pct,https://www.chinamoney.com.cn/chinese/bkcurvuir/,2026-09-01T14:11:14+00:00,fbeb0d9842625710ba8c6adb4a0c4983552dc74f70772c53d959d90b0ff70a4c,"{""人民币利率(%)"": ""1.4147"", ""即期汇率"": ""6.7809"", ""期限"": ""1D"", ""远/掉期点(Pips)"": ""-4.39"", ""隐含利率(%)"": ""3.7778""}"
2026-09-01,,implied_rates,USD,,1M,implied_usd_rate,3.9127,pct,https://www.chinamoney.com.cn/chinese/bkcurvuir/,2026-09-01T14:11:14+00:00,fbeb0d9842625710ba8c6adb4a0c4983552dc74f70772c53d959d90b0ff70a4c,"{""人民币利率(%)"": ""1.4414"", ""即期汇率"": ""6.7809"", ""期限"": ""1M"", ""远/掉期点(Pips)"": ""-160.50"", ""隐含利率(%)"": ""3.9127""}"
2026-09-01,,implied_rates,USD,,1W,implied_usd_rate,3.8359,pct,https://www.chinamoney.com.cn/chinese/bkcurvuir/,2026-09-01T14:11:14+00:00,fbeb0d9842625710ba8c6adb4a0c4983552dc74f70772c53d959d90b0ff70a4c,"{""人民币利率(%)"": ""1.4208"", ""即期汇率"": ""6.7809"", ""期限"": ""1W"", ""远/掉期点(Pips)"": ""-31.40"", ""隐含利率(%)"": ""3.8359""}"
2026-09-01,,implied_rates,USD,,1Y,implied_usd_rate,4.2079,pct,https://www.chinamoney.com.cn/chinese/bkcurvuir/,2026-09-01T14:11:14+00:00,fbeb0d9842625710ba8c6adb4a0c4983552dc74f70772c53d959d90b0ff70a4c,"{""人民币利率(%)"": ""1.4600"", ""即期汇率"": ""6.7809"", ""期限"": ""1Y"", ""远/掉期点(Pips)"": ""-1838.00"", ""隐含利率(%)"": ""4.2079""}"
2026-09-01,,implied_rates,USD,,2M,implied_usd_rate,3.9665,pct,https://www.chinamoney.com.cn/chinese/bkcurvuir/,2026-09-01T14:11:14+00:00,fbeb0d9842625710ba8c6adb4a0c4983552dc74f70772c53d959d90b0ff70a4c,"{""人民币利率(%)"": ""1.4463"", ""即期汇率"": ""6.7809"", ""期限"": ""2M"", ""远/掉期点(Pips)"": ""-285.00"", ""隐含利率(%)"": ""3.9665""}"
2026-09-01,,implied_rates,USD,,2W,implied_usd_rate,3.8464,pct,https://www.chinamoney.com.cn/chinese/bkcurvuir/,2026-09-01T14:11:14+00:00,fbeb0d9842625710ba8c6adb4a0c4983552dc74f70772c53d959d90b0ff70a4c,"{""人民币利率(%)"": ""1.4300"", ""即期汇率"": ""6.7809"", ""期限"": ""2W"", ""远/掉期点(Pips)"": ""-62.82"", ""隐含利率(%)"": ""3.8464""}"
2026-09-01,,implied_rates,USD,,2Y,implied_usd_rate,4.2721,pct,https://www.chinamoney.com.cn/chinese/bkcurvuir/,2026-09-01T14:11:14+00:00,fbeb0d9842625710ba8c6adb4a0c4983552dc74f70772c53d959d90b0ff70a4c,"{""人民币利率(%)"": ""1.4613"", ""即期汇率"": ""6.7809"", ""期限"": ""2Y"", ""远/掉期点(Pips)"": ""-3721.50"", ""隐含利率(%)"": ""4.2721""}"
2026-09-01,,implied_rates,USD,,3M,implied_usd_rate,3.9946,pct,https://www.chinamoney.com.cn/chinese/bkcurvuir/,2026-09-01T14:11:14+00:00,fbeb0d9842625710ba8c6adb4a0c4983552dc74f70772c53d959d90b0ff70a4c,"{""人民币利率(%)"": ""1.4490"", ""即期汇率"": ""6.7809"", ""期限"": ""3M"", ""远/掉期点(Pips)"": ""-429.00"", ""隐含利率(%)"": ""3.9946""}"
2026-09-01,,implied_rates,USD,,3W,implied_usd_rate,3.8724,pct,https://www.chinamoney.com.cn/chinese/bkcurvuir/,2026-09-01T14:11:14+00:00,fbeb0d9842625710ba8c6adb4a0c4983552dc74f70772c53d959d90b0ff70a4c,"{""人民币利率(%)"": ""1.4357"", ""即期汇率"": ""6.7809"", ""期限"": ""3W"", ""远/掉期点(Pips)"": ""-95.00"", ""隐含利率(%)"": ""3.8724""}"
2026-09-01,,implied_rates,USD,,3Y,implied_usd_rate,4.2824,pct,https://www.chinamoney.com.cn/chinese/bkcurvuir/,2026-09-01T14:11:14+00:00,fbeb0d9842625710ba8c6adb4a0c4983552dc74f70772c53d959d90b0ff70a4c,"{""人民币利率(%)"": ""1.4765"", ""即期汇率"": ""6.7809"", ""期限"": ""3Y"", ""远/掉期点(Pips)"": ""-5484.00"", ""隐含利率(%)"": ""4.2824""}"
2026-09-01,,implied_rates,USD,,6M,implied_usd_rate,4.0818,pct,https://www.chinamoney.com.cn/chinese/bkcurvuir/,2026-09-01T14:11:14+00:00,fbeb0d9842625710ba8c6adb4a0c4983552dc74f70772c53d959d90b0ff70a4c,"{""人民币利率(%)"": ""1.4627"", ""即期汇率"": ""6.7809"", ""期限"": ""6M"", ""远/掉期点(Pips)"": ""-875.00"", ""隐含利率(%)"": ""4.0818""}"
2026-09-01,,implied_rates,USD,,9M,implied_usd_rate,4.1532,pct,https://www.chinamoney.com.cn/chinese/bkcurvuir/,2026-09-01T14:11:14+00:00,fbeb0d9842625710ba8c6adb4a0c4983552dc74f70772c53d959d90b0ff70a4c,"{""人民币利率(%)"": ""1.4625"", ""即期汇率"": ""6.7809"", ""期限"": ""9M"", ""远/掉期点(Pips)"": ""-1351.00"", ""隐含利率(%)"": ""4.1532""}"
2026-09-01,09:15,fixing,USD/CNY,,,fixing,6.7809,rate,https://www.chinamoney.com.cn/chinese/bkccpr/,2026-09-01T14:11:14+00:00,48e05b3afee9ee4686ba9bc4d43d4452f075dfc7499a881ab4ba8b969ed3249f,"{""中间价"": ""6.7809"", ""涨跌"": ""19.00"", ""货币对"": ""美元/人民币""}"
2026-09-01,10:00,options,USD.CNY,10D BF,18M,implied_vol_ask,0.75,pct,https://www.chinamoney.com.cn/chinese/bkcurvfqq/,2026-09-01T14:11:14+00:00,7e8578084cd45a50c9b367dc602594240447225f41a567abe4bc998cb0d6886a,{}
2026-09-01,10:00,options,USD.CNY,10D BF,18M,implied_vol_bid,0.35,pct,https://www.chinamoney.com.cn/chinese/bkcurvfqq/,2026-09-01T14:11:14+00:00,7e8578084cd45a50c9b367dc602594240447225f41a567abe4bc998cb0d6886a,{}
2026-09-01,10:00,options,USD.CNY,10D BF,18M,implied_vol_mid,0.55,pct,https://www.chinamoney.com.cn/chinese/bkcurvfqq/,2026-09-01T14:11:14+00:00,7e8578084cd45a50c9b367dc602594240447225f41a567abe4bc998cb0d6886a,{}
2026-09-01,10:00,options,USD.CNY,10D BF,1D,implied_vol_ask,0.15,pct,https://www.chinamoney.com.cn/chinese/bkcurvfqq/,2026-09-01T14:11:14+00:00,7e8578084cd45a50c9b367dc602594240447225f41a567abe4bc998cb0d6886a,{}
2026-09-01,10:00,options,USD.CNY,10D BF,1D,implied_vol_bid,0.15,pct,https://www.chinamoney.com.cn/chinese/bkcurvfqq/,2026-09-01T14:11:14+00:00,7e8578084cd45a50c9b367dc602594240447225f41a567abe4bc998cb0d6886a,{}
2026-09-01,10:00,options,USD.CNY,10D BF,1D,implied_vol_mid,0.15,pct,https://www.chinamoney.com.cn/chinese/bkcurvfqq/,2026-09-01T14:11:14+00:00,7e8578084cd45a50c9b367dc602594240447225f41a567abe4bc998cb0d6886a,{}
2026-09-01,10:00,options,USD.CNY,10D BF,1M,implied_vol_ask,0.1,pct,https://www.chinamoney.com.cn/chinese/bkcurvfqq/,2026-09-01T14:11:14+00:00,7e8578084cd45a50c9b367dc602594240447225f41a567abe4bc998cb0d6886a,{}
2026-09-01,10:00,options,USD.CNY,10D BF,1M,implied_vol_bid,0.1,pct,https://www.chinamoney.com.cn/chinese/bkcurvfqq/,2026-09-01T14:11:14+00:00,7e8578084cd45a50c9b367dc602594240447225f41a567abe4bc998cb0d6886a,{}
2026-09-01,10:00,options,USD.CNY,10D BF,1M,implied_vol_mid,0.1,pct,https://www.chinamoney.com.cn/chinese/bkcurvfqq/,2026-09-01T14:11:14+00:00,7e8578084cd45a50c9b367dc602594240447225f41a567abe4bc998cb0d6886a,{}
2026-09-01,10:00,options,USD.CNY,10D BF,1W,implied_vol_ask,0.1,pct,https://www.chinamoney.com.cn/chinese/bkcurvfqq/,2026-09-01T14:11:14+00:00,7e8578084cd45a50c9b367dc602594240447225f41a567abe4bc998cb0d6886a,{}
2026-09-01,10:00,options,USD.CNY,10D BF,1W,implied_vol_bid,0.1,pct,https://www.chinamoney.com.cn/chinese/bkcurvfqq/,2026-09-01T14:11:14+00:00,7e8578084cd45a50c9b367dc602594240447225f41a567abe4bc998cb0d6886a,{}
2026-09-01,10:00,options,USD.CNY,10D BF,1W,implied_vol_mid,0.1,pct,https://www.chinamoney.com.cn/chinese/bkcurvfqq/,2026-09-01T14:11:14+00:00,7e8578084cd45a50c9b367dc602594240447225f41a567abe4bc998cb0d6886a,{}
2026-09-01,10:00,options,USD.CNY,10D BF,1Y,implied_vol_ask,0.76,pct,https://www.chinamoney.com.cn/chinese/bkcurvfqq/,2026-09-01T14:11:14+00:00,7e8578084cd45a50c9b367dc602594240447225f41a567abe4bc998cb0d6886a,{}
2026-09-01,10:00,options,USD.CNY,10D BF,1Y,implied_vol_bid,0.3,pct,https://www.chinamoney.com.cn/chinese/bkcurvfqq/,2026-09-01T14:11:14+00:00,7e8578084cd45a50c9b367dc602594240447225f41a567abe4bc998cb0d6886a,{}
2026-09-01,10:00,options,USD.CNY,10D BF,1Y,implied_vol_mid,0.53,pct,https://www.chinamoney.com.cn/chinese/bkcurvfqq/,2026-09-01T14:11:14+00:00,7e8578084cd45a50c9b367dc602594240447225f41a567abe4bc998cb0d6886a,{}
2026-09-01,10:00,options,USD.CNY,10D BF,2M,implied_vol_ask,0.4,pct,https://www.chinamoney.com.cn/chinese/bkcurvfqq/,2026-09-01T14:11:14+00:00,7e8578084cd45a50c9b367dc602594240447225f41a567abe4bc998cb0d6886a,{}
2026-09-01,10:00,options,USD.CNY,10D BF,2M,implied_vol_bid,0.04,pct,https://www.chinamoney.com.cn/chinese/bkcurvfqq/,2026-09-01T14:11:14+00:00,7e8578084cd45a50c9b367dc602594240447225f41a567abe4bc998cb0d6886a,{}
2026-09-01,10:00,options,USD.CNY,10D BF,2M,implied_vol_mid,0.22,pct,https://www.chinamoney.com.cn/chinese/bkcurvfqq/,2026-09-01T14:11:14+00:00,7e8578084cd45a50c9b367dc602594240447225f41a567abe4bc998cb0d6886a,{}
2026-09-01,10:00,options,USD.CNY,10D BF,2W,implied_vol_ask,0.1,pct,https://www.chinamoney.com.cn/chinese/bkcurvfqq/,2026-09-01T14:11:14+00:00,7e8578084cd45a50c9b367dc602594240447225f41a567abe4bc998cb0d6886a,{}
2026-09-01,10:00,options,USD.CNY,10D BF,2W,implied_vol_bid,0.1,pct,https://www.chinamoney.com.cn/chinese/bkcurvfqq/,2026-09-01T14:11:14+00:00,7e8578084cd45a50c9b367dc602594240447225f41a567abe4bc998cb0d6886a,{}
2026-09-01,10:00,options,USD.CNY,10D BF,2W,implied_vol_mid,0.1,pct,https://www.chinamoney.com.cn/chinese/bkcurvfqq/,2026-09-01T14:11:14+00:00,7e8578084cd45a50c9b367dc602594240447225f41a567abe4bc998cb0d6886a,{}
2026-09-01,10:00,options,USD.CNY,10D BF,2Y,implied_vol_ask,0.75,pct,https://www.chinamoney.com.cn/chinese/bkcurvfqq/,2026-09-01T14:11:14+00:00,7e8578084cd45a50c9b367dc602594240447225f41a567abe4bc998cb0d6886a,{}
2026-09-01,10:00,options,USD.CNY,10D BF,2Y,implied_vol_bid,0.35,pct,https://www.chinamoney.com.cn/chinese/bkcurvfqq/,2026-09-01T14:11:14+00:00,7e8578084cd45a50c9b367dc602594240447225f41a567abe4bc998cb0d6886a,{}
2026-09-01,10:00,options,USD.CNY,10D BF,2Y,implied_vol_mid,0.55,pct,https://www.chinamoney.com.cn/chinese/bkcurvfqq/,2026-09-01T14:11:14+00:00,7e8578084cd45a50c9b367dc602594240447225f41a567abe4bc998cb0d6886a,{}
2026-09-01,10:00,options,USD.CNY,10D BF,3M,implied_vol_ask,0.49,pct,https://www.chinamoney.com.cn/chinese/bkcurvfqq/,2026-09-01T14:11:14+00:00,7e8578084cd45a50c9b367dc602594240447225f41a567abe4bc998cb0d6886a,{}
2026-09-01,10:00,options,USD.CNY,10D BF,3M,implied_vol_bid,0.16,pct,https://www.chinamoney.com.cn/chinese/bkcurvfqq/,2026-09-01T14:11:14+00:00,7e8578084cd45a50c9b367dc602594240447225f41a567abe4bc998cb0d6886a,{}
2026-09-01,10:00,options,USD.CNY,10D BF,3M,implied_vol_mid,0.325,pct,https://www.chinamoney.com.cn/chinese/bkcurvfqq/,2026-09-01T14:11:14+00:00,7e8578084cd45a50c9b367dc602594240447225f41a567abe4bc998cb0d6886a,{}
2026-09-01,10:00,options,USD.CNY,10D BF,3W,implied_vol_ask,0.1,pct,https://www.chinamoney.com.cn/chinese/bkcurvfqq/,2026-09-01T14:11:14+00:00,7e8578084cd45a50c9b367dc602594240447225f41a567abe4bc998cb0d6886a,{}
2026-09-01,10:00,options,USD.CNY,10D BF,3W,implied_vol_bid,0.1,pct,https://www.chinamoney.com.cn/chinese/bkcurvfqq/,2026-09-01T14:11:14+00:00,7e8578084cd45a50c9b367dc602594240447225f41a567abe4bc998cb0d6886a,{}
2026-09-01,10:00,options,USD.CNY,10D BF,3W,implied_vol_mid,0.1,pct,https://www.chinamoney.com.cn/chinese/bkcurvfqq/,2026-09-01T14:11:14+00:00,7e8578084cd45a50c9b367dc602594240447225f41a567abe4bc998cb0d6886a,{}
2026-09-01,10:00,options,USD.CNY,10D BF,3Y,implied_vol_ask,0.8,pct,https://www.chinamoney.com.cn/chinese/bkcurvfqq/,2026-09-01T14:11:14+00:00,7e8578084cd45a50c9b367dc602594240447225f41a567abe4bc998cb0d6886a,{}
2026-09-01,10:00,options,USD.CNY,10D BF,3Y,implied_vol_bid,0.4,pct,https://www.chinamoney.com.cn/chinese/bkcurvfqq/,2026-09-01T14:11:14+00:00,7e8578084cd45a50c9b367dc602594240447225f41a567abe4bc998cb0d6886a,{}
2026-09-01,10:00,options,USD.CNY,10D BF,3Y,implied_vol_mid,0.6,pct,https://www.chinamoney.com.cn/chinese/bkcurvfqq/,2026-09-01T14:11:14+00:00,7e8578084cd45a50c9b367dc602594240447225f41a567abe4bc998cb0d6886a,{}
2026-09-01,10:00,options,USD.CNY,10D BF,6M,implied_vol_ask,0.435,pct,https://www.chinamoney.com.cn/chinese/bkcurvfqq/,2026-09-01T14:11:14+00:00,7e8578084cd45a50c9b367dc602594240447225f41a567abe4bc998cb0d6886a,{}
2026-09-01,10:00,options,USD.CNY,10D BF,6M,implied_vol_bid,0.435,pct,https://www.chinamoney.com.cn/chinese/bkcurvfqq/,2026-09-01T14:11:14+00:00,7e8578084cd45a50c9b367dc602594240447225f41a567abe4bc998cb0d6886a,{}
2026-09-01,10:00,options,USD.CNY,10D BF,6M,implied_vol_mid,0.435,pct,https://www.chinamoney.com.cn/chinese/bkcurvfqq/,2026-09-01T14:11:14+00:00,7e8578084cd45a50c9b367dc602594240447225f41a567abe4bc998cb0d6886a,{}
2026-09-01,10:00,options,USD.CNY,10D BF,9M,implied_vol_ask,0.485,pct,https://www.chinamoney.com.cn/chinese/bkcurvfqq/,2026-09-01T14:11:14+00:00,7e8578084cd45a50c9b367dc602594240447225f41a567abe4bc998cb0d6886a,{}
2026-09-01,10:00,options,USD.CNY,10D BF,9M,implied_vol_bid,0.485,pct,https://www.chinamoney.com.cn/chinese/bkcurvfqq/,2026-09-01T14:11:14+00:00,7e8578084cd45a50c9b367dc602594240447225f41a567abe4bc998cb0d6886a,{}
2026-09-01,10:00,options,USD.CNY,10D BF,9M,implied_vol_mid,0.485,pct,https://www.chinamoney.com.cn/chinese/bkcurvfqq/,2026-09-01T14:11:14+00:00,7e8578084cd45a50c9b367dc602594240447225f41a567abe4bc998cb0d6886a,{}
2026-09-01,10:00,options,USD.CNY,25D BF,18M,implied_vol_ask,0.28,pct,https://www.chinamoney.com.cn/chinese/bkcurvfqq/,2026-09-01T14:11:14+00:00,69b226fa3ef72c647085a5e4813a10a6c94b730d7b0c828f358398d4a04e2cf7,{}
2026-09-01,10:00,options,USD.CNY,25D BF,18M,implied_vol_bid,0.1,pct,https://www.chinamoney.com.cn/chinese/bkcurvfqq/,2026-09-01T14:11:14+00:00,69b226fa3ef72c647085a5e4813a10a6c94b730d7b0c828f358398d4a04e2cf7,{}
2026-09-01,10:00,options,USD.CNY,25D BF,18M,implied_vol_mid,0.19,pct,https://www.chinamoney.com.cn/chinese/bkcurvfqq/,2026-09-01T14:11:14+00:00,69b226fa3ef72c647085a5e4813a10a6c94b730d7b0c828f358398d4a04e2cf7,{}
2026-09-01,10:00,options,USD.CNY,25D BF,1D,implied_vol_ask,0.1,pct,https://www.chinamoney.com.cn/chinese/bkcurvfqq/,2026-09-01T14:11:14+00:00,69b226fa3ef72c647085a5e4813a10a6c94b730d7b0c828f358398d4a04e2cf7,{}
2026-09-01,10:00,options,USD.CNY,25D BF,1D,implied_vol_bid,0.1,pct,https://www.chinamoney.com.cn/chinese/bkcurvfqq/,2026-09-01T14:11:14+00:00,69b226fa3ef72c647085a5e4813a10a6c94b730d7b0c828f358398d4a04e2cf7,{}
2026-09-01,10:00,options,USD.CNY,25D BF,1D,implied_vol_mid,0.1,pct,https://www.chinamoney.com.cn/chinese/bkcurvfqq/,2026-09-01T14:11:14+00:00,69b226fa3ef72c647085a5e4813a10a6c94b730d7b0c828f358398d4a04e2cf7,{}
2026-09-01,10:00,options,USD.CNY,25D BF,1M,implied_vol_ask,0.0675,pct,https://www.chinamoney.com.cn/chinese/bkcurvfqq/,2026-09-01T14:11:14+00:00,69b226fa3ef72c647085a5e4813a10a6c94b730d7b0c828f358398d4a04e2cf7,{}
2026-09-01,10:00,options,USD.CNY,25D BF,1M,implied_vol_bid,0.0675,pct,https://www.chinamoney.com.cn/chinese/bkcurvfqq/,2026-09-01T14:11:14+00:00,69b226fa3ef72c647085a5e4813a10a6c94b730d7b0c828f358398d4a04e2cf7,{}
2026-09-01,10:00,options,USD.CNY,25D BF,1M,implied_vol_mid,0.0675,pct,https://www.chinamoney.com.cn/chinese/bkcurvfqq/,2026-09-01T14:11:14+00:00,69b226fa3ef72c647085a5e4813a10a6c94b730d7b0c828f358398d4a04e2cf7,{}
2026-09-01,10:00,options,USD.CNY,25D BF,1W,implied_vol_ask,0.05,pct,https://www.chinamoney.com.cn/chinese/bkcurvfqq/,2026-09-01T14:11:14+00:00,69b226fa3ef72c647085a5e4813a10a6c94b730d7b0c828f358398d4a04e2cf7,{}
2026-09-01,10:00,options,USD.CNY,25D BF,1W,implied_vol_bid,0.05,pct,https://www.chinamoney.com.cn/chinese/bkcurvfqq/,2026-09-01T14:11:14+00:00,69b226fa3ef72c647085a5e4813a10a6c94b730d7b0c828f358398d4a04e2cf7,{}
2026-09-01,10:00,options,USD.CNY,25D BF,1W,implied_vol_mid,0.05,pct,https://www.chinamoney.com.cn/chinese/bkcurvfqq/,2026-09-01T14:11:14+00:00,69b226fa3ef72c647085a5e4813a10a6c94b730d7b0c828f358398d4a04e2cf7,{}
2026-09-01,10:00,options,USD.CNY,25D BF,1Y,implied_vol_ask,0.28,pct,https://www.chinamoney.com.cn/chinese/bkcurvfqq/,2026-09-01T14:11:14+00:00,69b226fa3ef72c647085a5e4813a10a6c94b730d7b0c828f358398d4a04e2cf7,{}
2026-09-01,10:00,options,USD.CNY,25D BF,1Y,implied_vol_bid,0.07,pct,https://www.chinamoney.com.cn/chinese/bkcurvfqq/,2026-09-01T14:11:14+00:00,69b226fa3ef72c647085a5e4813a10a6c94b730d7b0c828f358398d4a04e2cf7,{}
2026-09-01,10:00,options,USD.CNY,25D BF,1Y,implied_vol_mid,0.175,pct,https://www.chinamoney.com.cn/chinese/bkcurvfqq/,2026-09-01T14:11:14+00:00,69b226fa3ef72c647085a5e4813a10a6c94b730d7b0c828f358398d4a04e2cf7,{}
2026-09-01,10:00,options,USD.CNY,25D BF,2M,implied_vol_ask,0.17,pct,https://www.chinamoney.com.cn/chinese/bkcurvfqq/,2026-09-01T14:11:14+00:00,69b226fa3ef72c647085a5e4813a10a6c94b730d7b0c828f358398d4a04e2cf7,{}
2026-09-01,10:00,options,USD.CNY,25D BF,2M,implied_vol_bid,0.0,pct,https://www.chinamoney.com.cn/chinese/bkcurvfqq/,2026-09-01T14:11:14+00:00,69b226fa3ef72c647085a5e4813a10a6c94b730d7b0c828f358398d4a04e2cf7,{}
2026-09-01,10:00,options,USD.CNY,25D BF,2M,implied_vol_mid,0.085,pct,https://www.chinamoney.com.cn/chinese/bkcurvfqq/,2026-09-01T14:11:14+00:00,69b226fa3ef72c647085a5e4813a10a6c94b730d7b0c828f358398d4a04e2cf7,{}
2026-09-01,10:00,options,USD.CNY,25D BF,2W,implied_vol_ask,0.05,pct,https://www.chinamoney.com.cn/chinese/bkcurvfqq/,2026-09-01T14:11:14+00:00,69b226fa3ef72c647085a5e4813a10a6c94b730d7b0c828f358398d4a04e2cf7,{}
2026-09-01,10:00,options,USD.CNY,25D BF,2W,implied_vol_bid,0.05,pct,https://www.chinamoney.com.cn/chinese/bkcurvfqq/,2026-09-01T14:11:14+00:00,69b226fa3ef72c647085a5e4813a10a6c94b730d7b0c828f358398d4a04e2cf7,{}
2026-09-01,10:00,options,USD.CNY,25D BF,2W,implied_vol_mid,0.05,pct,https://www.chinamoney.com.cn/chinese/bkcurvfqq/,2026-09-01T14:11:14+00:00,69b226fa3ef72c647085a5e4813a10a6c94b730d7b0c828f358398d4a04e2cf7,{}
2026-09-01,10:00,options,USD.CNY,25D BF,2Y,implied_vol_ask,0.32,pct,https://www.chinamoney.com.cn/chinese/bkcurvfqq/,2026-09-01T14:11:14+00:00,69b226fa3ef72c647085a5e4813a10a6c94b730d7b0c828f358398d4a04e2cf7,{}
2026-09-01,10:00,options,USD.CNY,25D BF,2Y,implied_vol_bid,0.1,pct,https://www.chinamoney.com.cn/chinese/bkcurvfqq/,2026-09-01T14:11:14+00:00,69b226fa3ef72c647085a5e4813a10a6c94b730d7b0c828f358398d4a04e2cf7,{}
2026-09-01,10:00,options,USD.CNY,25D BF,2Y,implied_vol_mid,0.21,pct,https://www.chinamoney.com.cn/chinese/bkcurvfqq/,2026-09-01T14:11:14+00:00,69b226fa3ef72c647085a5e4813a10a6c94b730d7b0c828f358398d4a04e2cf7,{}
2026-09-01,10:00,options,USD.CNY,25D BF,3M,implied_vol_ask,0.0925,pct,https://www.chinamoney.com.cn/chinese/bkcurvfqq/,2026-09-01T14:11:14+00:00,69b226fa3ef72c647085a5e4813a10a6c94b730d7b0c828f358398d4a04e2cf7,{}
2026-09-01,10:00,options,USD.CNY,25D BF,3M,implied_vol_bid,0.0875,pct,https://www.chinamoney.com.cn/chinese/bkcurvfqq/,2026-09-01T14:11:14+00:00,69b226fa3ef72c647085a5e4813a10a6c94b730d7b0c828f358398d4a04e2cf7,{}
2026-09-01,10:00,options,USD.CNY,25D BF,3M,implied_vol_mid,0.0925,pct,https://www.chinamoney.com.cn/chinese/bkcurvfqq/,2026-09-01T14:11:14+00:00,69b226fa3ef72c647085a5e4813a10a6c94b730d7b0c828f358398d4a04e2cf7,{}
2026-09-01,10:00,options,USD.CNY,25D BF,3W,implied_vol_ask,0.075,pct,https://www.chinamoney.com.cn/chinese/bkcurvfqq/,2026-09-01T14:11:14+00:00,69b226fa3ef72c647085a5e4813a10a6c94b730d7b0c828f358398d4a04e2cf7,{}
2026-09-01,10:00,options,USD.CNY,25D BF,3W,implied_vol_bid,0.075,pct,https://www.chinamoney.com.cn/chinese/bkcurvfqq/,2026-09-01T14:11:14+00:00,69b226fa3ef72c647085a5e4813a10a6c94b730d7b0c828f358398d4a04e2cf7,{}
2026-09-01,10:00,options,USD.CNY,25D BF,3W,implied_vol_mid,0.075,pct,https://www.chinamoney.com.cn/chinese/bkcurvfqq/,2026-09-01T14:11:14+00:00,69b226fa3ef72c647085a5e4813a10a6c94b730d7b0c828f358398d4a04e2cf7,{}
2026-09-01,10:00,options,USD.CNY,25D BF,3Y,implied_vol_ask,0.35,pct,https://www.chinamoney.com.cn/chinese/bkcurvfqq/,2026-09-01T14:11:14+00:00,69b226fa3ef72c647085a5e4813a10a6c94b730d7b0c828f358398d4a04e2cf7,{}
2026-09-01,10:00,options,USD.CNY,25D BF,3Y,implied_vol_bid,0.1,pct,https://www.chinamoney.com.cn/chinese/bkcurvfqq/,2026-09-01T14:11:14+00:00,69b226fa3ef72c647085a5e4813a10a6c94b730d7b0c828f358398d4a04e2cf7,{}
2026-09-01,10:00,options,USD.CNY,25D BF,3Y,implied_vol_mid,0.225,pct,https://www.chinamoney.com.cn/chinese/bkcurvfqq/,2026-09-01T14:11:14+00:00,69b226fa3ef72c647085a5e4813a10a6c94b730d7b0c828f358398d4a04e2cf7,{}
2026-09-01,10:00,options,USD.CNY,25D BF,6M,implied_vol_ask,0.1363,pct,https://www.chinamoney.com.cn/chinese/bkcurvfqq/,2026-09-01T14:11:14+00:00,69b226fa3ef72c647085a5e4813a10a6c94b730d7b0c828f358398d4a04e2cf7,{}
2026-09-01,10:00,options,USD.CNY,25D BF,6M,implied_vol_bid,0.1363,pct,https://www.chinamoney.com.cn/chinese/bkcurvfqq/,2026-09-01T14:11:14+00:00,69b226fa3ef72c647085a5e4813a10a6c94b730d7b0c828f358398d4a04e2cf7,{}
2026-09-01,10:00,options,USD.CNY,25D BF,6M,implied_vol_mid,0.1363,pct,https://www.chinamoney.com.cn/chinese/bkcurvfqq/,2026-09-01T14:11:14+00:00,69b226fa3ef72c647085a5e4813a10a6c94b730d7b0c828f358398d4a04e2cf7,{}
2026-09-01,10:00,options,USD.CNY,25D BF,9M,implied_vol_ask,0.165,pct,https://www.chinamoney.com.cn/chinese/bkcurvfqq/,2026-09-01T14:11:14+00:00,69b226fa3ef72c647085a5e4813a10a6c94b730d7b0c828f358398d4a04e2cf7,{}
2026-09-01,10:00,options,USD.CNY,25D BF,9M,implied_vol_bid,0.165,pct,https://www.chinamoney.com.cn/chinese/bkcurvfqq/,2026-09-01T14:11:14+00:00,69b226fa3ef72c647085a5e4813a10a6c94b730d7b0c828f358398d4a04e2cf7,{}
2026-09-01,10:00,options,USD.CNY,25D BF,9M,implied_vol_mid,0.165,pct,https://www.chinamoney.com.cn/chinese/bkcurvfqq/,2026-09-01T14:11:14+00:00,69b226fa3ef72c647085a5e4813a10a6c94b730d7b0c828f358398d4a04e2cf7,{}
2026-09-01,10:00,options,USD.CNY,25D RR,18M,implied_vol_ask,0.5,pct,https://www.chinamoney.com.cn/chinese/bkcurvfqq/,2026-09-01T14:11:14+00:00,3e95c8164128a16744930d739be9468d7d73c1364300520c3ecf28e378900930,{}
2026-09-01,10:00,options,USD.CNY,25D RR,18M,implied_vol_bid,-0.5,pct,https://www.chinamoney.com.cn/chinese/bkcurvfqq/,2026-09-01T14:11:14+00:00,3e95c8164128a16744930d739be9468d7d73c1364300520c3ecf28e378900930,{}
2026-09-01,10:00,options,USD.CNY,25D RR,18M,implied_vol_mid,0.0,pct,https://www.chinamoney.com.cn/chinese/bkcurvfqq/,2026-09-01T14:11:14+00:00,3e95c8164128a16744930d739be9468d7d73c1364300520c3ecf28e378900930,{}
2026-09-01,10:00,options,USD.CNY,25D RR,1D,implied_vol_ask,0.0,pct,https://www.chinamoney.com.cn/chinese/bkcurvfqq/,2026-09-01T14:11:14+00:00,3e95c8164128a16744930d739be9468d7d73c1364300520c3ecf28e378900930,{}
2026-09-01,10:00,options,USD.CNY,25D RR,1D,implied_vol_bid,0.0,pct,https://www.chinamoney.com.cn/chinese/bkcurvfqq/,2026-09-01T14:11:14+00:00,3e95c8164128a16744930d739be9468d7d73c1364300520c3ecf28e378900930,{}
2026-09-01,10:00,options,USD.CNY,25D RR,1D,implied_vol_mid,0.0,pct,https://www.chinamoney.com.cn/chinese/bkcurvfqq/,2026-09-01T14:11:14+00:00,3e95c8164128a16744930d739be9468d7d73c1364300520c3ecf28e378900930,{}
2026-09-01,10:00,options,USD.CNY,25D RR,1M,implied_vol_ask,0.0,pct,https://www.chinamoney.com.cn/chinese/bkcurvfqq/,2026-09-01T14:11:14+00:00,3e95c8164128a16744930d739be9468d7d73c1364300520c3ecf28e378900930,{}
2026-09-01,10:00,options,USD.CNY,25D RR,1M,implied_vol_bid,0.0,pct,https://www.chinamoney.com.cn/chinese/bkcurvfqq/,2026-09-01T14:11:14+00:00,3e95c8164128a16744930d739be9468d7d73c1364300520c3ecf28e378900930,{}
2026-09-01,10:00,options,USD.CNY,25D RR,1M,implied_vol_mid,0.0,pct,https://www.chinamoney.com.cn/chinese/bkcurvfqq/,2026-09-01T14:11:14+00:00,3e95c8164128a16744930d739be9468d7d73c1364300520c3ecf28e378900930,{}
2026-09-01,10:00,options,USD.CNY,25D RR,1W,implied_vol_ask,0.0,pct,https://www.chinamoney.com.cn/chinese/bkcurvfqq/,2026-09-01T14:11:14+00:00,3e95c8164128a16744930d739be9468d7d73c1364300520c3ecf28e378900930,{}
2026-09-01,10:00,options,USD.CNY,25D RR,1W,implied_vol_bid,0.0,pct,https://www.chinamoney.com.cn/chinese/bkcurvfqq/,2026-09-01T14:11:14+00:00,3e95c8164128a16744930d739be9468d7d73c1364300520c3ecf28e378900930,{}
2026-09-01,10:00,options,USD.CNY,25D RR,1W,implied_vol_mid,0.0,pct,https://www.chinamoney.com.cn/chinese/bkcurvfqq/,2026-09-01T14:11:14+00:00,3e95c8164128a16744930d739be9468d7d73c1364300520c3ecf28e378900930,{}
2026-09-01,10:00,options,USD.CNY,25D RR,1Y,implied_vol_ask,0.35,pct,https://www.chinamoney.com.cn/chinese/bkcurvfqq/,2026-09-01T14:11:14+00:00,3e95c8164128a16744930d739be9468d7d73c1364300520c3ecf28e378900930,{}
2026-09-01,10:00,options,USD.CNY,25D RR,1Y,implied_vol_bid,-0.35,pct,https://www.chinamoney.com.cn/chinese/bkcurvfqq/,2026-09-01T14:11:14+00:00,3e95c8164128a16744930d739be9468d7d73c1364300520c3ecf28e378900930,{}
2026-09-01,10:00,options,USD.CNY,25D RR,1Y,implied_vol_mid,0.0,pct,https://www.chinamoney.com.cn/chinese/bkcurvfqq/,2026-09-01T14:11:14+00:00,3e95c8164128a16744930d739be9468d7d73c1364300520c3ecf28e378900930,{}
2026-09-01,10:00,options,USD.CNY,25D RR,2M,implied_vol_ask,0.35,pct,https://www.chinamoney.com.cn/chinese/bkcurvfqq/,2026-09-01T14:11:14+00:00,3e95c8164128a16744930d739be9468d7d73c1364300520c3ecf28e378900930,{}
2026-09-01,10:00,options,USD.CNY,25D RR,2M,implied_vol_bid,-0.35,pct,https://www.chinamoney.com.cn/chinese/bkcurvfqq/,2026-09-01T14:11:14+00:00,3e95c8164128a16744930d739be9468d7d73c1364300520c3ecf28e378900930,{}
2026-09-01,10:00,options,USD.CNY,25D RR,2M,implied_vol_mid,0.0,pct,https://www.chinamoney.com.cn/chinese/bkcurvfqq/,2026-09-01T14:11:14+00:00,3e95c8164128a16744930d739be9468d7d73c1364300520c3ecf28e378900930,{}
2026-09-01,10:00,options,USD.CNY,25D RR,2W,implied_vol_ask,0.0,pct,https://www.chinamoney.com.cn/chinese/bkcurvfqq/,2026-09-01T14:11:14+00:00,3e95c8164128a16744930d739be9468d7d73c1364300520c3ecf28e378900930,{}
2026-09-01,10:00,options,USD.CNY,25D RR,2W,implied_vol_bid,0.0,pct,https://www.chinamoney.com.cn/chinese/bkcurvfqq/,2026-09-01T14:11:14+00:00,3e95c8164128a16744930d739be9468d7d73c1364300520c3ecf28e378900930,{}
2026-09-01,10:00,options,USD.CNY,25D RR,2W,implied_vol_mid,0.0,pct,https://www.chinamoney.com.cn/chinese/bkcurvfqq/,2026-09-01T14:11:14+00:00,3e95c8164128a16744930d739be9468d7d73c1364300520c3ecf28e378900930,{}
2026-09-01,10:00,options,USD.CNY,25D RR,2Y,implied_vol_ask,0.5,pct,https://www.chinamoney.com.cn/chinese/bkcurvfqq/,2026-09-01T14:11:14+00:00,3e95c8164128a16744930d739be9468d7d73c1364300520c3ecf28e378900930,{}
2026-09-01,10:00,options,USD.CNY,25D RR,2Y,implied_vol_bid,-0.5,pct,https://www.chinamoney.com.cn/chinese/bkcurvfqq/,2026-09-01T14:11:14+00:00,3e95c8164128a16744930d739be9468d7d73c1364300520c3ecf28e378900930,{}
2026-09-01,10:00,options,USD.CNY,25D RR,2Y,implied_vol_mid,0.0,pct,https://www.chinamoney.com.cn/chinese/bkcurvfqq/,2026-09-01T14:11:14+00:00,3e95c8164128a16744930d739be9468d7d73c1364300520c3ecf28e378900930,{}
2026-09-01,10:00,options,USD.CNY,25D RR,3M,implied_vol_ask,0.35,pct,https://www.chinamoney.com.cn/chinese/bkcurvfqq/,2026-09-01T14:11:14+00:00,3e95c8164128a16744930d739be9468d7d73c1364300520c3ecf28e378900930,{}
2026-09-01,10:00,options,USD.CNY,25D RR,3M,implied_vol_bid,-0.35,pct,https://www.chinamoney.com.cn/chinese/bkcurvfqq/,2026-09-01T14:11:14+00:00,3e95c8164128a16744930d739be9468d7d73c1364300520c3ecf28e378900930,{}
2026-09-01,10:00,options,USD.CNY,25D RR,3M,implied_vol_mid,0.0,pct,https://www.chinamoney.com.cn/chinese/bkcurvfqq/,2026-09-01T14:11:14+00:00,3e95c8164128a16744930d739be9468d7d73c1364300520c3ecf28e378900930,{}
2026-09-01,10:00,options,USD.CNY,25D RR,3W,implied_vol_ask,0.0,pct,https://www.chinamoney.com.cn/chinese/bkcurvfqq/,2026-09-01T14:11:14+00:00,3e95c8164128a16744930d739be9468d7d73c1364300520c3ecf28e378900930,{}
2026-09-01,10:00,options,USD.CNY,25D RR,3W,implied_vol_bid,0.0,pct,https://www.chinamoney.com.cn/chinese/bkcurvfqq/,2026-09-01T14:11:14+00:00,3e95c8164128a16744930d739be9468d7d73c1364300520c3ecf28e378900930,{}
2026-09-01,10:00,options,USD.CNY,25D RR,3W,implied_vol_mid,0.0,pct,https://www.chinamoney.com.cn/chinese/bkcurvfqq/,2026-09-01T14:11:14+00:00,3e95c8164128a16744930d739be9468d7d73c1364300520c3ecf28e378900930,{}
2026-09-01,10:00,options,USD.CNY,25D RR,3Y,implied_vol_ask,0.5,pct,https://www.chinamoney.com.cn/chinese/bkcurvfqq/,2026-09-01T14:11:14+00:00,3e95c8164128a16744930d739be9468d7d73c1364300520c3ecf28e378900930,{}
2026-09-01,10:00,options,USD.CNY,25D RR,3Y,implied_vol_bid,-0.5,pct,https://www.chinamoney.com.cn/chinese/bkcurvfqq/,2026-09-01T14:11:14+00:00,3e95c8164128a16744930d739be9468d7d73c1364300520c3ecf28e378900930,{}
2026-09-01,10:00,options,USD.CNY,25D RR,3Y,implied_vol_mid,0.0,pct,https://www.chinamoney.com.cn/chinese/bkcurvfqq/,2026-09-01T14:11:14+00:00,3e95c8164128a16744930d739be9468d7d73c1364300520c3ecf28e378900930,{}
2026-09-01,10:00,options,USD.CNY,25D RR,6M,implied_vol_ask,0.0,pct,https://www.chinamoney.com.cn/chinese/bkcurvfqq/,2026-09-01T14:11:14+00:00,3e95c8164128a16744930d739be9468d7d73c1364300520c3ecf28e378900930,{}
2026-09-01,10:00,options,USD.CNY,25D RR,6M,implied_vol_bid,0.0,pct,https://www.chinamoney.com.cn/chinese/bkcurvfqq/,2026-09-01T14:11:14+00:00,3e95c8164128a16744930d739be9468d7d73c1364300520c3ecf28e378900930,{}
2026-09-01,10:00,options,USD.CNY,25D RR,6M,implied_vol_mid,0.0,pct,https://www.chinamoney.com.cn/chinese/bkcurvfqq/,2026-09-01T14:11:14+00:00,3e95c8164128a16744930d739be9468d7d73c1364300520c3ecf28e378900930,{}
2026-09-01,10:00,options,USD.CNY,25D RR,9M,implied_vol_ask,0.0,pct,https://www.chinamoney.com.cn/chinese/bkcurvfqq/,2026-09-01T14:11:14+00:00,3e95c8164128a16744930d739be9468d7d73c1364300520c3ecf28e378900930,{}
2026-09-01,10:00,options,USD.CNY,25D RR,9M,implied_vol_bid,0.0,pct,https://www.chinamoney.com.cn/chinese/bkcurvfqq/,2026-09-01T14:11:14+00:00,3e95c8164128a16744930d739be9468d7d73c1364300520c3ecf28e378900930,{}
2026-09-01,10:00,options,USD.CNY,25D RR,9M,implied_vol_mid,0.0,pct,https://www.chinamoney.com.cn/chinese/bkcurvfqq/,2026-09-01T14:11:14+00:00,3e95c8164128a16744930d739be9468d7d73c1364300520c3ecf28e378900930,{}
2026-09-01,10:00,options,USD.CNY,ATM,18M,implied_vol_ask,3.4,pct,https://www.chinamoney.com.cn/chinese/bkcurvfqq/,2026-09-01T14:11:14+00:00,b1faec6006408337b2b21355975388e70bd1a7cec47556a193cab806c540fa25,{}
2026-09-01,10:00,options,USD.CNY,ATM,18M,implied_vol_bid,3.0,pct,https://www.chinamoney.com.cn/chinese/bkcurvfqq/,2026-09-01T14:11:14+00:00,b1faec6006408337b2b21355975388e70bd1a7cec47556a193cab806c540fa25,{}
2026-09-01,10:00,options,USD.CNY,ATM,18M,implied_vol_mid,3.2,pct,https://www.chinamoney.com.cn/chinese/bkcurvfqq/,2026-09-01T14:11:14+00:00,b1faec6006408337b2b21355975388e70bd1a7cec47556a193cab806c540fa25,{}
2026-09-01,10:00,options,USD.CNY,ATM,1D,implied_vol_ask,1.5,pct,https://www.chinamoney.com.cn/chinese/bkcurvfqq/,2026-09-01T14:11:14+00:00,b1faec6006408337b2b21355975388e70bd1a7cec47556a193cab806c540fa25,{}
2026-09-01,10:00,options,USD.CNY,ATM,1D,implied_vol_bid,1.5,pct,https://www.chinamoney.com.cn/chinese/bkcurvfqq/,2026-09-01T14:11:14+00:00,b1faec6006408337b2b21355975388e70bd1a7cec47556a193cab806c540fa25,{}
2026-09-01,10:00,options,USD.CNY,ATM,1D,implied_vol_mid,1.5,pct,https://www.chinamoney.com.cn/chinese/bkcurvfqq/,2026-09-01T14:11:14+00:00,b1faec6006408337b2b21355975388e70bd1a7cec47556a193cab806c540fa25,{}
2026-09-01,10:00,options,USD.CNY,ATM,1M,implied_vol_ask,1.5107,pct,https://www.chinamoney.com.cn/chinese/bkcurvfqq/,2026-09-01T14:11:14+00:00,b1faec6006408337b2b21355975388e70bd1a7cec47556a193cab806c540fa25,{}
2026-09-01,10:00,options,USD.CNY,ATM,1M,implied_vol_bid,1.5107,pct,https://www.chinamoney.com.cn/chinese/bkcurvfqq/,2026-09-01T14:11:14+00:00,b1faec6006408337b2b21355975388e70bd1a7cec47556a193cab806c540fa25,{}
2026-09-01,10:00,options,USD.CNY,ATM,1M,implied_vol_mid,1.5107,pct,https://www.chinamoney.com.cn/chinese/bkcurvfqq/,2026-09-01T14:11:14+00:00,b1faec6006408337b2b21355975388e70bd1a7cec47556a193cab806c540fa25,{}
2026-09-01,10:00,options,USD.CNY,ATM,1W,implied_vol_ask,1.2333,pct,https://www.chinamoney.com.cn/chinese/bkcurvfqq/,2026-09-01T14:11:14+00:00,b1faec6006408337b2b21355975388e70bd1a7cec47556a193cab806c540fa25,{}
2026-09-01,10:00,options,USD.CNY,ATM,1W,implied_vol_bid,1.2333,pct,https://www.chinamoney.com.cn/chinese/bkcurvfqq/,2026-09-01T14:11:14+00:00,b1faec6006408337b2b21355975388e70bd1a7cec47556a193cab806c540fa25,{}
2026-09-01,10:00,options,USD.CNY,ATM,1W,implied_vol_mid,1.2333,pct,https://www.chinamoney.com.cn/chinese/bkcurvfqq/,2026-09-01T14:11:14+00:00,b1faec6006408337b2b21355975388e70bd1a7cec47556a193cab806c540fa25,{}
2026-09-01,10:00,options,USD.CNY,ATM,1Y,implied_vol_ask,3.2,pct,https://www.chinamoney.com.cn/chinese/bkcurvfqq/,2026-09-01T14:11:14+00:00,b1faec6006408337b2b21355975388e70bd1a7cec47556a193cab806c540fa25,{}
2026-09-01,10:00,options,USD.CNY,ATM,1Y,implied_vol_bid,2.8,pct,https://www.chinamoney.com.cn/chinese/bkcurvfqq/,2026-09-01T14:11:14+00:00,b1faec6006408337b2b21355975388e70bd1a7cec47556a193cab806c540fa25,{}
2026-09-01,10:00,options,USD.CNY,ATM,1Y,implied_vol_mid,3.03,pct,https://www.chinamoney.com.cn/chinese/bkcurvfqq/,2026-09-01T14:11:14+00:00,b1faec6006408337b2b21355975388e70bd1a7cec47556a193cab806c540fa25,{}
2026-09-01,10:00,options,USD.CNY,ATM,2M,implied_vol_ask,2.0,pct,https://www.chinamoney.com.cn/chinese/bkcurvfqq/,2026-09-01T14:11:14+00:00,b1faec6006408337b2b21355975388e70bd1a7cec47556a193cab806c540fa25,{}
2026-09-01,10:00,options,USD.CNY,ATM,2M,implied_vol_bid,1.6,pct,https://www.chinamoney.com.cn/chinese/bkcurvfqq/,2026-09-01T14:11:14+00:00,b1faec6006408337b2b21355975388e70bd1a7cec47556a193cab806c540fa25,{}
2026-09-01,10:00,options,USD.CNY,ATM,2M,implied_vol_mid,1.815,pct,https://www.chinamoney.com.cn/chinese/bkcurvfqq/,2026-09-01T14:11:14+00:00,b1faec6006408337b2b21355975388e70bd1a7cec47556a193cab806c540fa25,{}
2026-09-01,10:00,options,USD.CNY,ATM,2W,implied_vol_ask,1.275,pct,https://www.chinamoney.com.cn/chinese/bkcurvfqq/,2026-09-01T14:11:14+00:00,b1faec6006408337b2b21355975388e70bd1a7cec47556a193cab806c540fa25,{}
2026-09-01,10:00,options,USD.CNY,ATM,2W,implied_vol_bid,1.275,pct,https://www.chinamoney.com.cn/chinese/bkcurvfqq/,2026-09-01T14:11:14+00:00,b1faec6006408337b2b21355975388e70bd1a7cec47556a193cab806c540fa25,{}
2026-09-01,10:00,options,USD.CNY,ATM,2W,implied_vol_mid,1.275,pct,https://www.chinamoney.com.cn/chinese/bkcurvfqq/,2026-09-01T14:11:14+00:00,b1faec6006408337b2b21355975388e70bd1a7cec47556a193cab806c540fa25,{}
2026-09-01,10:00,options,USD.CNY,ATM,2Y,implied_vol_ask,3.6,pct,https://www.chinamoney.com.cn/chinese/bkcurvfqq/,2026-09-01T14:11:14+00:00,b1faec6006408337b2b21355975388e70bd1a7cec47556a193cab806c540fa25,{}
2026-09-01,10:00,options,USD.CNY,ATM,2Y,implied_vol_bid,3.15,pct,https://www.chinamoney.com.cn/chinese/bkcurvfqq/,2026-09-01T14:11:14+00:00,b1faec6006408337b2b21355975388e70bd1a7cec47556a193cab806c540fa25,{}
2026-09-01,10:00,options,USD.CNY,ATM,2Y,implied_vol_mid,3.375,pct,https://www.chinamoney.com.cn/chinese/bkcurvfqq/,2026-09-01T14:11:14+00:00,b1faec6006408337b2b21355975388e70bd1a7cec47556a193cab806c540fa25,{}
2026-09-01,10:00,options,USD.CNY,ATM,3M,implied_vol_ask,2.25,pct,https://www.chinamoney.com.cn/chinese/bkcurvfqq/,2026-09-01T14:11:14+00:00,b1faec6006408337b2b21355975388e70bd1a7cec47556a193cab806c540fa25,{}
2026-09-01,10:00,options,USD.CNY,ATM,3M,implied_vol_bid,1.8,pct,https://www.chinamoney.com.cn/chinese/bkcurvfqq/,2026-09-01T14:11:14+00:00,b1faec6006408337b2b21355975388e70bd1a7cec47556a193cab806c540fa25,{}
2026-09-01,10:00,options,USD.CNY,ATM,3M,implied_vol_mid,2.0512,pct,https://www.chinamoney.com.cn/chinese/bkcurvfqq/,2026-09-01T14:11:14+00:00,b1faec6006408337b2b21355975388e70bd1a7cec47556a193cab806c540fa25,{}
2026-09-01,10:00,options,USD.CNY,ATM,3W,implied_vol_ask,1.4,pct,https://www.chinamoney.com.cn/chinese/bkcurvfqq/,2026-09-01T14:11:14+00:00,b1faec6006408337b2b21355975388e70bd1a7cec47556a193cab806c540fa25,{}
2026-09-01,10:00,options,USD.CNY,ATM,3W,implied_vol_bid,1.4,pct,https://www.chinamoney.com.cn/chinese/bkcurvfqq/,2026-09-01T14:11:14+00:00,b1faec6006408337b2b21355975388e70bd1a7cec47556a193cab806c540fa25,{}
2026-09-01,10:00,options,USD.CNY,ATM,3W,implied_vol_mid,1.4,pct,https://www.chinamoney.com.cn/chinese/bkcurvfqq/,2026-09-01T14:11:14+00:00,b1faec6006408337b2b21355975388e70bd1a7cec47556a193cab806c540fa25,{}
2026-09-01,10:00,options,USD.CNY,ATM,3Y,implied_vol_ask,3.8,pct,https://www.chinamoney.com.cn/chinese/bkcurvfqq/,2026-09-01T14:11:14+00:00,b1faec6006408337b2b21355975388e70bd1a7cec47556a193cab806c540fa25,{}
2026-09-01,10:00,options,USD.CNY,ATM,3Y,implied_vol_bid,3.25,pct,https://www.chinamoney.com.cn/chinese/bkcurvfqq/,2026-09-01T14:11:14+00:00,b1faec6006408337b2b21355975388e70bd1a7cec47556a193cab806c540fa25,{}
2026-09-01,10:00,options,USD.CNY,ATM,3Y,implied_vol_mid,3.525,pct,https://www.chinamoney.com.cn/chinese/bkcurvfqq/,2026-09-01T14:11:14+00:00,b1faec6006408337b2b21355975388e70bd1a7cec47556a193cab806c540fa25,{}
2026-09-01,10:00,options,USD.CNY,ATM,6M,implied_vol_ask,2.5083,pct,https://www.chinamoney.com.cn/chinese/bkcurvfqq/,2026-09-01T14:11:14+00:00,b1faec6006408337b2b21355975388e70bd1a7cec47556a193cab806c540fa25,{}
2026-09-01,10:00,options,USD.CNY,ATM,6M,implied_vol_bid,2.5083,pct,https://www.chinamoney.com.cn/chinese/bkcurvfqq/,2026-09-01T14:11:14+00:00,b1faec6006408337b2b21355975388e70bd1a7cec47556a193cab806c540fa25,{}
2026-09-01,10:00,options,USD.CNY,ATM,6M,implied_vol_mid,2.5083,pct,https://www.chinamoney.com.cn/chinese/bkcurvfqq/,2026-09-01T14:11:14+00:00,b1faec6006408337b2b21355975388e70bd1a7cec47556a193cab806c540fa25,{}
2026-09-01,10:00,options,USD.CNY,ATM,9M,implied_vol_ask,2.825,pct,https://www.chinamoney.com.cn/chinese/bkcurvfqq/,2026-09-01T14:11:14+00:00,b1faec6006408337b2b21355975388e70bd1a7cec47556a193cab806c540fa25,{}
2026-09-01,10:00,options,USD.CNY,ATM,9M,implied_vol_bid,2.825,pct,https://www.chinamoney.com.cn/chinese/bkcurvfqq/,2026-09-01T14:11:14+00:00,b1faec6006408337b2b21355975388e70bd1a7cec47556a193cab806c540fa25,{}
2026-09-01,10:00,options,USD.CNY,ATM,9M,implied_vol_mid,2.825,pct,https://www.chinamoney.com.cn/chinese/bkcurvfqq/,2026-09-01T14:11:14+00:00,b1faec6006408337b2b21355975388e70bd1a7cec47556a193cab806c540fa25,{}
2026-09-01,14:00,reference_rate,USD/CNY,,,reference_rate_14,6.7203,rate,https://www.chinamoney.com.cn/ags/ms/cm-u-bk-fx/RefRateHis,2026-09-01T14:11:14+00:00,505f22d5eb3229980587a52ca2a8c3f2f2a8fc3501bf848903eb35336b4e07e2,"{""14:00"": ""6.7203"", ""原始日期"": ""01 Sep 2026"", ""货币对"": ""USD/CNY""}"
2026-09-01,14:00,reference_rate,USD/CNY,,,reference_rate_14,6.7206,rate,https://www.chinamoney.com.cn/ags/ms/cm-u-bk-fx/RefRateHis,2026-08-31T17:06:09+00:00,8bda592f7a147439af456e3603a1e7a44d07fbac29b289978bf42d88003227d8,"{""14:00"": ""6.7206"", ""原始日期"": ""31 Aug 2026"", ""货币对"": ""USD/CNY""}"
2026-09-01,16:30,swaps,USD.CNY,,18M,forward_all_in,6.4443,rate,https://www.chinamoney.com.cn/chinese/bkcurvfsw/,2026-09-01T14:11:14+00:00,7271ecbfe9071ef989f4863f733e5bc0dd3371e7ee451254251b76a8a104172f,{}
2026-09-01,16:30,swaps,USD.CNY,,18M,swap_points,-2775.5,pips,https://www.chinamoney.com.cn/chinese/bkcurvfsw/,2026-09-01T14:11:14+00:00,7271ecbfe9071ef989f4863f733e5bc0dd3371e7ee451254251b76a8a104172f,{}
2026-09-01,16:30,swaps,USD.CNY,,1M,forward_all_in,6.7058,rate,https://www.chinamoney.com.cn/chinese/bkcurvfsw/,2026-09-01T14:11:14+00:00,7271ecbfe9071ef989f4863f733e5bc0dd3371e7ee451254251b76a8a104172f,{}
2026-09-01,16:30,swaps,USD.CNY,,1M,swap_points,-160.5,pips,https://www.chinamoney.com.cn/chinese/bkcurvfsw/,2026-09-01T14:11:14+00:00,7271ecbfe9071ef989f4863f733e5bc0dd3371e7ee451254251b76a8a104172f,{}
2026-09-01,16:30,swaps,USD.CNY,,1W,forward_all_in,6.7187,rate,https://www.chinamoney.com.cn/chinese/bkcurvfsw/,2026-09-01T14:11:14+00:00,7271ecbfe9071ef989f4863f733e5bc0dd3371e7ee451254251b76a8a104172f,{}
2026-09-01,16:30,swaps,USD.CNY,,1W,swap_points,-31.25,pips,https://www.chinamoney.com.cn/chinese/bkcurvfsw/,2026-09-01T14:11:14+00:00,7271ecbfe9071ef989f4863f733e5bc0dd3371e7ee451254251b76a8a104172f,{}
2026-09-01,16:30,swaps,USD.CNY,,1Y,forward_all_in,6.5381,rate,https://www.chinamoney.com.cn/chinese/bkcurvfsw/,2026-09-01T14:11:14+00:00,7271ecbfe9071ef989f4863f733e5bc0dd3371e7ee451254251b76a8a104172f,{}
2026-09-01,16:30,swaps,USD.CNY,,1Y,swap_points,-1838.0,pips,https://www.chinamoney.com.cn/chinese/bkcurvfsw/,2026-09-01T14:11:14+00:00,7271ecbfe9071ef989f4863f733e5bc0dd3371e7ee451254251b76a8a104172f,{}
2026-09-01,16:30,swaps,USD.CNY,,2M,forward_all_in,6.6934,rate,https://www.chinamoney.com.cn/chinese/bkcurvfsw/,2026-09-01T14:11:14+00:00,7271ecbfe9071ef989f4863f733e5bc0dd3371e7ee451254251b76a8a104172f,{}
2026-09-01,16:30,swaps,USD.CNY,,2M,swap_points,-285.0,pips,https://www.chinamoney.com.cn/chinese/bkcurvfsw/,2026-09-01T14:11:14+00:00,7271ecbfe9071ef989f4863f733e5bc0dd3371e7ee451254251b76a8a104172f,{}
2026-09-01,16:30,swaps,USD.CNY,,2W,forward_all_in,6.7156,rate,https://www.chinamoney.com.cn/chinese/bkcurvfsw/,2026-09-01T14:11:14+00:00,7271ecbfe9071ef989f4863f733e5bc0dd3371e7ee451254251b76a8a104172f,{}
2026-09-01,16:30,swaps,USD.CNY,,2W,swap_points,-62.82,pips,https://www.chinamoney.com.cn/chinese/bkcurvfsw/,2026-09-01T14:11:14+00:00,7271ecbfe9071ef989f4863f733e5bc0dd3371e7ee451254251b76a8a104172f,{}
2026-09-01,16:30,swaps,USD.CNY,,2Y,forward_all_in,6.3497,rate,https://www.chinamoney.com.cn/chinese/bkcurvfsw/,2026-09-01T14:11:14+00:00,7271ecbfe9071ef989f4863f733e5bc0dd3371e7ee451254251b76a8a104172f,{}
2026-09-01,16:30,swaps,USD.CNY,,2Y,swap_points,-3721.5,pips,https://www.chinamoney.com.cn/chinese/bkcurvfsw/,2026-09-01T14:11:14+00:00,7271ecbfe9071ef989f4863f733e5bc0dd3371e7ee451254251b76a8a104172f,{}
2026-09-01,16:30,swaps,USD.CNY,,3M,forward_all_in,6.679,rate,https://www.chinamoney.com.cn/chinese/bkcurvfsw/,2026-09-01T14:11:14+00:00,7271ecbfe9071ef989f4863f733e5bc0dd3371e7ee451254251b76a8a104172f,{}
2026-09-01,16:30,swaps,USD.CNY,,3M,swap_points,-429.0,pips,https://www.chinamoney.com.cn/chinese/bkcurvfsw/,2026-09-01T14:11:14+00:00,7271ecbfe9071ef989f4863f733e5bc0dd3371e7ee451254251b76a8a104172f,{}
2026-09-01,16:30,swaps,USD.CNY,,3W,forward_all_in,6.7124,rate,https://www.chinamoney.com.cn/chinese/bkcurvfsw/,2026-09-01T14:11:14+00:00,7271ecbfe9071ef989f4863f733e5bc0dd3371e7ee451254251b76a8a104172f,{}
2026-09-01,16:30,swaps,USD.CNY,,3W,swap_points,-95.0,pips,https://www.chinamoney.com.cn/chinese/bkcurvfsw/,2026-09-01T14:11:14+00:00,7271ecbfe9071ef989f4863f733e5bc0dd3371e7ee451254251b76a8a104172f,{}
2026-09-01,16:30,swaps,USD.CNY,,3Y,forward_all_in,6.1735,rate,https://www.chinamoney.com.cn/chinese/bkcurvfsw/,2026-09-01T14:11:14+00:00,7271ecbfe9071ef989f4863f733e5bc0dd3371e7ee451254251b76a8a104172f,{}
2026-09-01,16:30,swaps,USD.CNY,,3Y,swap_points,-5484.0,pips,https://www.chinamoney.com.cn/chinese/bkcurvfsw/,2026-09-01T14:11:14+00:00,7271ecbfe9071ef989f4863f733e5bc0dd3371e7ee451254251b76a8a104172f,{}
2026-09-01,16:30,swaps,USD.CNY,,4M,forward_all_in,6.6633,rate,https://www.chinamoney.com.cn/chinese/bkcurvfsw/,2026-09-01T14:11:14+00:00,7271ecbfe9071ef989f4863f733e5bc0dd3371e7ee451254251b76a8a104172f,{}
2026-09-01,16:30,swaps,USD.CNY,,4M,swap_points,-585.4,pips,https://www.chinamoney.com.cn/chinese/bkcurvfsw/,2026-09-01T14:11:14+00:00,7271ecbfe9071ef989f4863f733e5bc0dd3371e7ee451254251b76a8a104172f,{}
2026-09-01,16:30,swaps,USD.CNY,,4Y,forward_all_in,5.9969,rate,https://www.chinamoney.com.cn/chinese/bkcurvfsw/,2026-09-01T14:11:14+00:00,7271ecbfe9071ef989f4863f733e5bc0dd3371e7ee451254251b76a8a104172f,{}
2026-09-01,16:30,swaps,USD.CNY,,4Y,swap_points,-7250.0,pips,https://www.chinamoney.com.cn/chinese/bkcurvfsw/,2026-09-01T14:11:14+00:00,7271ecbfe9071ef989f4863f733e5bc0dd3371e7ee451254251b76a8a104172f,{}
2026-09-01,16:30,swaps,USD.CNY,,5M,forward_all_in,6.6484,rate,https://www.chinamoney.com.cn/chinese/bkcurvfsw/,2026-09-01T14:11:14+00:00,7271ecbfe9071ef989f4863f733e5bc0dd3371e7ee451254251b76a8a104172f,{}
2026-09-01,16:30,swaps,USD.CNY,,5M,swap_points,-734.94,pips,https://www.chinamoney.com.cn/chinese/bkcurvfsw/,2026-09-01T14:11:14+00:00,7271ecbfe9071ef989f4863f733e5bc0dd3371e7ee451254251b76a8a104172f,{}
2026-09-01,16:30,swaps,USD.CNY,,5Y,forward_all_in,5.8219,rate,https://www.chinamoney.com.cn/chinese/bkcurvfsw/,2026-09-01T14:11:14+00:00,7271ecbfe9071ef989f4863f733e5bc0dd3371e7ee451254251b76a8a104172f,{}
2026-09-01,16:30,swaps,USD.CNY,,5Y,swap_points,-9000.0,pips,https://www.chinamoney.com.cn/chinese/bkcurvfsw/,2026-09-01T14:11:14+00:00,7271ecbfe9071ef989f4863f733e5bc0dd3371e7ee451254251b76a8a104172f,{}
2026-09-01,16:30,swaps,USD.CNY,,6M,forward_all_in,6.6342,rate,https://www.chinamoney.com.cn/chinese/bkcurvfsw/,2026-09-01T14:11:14+00:00,7271ecbfe9071ef989f4863f733e5bc0dd3371e7ee451254251b76a8a104172f,{}
2026-09-01,16:30,swaps,USD.CNY,,6M,swap_points,-877.0,pips,https://www.chinamoney.com.cn/chinese/bkcurvfsw/,2026-09-01T14:11:14+00:00,7271ecbfe9071ef989f4863f733e5bc0dd3371e7ee451254251b76a8a104172f,{}
2026-09-01,16:30,swaps,USD.CNY,,9M,forward_all_in,6.5868,rate,https://www.chinamoney.com.cn/chinese/bkcurvfsw/,2026-09-01T14:11:14+00:00,7271ecbfe9071ef989f4863f733e5bc0dd3371e7ee451254251b76a8a104172f,{}
2026-09-01,16:30,swaps,USD.CNY,,9M,swap_points,-1351.0,pips,https://www.chinamoney.com.cn/chinese/bkcurvfsw/,2026-09-01T14:11:14+00:00,7271ecbfe9071ef989f4863f733e5bc0dd3371e7ee451254251b76a8a104172f,{}
2026-09-01,16:30,swaps,USD.CNY,,ON,forward_all_in,6.7227,rate,https://www.chinamoney.com.cn/chinese/bkcurvfsw/,2026-09-01T14:11:14+00:00,7271ecbfe9071ef989f4863f733e5bc0dd3371e7ee451254251b76a8a104172f,{}
2026-09-01,16:30,swaps,USD.CNY,,ON,swap_points,-4.35,pips,https://www.chinamoney.com.cn/chinese/bkcurvfsw/,2026-09-01T14:11:14+00:00,7271ecbfe9071ef989f4863f733e5bc0dd3371e7ee451254251b76a8a104172f,{}
2026-09-01,16:30,swaps,USD.CNY,,SN,forward_all_in,6.7214,rate,https://www.chinamoney.com.cn/chinese/bkcurvfsw/,2026-09-01T14:11:14+00:00,7271ecbfe9071ef989f4863f733e5bc0dd3371e7ee451254251b76a8a104172f,{}
2026-09-01,16:30,swaps,USD.CNY,,SN,swap_points,-4.4,pips,https://www.chinamoney.com.cn/chinese/bkcurvfsw/,2026-09-01T14:11:14+00:00,7271ecbfe9071ef989f4863f733e5bc0dd3371e7ee451254251b76a8a104172f,{}
2026-09-01,16:30,swaps,USD.CNY,,TN,forward_all_in,6.7223,rate,https://www.chinamoney.com.cn/chinese/bkcurvfsw/,2026-09-01T14:11:14+00:00,7271ecbfe9071ef989f4863f733e5bc0dd3371e7ee451254251b76a8a104172f,{}
2026-09-01,16:30,swaps,USD.CNY,,TN,swap_points,-4.4,pips,https://www.chinamoney.com.cn/chinese/bkcurvfsw/,2026-09-01T14:11:14+00:00,7271ecbfe9071ef989f4863f733e5bc0dd3371e7ee451254251b76a8a104172f,{}
2026-09-02,,implied_rates,USD,,18M,implied_usd_rate,4.2825,pct,https://www.chinamoney.com.cn/chinese/bkcurvuir/,2026-09-02T13:43:22+00:00,025adb5afd83a7137a16afe9243938171b3f13af9b4f4ff14ae3673ae9d04642,"{""人民币利率(%)"": ""1.4644"", ""即期汇率"": ""6.7829"", ""期限"": ""18M"", ""远/掉期点(Pips)"": ""-2815.00"", ""隐含利率(%)"": ""4.2825""}"
2026-09-02,,implied_rates,USD,,1D,implied_usd_rate,3.7892,pct,https://www.chinamoney.com.cn/chinese/bkcurvuir/,2026-09-02T13:43:22+00:00,025adb5afd83a7137a16afe9243938171b3f13af9b4f4ff14ae3673ae9d04642,"{""人民币利率(%)"": ""1.3983"", ""即期汇率"": ""6.7829"", ""期限"": ""1D"", ""远/掉期点(Pips)"": ""-17.77"", ""隐含利率(%)"": ""3.7892""}"
2026-09-02,,implied_rates,USD,,1M,implied_usd_rate,3.9316,pct,https://www.chinamoney.com.cn/chinese/bkcurvuir/,2026-09-02T13:43:22+00:00,025adb5afd83a7137a16afe9243938171b3f13af9b4f4ff14ae3673ae9d04642,"{""人民币利率(%)"": ""1.4423"", ""即期汇率"": ""6.7829"", ""期限"": ""1M"", ""远/掉期点(Pips)"": ""-157.10"", ""隐含利率(%)"": ""3.9316""}"
2026-09-02,,implied_rates,USD,,1W,implied_usd_rate,3.8281,pct,https://www.chinamoney.com.cn/chinese/bkcurvuir/,2026-09-02T13:43:22+00:00,025adb5afd83a7137a16afe9243938171b3f13af9b4f4ff14ae3673ae9d04642,"{""人民币利率(%)"": ""1.4137"", ""即期汇率"": ""6.7829"", ""期限"": ""1W"", ""远/掉期点(Pips)"": ""-31.40"", ""隐含利率(%)"": ""3.8281""}"
2026-09-02,,implied_rates,USD,,1Y,implied_usd_rate,4.2292,pct,https://www.chinamoney.com.cn/chinese/bkcurvuir/,2026-09-02T13:43:22+00:00,025adb5afd83a7137a16afe9243938171b3f13af9b4f4ff14ae3673ae9d04642,"{""人民币利率(%)"": ""1.4638"", ""即期汇率"": ""6.7829"", ""期限"": ""1Y"", ""远/掉期点(Pips)"": ""-1865.00"", ""隐含利率(%)"": ""4.2292""}"
2026-09-02,,implied_rates,USD,,2M,implied_usd_rate,3.9751,pct,https://www.chinamoney.com.cn/chinese/bkcurvuir/,2026-09-02T13:43:22+00:00,025adb5afd83a7137a16afe9243938171b3f13af9b4f4ff14ae3673ae9d04642,"{""人民币利率(%)"": ""1.4468"", ""即期汇率"": ""6.7829"", ""期限"": ""2M"", ""远/掉期点(Pips)"": ""-286.00"", ""隐含利率(%)"": ""3.9751""}"
2026-09-02,,implied_rates,USD,,2W,implied_usd_rate,3.8435,pct,https://www.chinamoney.com.cn/chinese/bkcurvuir/,2026-09-02T13:43:22+00:00,025adb5afd83a7137a16afe9243938171b3f13af9b4f4ff14ae3673ae9d04642,"{""人民币利率(%)"": ""1.4324"", ""即期汇率"": ""6.7829"", ""期限"": ""2W"", ""远/掉期点(Pips)"": ""-62.70"", ""隐含利率(%)"": ""3.8435""}"
2026-09-02,,implied_rates,USD,,2Y,implied_usd_rate,4.3087,pct,https://www.chinamoney.com.cn/chinese/bkcurvuir/,2026-09-02T13:43:22+00:00,025adb5afd83a7137a16afe9243938171b3f13af9b4f4ff14ae3673ae9d04642,"{""人民币利率(%)"": ""1.4651"", ""即期汇率"": ""6.7829"", ""期限"": ""2Y"", ""远/掉期点(Pips)"": ""-3760.00"", ""隐含利率(%)"": ""4.3087""}"
2026-09-02,,implied_rates,USD,,3M,implied_usd_rate,3.9911,pct,https://www.chinamoney.com.cn/chinese/bkcurvuir/,2026-09-02T13:43:22+00:00,025adb5afd83a7137a16afe9243938171b3f13af9b4f4ff14ae3673ae9d04642,"{""人民币利率(%)"": ""1.4492"", ""即期汇率"": ""6.7829"", ""期限"": ""3M"", ""远/掉期点(Pips)"": ""-428.50"", ""隐含利率(%)"": ""3.9911""}"
2026-09-02,,implied_rates,USD,,3W,implied_usd_rate,3.8848,pct,https://www.chinamoney.com.cn/chinese/bkcurvuir/,2026-09-02T13:43:22+00:00,025adb5afd83a7137a16afe9243938171b3f13af9b4f4ff14ae3673ae9d04642,"{""人民币利率(%)"": ""1.4389"", ""即期汇率"": ""6.7829"", ""期限"": ""3W"", ""远/掉期点(Pips)"": ""-109.00"", ""隐含利率(%)"": ""3.8848""}"
2026-09-02,,implied_rates,USD,,3Y,implied_usd_rate,4.3255,pct,https://www.chinamoney.com.cn/chinese/bkcurvuir/,2026-09-02T13:43:22+00:00,025adb5afd83a7137a16afe9243938171b3f13af9b4f4ff14ae3673ae9d04642,"{""人民币利率(%)"": ""1.4853"", ""即期汇率"": ""6.7829"", ""期限"": ""3Y"", ""远/掉期点(Pips)"": ""-5545.00"", ""隐含利率(%)"": ""4.3255""}"
2026-09-02,,implied_rates,USD,,6M,implied_usd_rate,4.0962,pct,https://www.chinamoney.com.cn/chinese/bkcurvuir/,2026-09-02T13:43:22+00:00,025adb5afd83a7137a16afe9243938171b3f13af9b4f4ff14ae3673ae9d04642,"{""人民币利率(%)"": ""1.4628"", ""即期汇率"": ""6.7829"", ""期限"": ""6M"", ""远/掉期点(Pips)"": ""-880.00"", ""隐含利率(%)"": ""4.0962""}"
2026-09-02,,implied_rates,USD,,9M,implied_usd_rate,4.1719,pct,https://www.chinamoney.com.cn/chinese/bkcurvuir/,2026-09-02T13:43:22+00:00,025adb5afd83a7137a16afe9243938171b3f13af9b4f4ff14ae3673ae9d04642,"{""人民币利率(%)"": ""1.4639"", ""即期汇率"": ""6.7829"", ""期限"": ""9M"", ""远/掉期点(Pips)"": ""-1360.00"", ""隐含利率(%)"": ""4.1719""}"
2026-09-02,09:15,fixing,USD/CNY,,,fixing,6.7829,rate,https://www.chinamoney.com.cn/chinese/bkccpr/,2026-09-02T13:43:22+00:00,03286d7cf4c4b4343a9c44e5836f17410d239ded8b8243f668894cd9aba3a267,"{""中间价"": ""6.7829"", ""涨跌"": ""20.00"", ""货币对"": ""美元/人民币""}"
2026-09-02,10:00,options,USD.CNY,10D BF,18M,implied_vol_ask,0.75,pct,https://www.chinamoney.com.cn/chinese/bkcurvfqq/,2026-09-02T13:43:22+00:00,ab4b7b4da1715d5086f701b043142e25e5fccbcdca86d82e416d8d1c2e44dfed,{}
2026-09-02,10:00,options,USD.CNY,10D BF,18M,implied_vol_bid,0.35,pct,https://www.chinamoney.com.cn/chinese/bkcurvfqq/,2026-09-02T13:43:22+00:00,ab4b7b4da1715d5086f701b043142e25e5fccbcdca86d82e416d8d1c2e44dfed,{}
2026-09-02,10:00,options,USD.CNY,10D BF,18M,implied_vol_mid,0.55,pct,https://www.chinamoney.com.cn/chinese/bkcurvfqq/,2026-09-02T13:43:22+00:00,ab4b7b4da1715d5086f701b043142e25e5fccbcdca86d82e416d8d1c2e44dfed,{}
2026-09-02,10:00,options,USD.CNY,10D BF,1D,implied_vol_ask,0.15,pct,https://www.chinamoney.com.cn/chinese/bkcurvfqq/,2026-09-02T13:43:22+00:00,ab4b7b4da1715d5086f701b043142e25e5fccbcdca86d82e416d8d1c2e44dfed,{}
2026-09-02,10:00,options,USD.CNY,10D BF,1D,implied_vol_bid,0.15,pct,https://www.chinamoney.com.cn/chinese/bkcurvfqq/,2026-09-02T13:43:22+00:00,ab4b7b4da1715d5086f701b043142e25e5fccbcdca86d82e416d8d1c2e44dfed,{}
2026-09-02,10:00,options,USD.CNY,10D BF,1D,implied_vol_mid,0.15,pct,https://www.chinamoney.com.cn/chinese/bkcurvfqq/,2026-09-02T13:43:22+00:00,ab4b7b4da1715d5086f701b043142e25e5fccbcdca86d82e416d8d1c2e44dfed,{}
2026-09-02,10:00,options,USD.CNY,10D BF,1M,implied_vol_ask,0.1,pct,https://www.chinamoney.com.cn/chinese/bkcurvfqq/,2026-09-02T13:43:22+00:00,ab4b7b4da1715d5086f701b043142e25e5fccbcdca86d82e416d8d1c2e44dfed,{}
2026-09-02,10:00,options,USD.CNY,10D BF,1M,implied_vol_bid,0.1,pct,https://www.chinamoney.com.cn/chinese/bkcurvfqq/,2026-09-02T13:43:22+00:00,ab4b7b4da1715d5086f701b043142e25e5fccbcdca86d82e416d8d1c2e44dfed,{}
2026-09-02,10:00,options,USD.CNY,10D BF,1M,implied_vol_mid,0.1,pct,https://www.chinamoney.com.cn/chinese/bkcurvfqq/,2026-09-02T13:43:22+00:00,ab4b7b4da1715d5086f701b043142e25e5fccbcdca86d82e416d8d1c2e44dfed,{}
2026-09-02,10:00,options,USD.CNY,10D BF,1W,implied_vol_ask,0.1,pct,https://www.chinamoney.com.cn/chinese/bkcurvfqq/,2026-09-02T13:43:22+00:00,ab4b7b4da1715d5086f701b043142e25e5fccbcdca86d82e416d8d1c2e44dfed,{}
2026-09-02,10:00,options,USD.CNY,10D BF,1W,implied_vol_bid,0.1,pct,https://www.chinamoney.com.cn/chinese/bkcurvfqq/,2026-09-02T13:43:22+00:00,ab4b7b4da1715d5086f701b043142e25e5fccbcdca86d82e416d8d1c2e44dfed,{}
2026-09-02,10:00,options,USD.CNY,10D BF,1W,implied_vol_mid,0.1,pct,https://www.chinamoney.com.cn/chinese/bkcurvfqq/,2026-09-02T13:43:22+00:00,ab4b7b4da1715d5086f701b043142e25e5fccbcdca86d82e416d8d1c2e44dfed,{}
2026-09-02,10:00,options,USD.CNY,10D BF,1Y,implied_vol_ask,0.76,pct,https://www.chinamoney.com.cn/chinese/bkcurvfqq/,2026-09-02T13:43:22+00:00,ab4b7b4da1715d5086f701b043142e25e5fccbcdca86d82e416d8d1c2e44dfed,{}
2026-09-02,10:00,options,USD.CNY,10D BF,1Y,implied_vol_bid,0.3,pct,https://www.chinamoney.com.cn/chinese/bkcurvfqq/,2026-09-02T13:43:22+00:00,ab4b7b4da1715d5086f701b043142e25e5fccbcdca86d82e416d8d1c2e44dfed,{}
2026-09-02,10:00,options,USD.CNY,10D BF,1Y,implied_vol_mid,0.53,pct,https://www.chinamoney.com.cn/chinese/bkcurvfqq/,2026-09-02T13:43:22+00:00,ab4b7b4da1715d5086f701b043142e25e5fccbcdca86d82e416d8d1c2e44dfed,{}
2026-09-02,10:00,options,USD.CNY,10D BF,2M,implied_vol_ask,0.22,pct,https://www.chinamoney.com.cn/chinese/bkcurvfqq/,2026-09-02T13:43:22+00:00,ab4b7b4da1715d5086f701b043142e25e5fccbcdca86d82e416d8d1c2e44dfed,{}
2026-09-02,10:00,options,USD.CNY,10D BF,2M,implied_vol_bid,0.22,pct,https://www.chinamoney.com.cn/chinese/bkcurvfqq/,2026-09-02T13:43:22+00:00,ab4b7b4da1715d5086f701b043142e25e5fccbcdca86d82e416d8d1c2e44dfed,{}
2026-09-02,10:00,options,USD.CNY,10D BF,2M,implied_vol_mid,0.22,pct,https://www.chinamoney.com.cn/chinese/bkcurvfqq/,2026-09-02T13:43:22+00:00,ab4b7b4da1715d5086f701b043142e25e5fccbcdca86d82e416d8d1c2e44dfed,{}
2026-09-02,10:00,options,USD.CNY,10D BF,2W,implied_vol_ask,0.1,pct,https://www.chinamoney.com.cn/chinese/bkcurvfqq/,2026-09-02T13:43:22+00:00,ab4b7b4da1715d5086f701b043142e25e5fccbcdca86d82e416d8d1c2e44dfed,{}
2026-09-02,10:00,options,USD.CNY,10D BF,2W,implied_vol_bid,0.1,pct,https://www.chinamoney.com.cn/chinese/bkcurvfqq/,2026-09-02T13:43:22+00:00,ab4b7b4da1715d5086f701b043142e25e5fccbcdca86d82e416d8d1c2e44dfed,{}
2026-09-02,10:00,options,USD.CNY,10D BF,2W,implied_vol_mid,0.1,pct,https://www.chinamoney.com.cn/chinese/bkcurvfqq/,2026-09-02T13:43:22+00:00,ab4b7b4da1715d5086f701b043142e25e5fccbcdca86d82e416d8d1c2e44dfed,{}
2026-09-02,10:00,options,USD.CNY,10D BF,2Y,implied_vol_ask,0.75,pct,https://www.chinamoney.com.cn/chinese/bkcurvfqq/,2026-09-02T13:43:22+00:00,ab4b7b4da1715d5086f701b043142e25e5fccbcdca86d82e416d8d1c2e44dfed,{}
2026-09-02,10:00,options,USD.CNY,10D BF,2Y,implied_vol_bid,0.35,pct,https://www.chinamoney.com.cn/chinese/bkcurvfqq/,2026-09-02T13:43:22+00:00,ab4b7b4da1715d5086f701b043142e25e5fccbcdca86d82e416d8d1c2e44dfed,{}
2026-09-02,10:00,options,USD.CNY,10D BF,2Y,implied_vol_mid,0.55,pct,https://www.chinamoney.com.cn/chinese/bkcurvfqq/,2026-09-02T13:43:22+00:00,ab4b7b4da1715d5086f701b043142e25e5fccbcdca86d82e416d8d1c2e44dfed,{}
2026-09-02,10:00,options,USD.CNY,10D BF,3M,implied_vol_ask,0.325,pct,https://www.chinamoney.com.cn/chinese/bkcurvfqq/,2026-09-02T13:43:22+00:00,ab4b7b4da1715d5086f701b043142e25e5fccbcdca86d82e416d8d1c2e44dfed,{}
2026-09-02,10:00,options,USD.CNY,10D BF,3M,implied_vol_bid,0.325,pct,https://www.chinamoney.com.cn/chinese/bkcurvfqq/,2026-09-02T13:43:22+00:00,ab4b7b4da1715d5086f701b043142e25e5fccbcdca86d82e416d8d1c2e44dfed,{}
2026-09-02,10:00,options,USD.CNY,10D BF,3M,implied_vol_mid,0.325,pct,https://www.chinamoney.com.cn/chinese/bkcurvfqq/,2026-09-02T13:43:22+00:00,ab4b7b4da1715d5086f701b043142e25e5fccbcdca86d82e416d8d1c2e44dfed,{}
2026-09-02,10:00,options,USD.CNY,10D BF,3W,implied_vol_ask,0.1,pct,https://www.chinamoney.com.cn/chinese/bkcurvfqq/,2026-09-02T13:43:22+00:00,ab4b7b4da1715d5086f701b043142e25e5fccbcdca86d82e416d8d1c2e44dfed,{}
2026-09-02,10:00,options,USD.CNY,10D BF,3W,implied_vol_bid,0.1,pct,https://www.chinamoney.com.cn/chinese/bkcurvfqq/,2026-09-02T13:43:22+00:00,ab4b7b4da1715d5086f701b043142e25e5fccbcdca86d82e416d8d1c2e44dfed,{}
2026-09-02,10:00,options,USD.CNY,10D BF,3W,implied_vol_mid,0.1,pct,https://www.chinamoney.com.cn/chinese/bkcurvfqq/,2026-09-02T13:43:22+00:00,ab4b7b4da1715d5086f701b043142e25e5fccbcdca86d82e416d8d1c2e44dfed,{}
2026-09-02,10:00,options,USD.CNY,10D BF,3Y,implied_vol_ask,0.8,pct,https://www.chinamoney.com.cn/chinese/bkcurvfqq/,2026-09-02T13:43:22+00:00,ab4b7b4da1715d5086f701b043142e25e5fccbcdca86d82e416d8d1c2e44dfed,{}
2026-09-02,10:00,options,USD.CNY,10D BF,3Y,implied_vol_bid,0.4,pct,https://www.chinamoney.com.cn/chinese/bkcurvfqq/,2026-09-02T13:43:22+00:00,ab4b7b4da1715d5086f701b043142e25e5fccbcdca86d82e416d8d1c2e44dfed,{}
2026-09-02,10:00,options,USD.CNY,10D BF,3Y,implied_vol_mid,0.6,pct,https://www.chinamoney.com.cn/chinese/bkcurvfqq/,2026-09-02T13:43:22+00:00,ab4b7b4da1715d5086f701b043142e25e5fccbcdca86d82e416d8d1c2e44dfed,{}
2026-09-02,10:00,options,USD.CNY,10D BF,6M,implied_vol_ask,0.435,pct,https://www.chinamoney.com.cn/chinese/bkcurvfqq/,2026-09-02T13:43:22+00:00,ab4b7b4da1715d5086f701b043142e25e5fccbcdca86d82e416d8d1c2e44dfed,{}
2026-09-02,10:00,options,USD.CNY,10D BF,6M,implied_vol_bid,0.435,pct,https://www.chinamoney.com.cn/chinese/bkcurvfqq/,2026-09-02T13:43:22+00:00,ab4b7b4da1715d5086f701b043142e25e5fccbcdca86d82e416d8d1c2e44dfed,{}
2026-09-02,10:00,options,USD.CNY,10D BF,6M,implied_vol_mid,0.435,pct,https://www.chinamoney.com.cn/chinese/bkcurvfqq/,2026-09-02T13:43:22+00:00,ab4b7b4da1715d5086f701b043142e25e5fccbcdca86d82e416d8d1c2e44dfed,{}
2026-09-02,10:00,options,USD.CNY,10D BF,9M,implied_vol_ask,0.73,pct,https://www.chinamoney.com.cn/chinese/bkcurvfqq/,2026-09-02T13:43:22+00:00,ab4b7b4da1715d5086f701b043142e25e5fccbcdca86d82e416d8d1c2e44dfed,{}
2026-09-02,10:00,options,USD.CNY,10D BF,9M,implied_vol_bid,0.24,pct,https://www.chinamoney.com.cn/chinese/bkcurvfqq/,2026-09-02T13:43:22+00:00,ab4b7b4da1715d5086f701b043142e25e5fccbcdca86d82e416d8d1c2e44dfed,{}
2026-09-02,10:00,options,USD.CNY,10D BF,9M,implied_vol_mid,0.485,pct,https://www.chinamoney.com.cn/chinese/bkcurvfqq/,2026-09-02T13:43:22+00:00,ab4b7b4da1715d5086f701b043142e25e5fccbcdca86d82e416d8d1c2e44dfed,{}
2026-09-02,10:00,options,USD.CNY,25D BF,18M,implied_vol_ask,0.28,pct,https://www.chinamoney.com.cn/chinese/bkcurvfqq/,2026-09-02T13:43:22+00:00,389c572508ace9e152f0728ba5ee061f982ee828bc2b2b05d28cc8525295bc3c,{}
2026-09-02,10:00,options,USD.CNY,25D BF,18M,implied_vol_bid,0.1,pct,https://www.chinamoney.com.cn/chinese/bkcurvfqq/,2026-09-02T13:43:22+00:00,389c572508ace9e152f0728ba5ee061f982ee828bc2b2b05d28cc8525295bc3c,{}
2026-09-02,10:00,options,USD.CNY,25D BF,18M,implied_vol_mid,0.19,pct,https://www.chinamoney.com.cn/chinese/bkcurvfqq/,2026-09-02T13:43:22+00:00,389c572508ace9e152f0728ba5ee061f982ee828bc2b2b05d28cc8525295bc3c,{}
2026-09-02,10:00,options,USD.CNY,25D BF,1D,implied_vol_ask,0.1,pct,https://www.chinamoney.com.cn/chinese/bkcurvfqq/,2026-09-02T13:43:22+00:00,389c572508ace9e152f0728ba5ee061f982ee828bc2b2b05d28cc8525295bc3c,{}
2026-09-02,10:00,options,USD.CNY,25D BF,1D,implied_vol_bid,0.1,pct,https://www.chinamoney.com.cn/chinese/bkcurvfqq/,2026-09-02T13:43:22+00:00,389c572508ace9e152f0728ba5ee061f982ee828bc2b2b05d28cc8525295bc3c,{}
2026-09-02,10:00,options,USD.CNY,25D BF,1D,implied_vol_mid,0.1,pct,https://www.chinamoney.com.cn/chinese/bkcurvfqq/,2026-09-02T13:43:22+00:00,389c572508ace9e152f0728ba5ee061f982ee828bc2b2b05d28cc8525295bc3c,{}
2026-09-02,10:00,options,USD.CNY,25D BF,1M,implied_vol_ask,0.0675,pct,https://www.chinamoney.com.cn/chinese/bkcurvfqq/,2026-09-02T13:43:22+00:00,389c572508ace9e152f0728ba5ee061f982ee828bc2b2b05d28cc8525295bc3c,{}
2026-09-02,10:00,options,USD.CNY,25D BF,1M,implied_vol_bid,0.0675,pct,https://www.chinamoney.com.cn/chinese/bkcurvfqq/,2026-09-02T13:43:22+00:00,389c572508ace9e152f0728ba5ee061f982ee828bc2b2b05d28cc8525295bc3c,{}
2026-09-02,10:00,options,USD.CNY,25D BF,1M,implied_vol_mid,0.0675,pct,https://www.chinamoney.com.cn/chinese/bkcurvfqq/,2026-09-02T13:43:22+00:00,389c572508ace9e152f0728ba5ee061f982ee828bc2b2b05d28cc8525295bc3c,{}
2026-09-02,10:00,options,USD.CNY,25D BF,1W,implied_vol_ask,0.0706,pct,https://www.chinamoney.com.cn/chinese/bkcurvfqq/,2026-09-02T13:43:22+00:00,389c572508ace9e152f0728ba5ee061f982ee828bc2b2b05d28cc8525295bc3c,{}
2026-09-02,10:00,options,USD.CNY,25D BF,1W,implied_vol_bid,0.0706,pct,https://www.chinamoney.com.cn/chinese/bkcurvfqq/,2026-09-02T13:43:22+00:00,389c572508ace9e152f0728ba5ee061f982ee828bc2b2b05d28cc8525295bc3c,{}
2026-09-02,10:00,options,USD.CNY,25D BF,1W,implied_vol_mid,0.0706,pct,https://www.chinamoney.com.cn/chinese/bkcurvfqq/,2026-09-02T13:43:22+00:00,389c572508ace9e152f0728ba5ee061f982ee828bc2b2b05d28cc8525295bc3c,{}
2026-09-02,10:00,options,USD.CNY,25D BF,1Y,implied_vol_ask,0.28,pct,https://www.chinamoney.com.cn/chinese/bkcurvfqq/,2026-09-02T13:43:22+00:00,389c572508ace9e152f0728ba5ee061f982ee828bc2b2b05d28cc8525295bc3c,{}
2026-09-02,10:00,options,USD.CNY,25D BF,1Y,implied_vol_bid,0.07,pct,https://www.chinamoney.com.cn/chinese/bkcurvfqq/,2026-09-02T13:43:22+00:00,389c572508ace9e152f0728ba5ee061f982ee828bc2b2b05d28cc8525295bc3c,{}
2026-09-02,10:00,options,USD.CNY,25D BF,1Y,implied_vol_mid,0.175,pct,https://www.chinamoney.com.cn/chinese/bkcurvfqq/,2026-09-02T13:43:22+00:00,389c572508ace9e152f0728ba5ee061f982ee828bc2b2b05d28cc8525295bc3c,{}
2026-09-02,10:00,options,USD.CNY,25D BF,2M,implied_vol_ask,0.085,pct,https://www.chinamoney.com.cn/chinese/bkcurvfqq/,2026-09-02T13:43:22+00:00,389c572508ace9e152f0728ba5ee061f982ee828bc2b2b05d28cc8525295bc3c,{}
2026-09-02,10:00,options,USD.CNY,25D BF,2M,implied_vol_bid,0.085,pct,https://www.chinamoney.com.cn/chinese/bkcurvfqq/,2026-09-02T13:43:22+00:00,389c572508ace9e152f0728ba5ee061f982ee828bc2b2b05d28cc8525295bc3c,{}
2026-09-02,10:00,options,USD.CNY,25D BF,2M,implied_vol_mid,0.085,pct,https://www.chinamoney.com.cn/chinese/bkcurvfqq/,2026-09-02T13:43:22+00:00,389c572508ace9e152f0728ba5ee061f982ee828bc2b2b05d28cc8525295bc3c,{}
2026-09-02,10:00,options,USD.CNY,25D BF,2W,implied_vol_ask,0.0675,pct,https://www.chinamoney.com.cn/chinese/bkcurvfqq/,2026-09-02T13:43:22+00:00,389c572508ace9e152f0728ba5ee061f982ee828bc2b2b05d28cc8525295bc3c,{}
2026-09-02,10:00,options,USD.CNY,25D BF,2W,implied_vol_bid,0.0675,pct,https://www.chinamoney.com.cn/chinese/bkcurvfqq/,2026-09-02T13:43:22+00:00,389c572508ace9e152f0728ba5ee061f982ee828bc2b2b05d28cc8525295bc3c,{}
2026-09-02,10:00,options,USD.CNY,25D BF,2W,implied_vol_mid,0.0675,pct,https://www.chinamoney.com.cn/chinese/bkcurvfqq/,2026-09-02T13:43:22+00:00,389c572508ace9e152f0728ba5ee061f982ee828bc2b2b05d28cc8525295bc3c,{}
2026-09-02,10:00,options,USD.CNY,25D BF,2Y,implied_vol_ask,0.32,pct,https://www.chinamoney.com.cn/chinese/bkcurvfqq/,2026-09-02T13:43:22+00:00,389c572508ace9e152f0728ba5ee061f982ee828bc2b2b05d28cc8525295bc3c,{}
2026-09-02,10:00,options,USD.CNY,25D BF,2Y,implied_vol_bid,0.1,pct,https://www.chinamoney.com.cn/chinese/bkcurvfqq/,2026-09-02T13:43:22+00:00,389c572508ace9e152f0728ba5ee061f982ee828bc2b2b05d28cc8525295bc3c,{}
2026-09-02,10:00,options,USD.CNY,25D BF,2Y,implied_vol_mid,0.21,pct,https://www.chinamoney.com.cn/chinese/bkcurvfqq/,2026-09-02T13:43:22+00:00,389c572508ace9e152f0728ba5ee061f982ee828bc2b2b05d28cc8525295bc3c,{}
2026-09-02,10:00,options,USD.CNY,25D BF,3M,implied_vol_ask,0.09,pct,https://www.chinamoney.com.cn/chinese/bkcurvfqq/,2026-09-02T13:43:22+00:00,389c572508ace9e152f0728ba5ee061f982ee828bc2b2b05d28cc8525295bc3c,{}
2026-09-02,10:00,options,USD.CNY,25D BF,3M,implied_vol_bid,0.09,pct,https://www.chinamoney.com.cn/chinese/bkcurvfqq/,2026-09-02T13:43:22+00:00,389c572508ace9e152f0728ba5ee061f982ee828bc2b2b05d28cc8525295bc3c,{}
2026-09-02,10:00,options,USD.CNY,25D BF,3M,implied_vol_mid,0.09,pct,https://www.chinamoney.com.cn/chinese/bkcurvfqq/,2026-09-02T13:43:22+00:00,389c572508ace9e152f0728ba5ee061f982ee828bc2b2b05d28cc8525295bc3c,{}
2026-09-02,10:00,options,USD.CNY,25D BF,3W,implied_vol_ask,0.0675,pct,https://www.chinamoney.com.cn/chinese/bkcurvfqq/,2026-09-02T13:43:22+00:00,389c572508ace9e152f0728ba5ee061f982ee828bc2b2b05d28cc8525295bc3c,{}
2026-09-02,10:00,options,USD.CNY,25D BF,3W,implied_vol_bid,0.0675,pct,https://www.chinamoney.com.cn/chinese/bkcurvfqq/,2026-09-02T13:43:22+00:00,389c572508ace9e152f0728ba5ee061f982ee828bc2b2b05d28cc8525295bc3c,{}
2026-09-02,10:00,options,USD.CNY,25D BF,3W,implied_vol_mid,0.0675,pct,https://www.chinamoney.com.cn/chinese/bkcurvfqq/,2026-09-02T13:43:22+00:00,389c572508ace9e152f0728ba5ee061f982ee828bc2b2b05d28cc8525295bc3c,{}
2026-09-02,10:00,options,USD.CNY,25D BF,3Y,implied_vol_ask,0.35,pct,https://www.chinamoney.com.cn/chinese/bkcurvfqq/,2026-09-02T13:43:22+00:00,389c572508ace9e152f0728ba5ee061f982ee828bc2b2b05d28cc8525295bc3c,{}
2026-09-02,10:00,options,USD.CNY,25D BF,3Y,implied_vol_bid,0.1,pct,https://www.chinamoney.com.cn/chinese/bkcurvfqq/,2026-09-02T13:43:22+00:00,389c572508ace9e152f0728ba5ee061f982ee828bc2b2b05d28cc8525295bc3c,{}
2026-09-02,10:00,options,USD.CNY,25D BF,3Y,implied_vol_mid,0.225,pct,https://www.chinamoney.com.cn/chinese/bkcurvfqq/,2026-09-02T13:43:22+00:00,389c572508ace9e152f0728ba5ee061f982ee828bc2b2b05d28cc8525295bc3c,{}
2026-09-02,10:00,options,USD.CNY,25D BF,6M,implied_vol_ask,0.135,pct,https://www.chinamoney.com.cn/chinese/bkcurvfqq/,2026-09-02T13:43:22+00:00,389c572508ace9e152f0728ba5ee061f982ee828bc2b2b05d28cc8525295bc3c,{}
2026-09-02,10:00,options,USD.CNY,25D BF,6M,implied_vol_bid,0.135,pct,https://www.chinamoney.com.cn/chinese/bkcurvfqq/,2026-09-02T13:43:22+00:00,389c572508ace9e152f0728ba5ee061f982ee828bc2b2b05d28cc8525295bc3c,{}
2026-09-02,10:00,options,USD.CNY,25D BF,6M,implied_vol_mid,0.135,pct,https://www.chinamoney.com.cn/chinese/bkcurvfqq/,2026-09-02T13:43:22+00:00,389c572508ace9e152f0728ba5ee061f982ee828bc2b2b05d28cc8525295bc3c,{}
2026-09-02,10:00,options,USD.CNY,25D BF,9M,implied_vol_ask,0.26,pct,https://www.chinamoney.com.cn/chinese/bkcurvfqq/,2026-09-02T13:43:22+00:00,389c572508ace9e152f0728ba5ee061f982ee828bc2b2b05d28cc8525295bc3c,{}
2026-09-02,10:00,options,USD.CNY,25D BF,9M,implied_vol_bid,0.07,pct,https://www.chinamoney.com.cn/chinese/bkcurvfqq/,2026-09-02T13:43:22+00:00,389c572508ace9e152f0728ba5ee061f982ee828bc2b2b05d28cc8525295bc3c,{}
2026-09-02,10:00,options,USD.CNY,25D BF,9M,implied_vol_mid,0.165,pct,https://www.chinamoney.com.cn/chinese/bkcurvfqq/,2026-09-02T13:43:22+00:00,389c572508ace9e152f0728ba5ee061f982ee828bc2b2b05d28cc8525295bc3c,{}
2026-09-02,10:00,options,USD.CNY,25D RR,18M,implied_vol_ask,0.5,pct,https://www.chinamoney.com.cn/chinese/bkcurvfqq/,2026-09-02T13:43:22+00:00,87d63faaa4607e10d785070a8180e47295e72c24e38cb6c8bc1305da391e9af9,{}
2026-09-02,10:00,options,USD.CNY,25D RR,18M,implied_vol_bid,-0.5,pct,https://www.chinamoney.com.cn/chinese/bkcurvfqq/,2026-09-02T13:43:22+00:00,87d63faaa4607e10d785070a8180e47295e72c24e38cb6c8bc1305da391e9af9,{}
2026-09-02,10:00,options,USD.CNY,25D RR,18M,implied_vol_mid,0.0,pct,https://www.chinamoney.com.cn/chinese/bkcurvfqq/,2026-09-02T13:43:22+00:00,87d63faaa4607e10d785070a8180e47295e72c24e38cb6c8bc1305da391e9af9,{}
2026-09-02,10:00,options,USD.CNY,25D RR,1D,implied_vol_ask,0.0,pct,https://www.chinamoney.com.cn/chinese/bkcurvfqq/,2026-09-02T13:43:22+00:00,87d63faaa4607e10d785070a8180e47295e72c24e38cb6c8bc1305da391e9af9,{}
2026-09-02,10:00,options,USD.CNY,25D RR,1D,implied_vol_bid,0.0,pct,https://www.chinamoney.com.cn/chinese/bkcurvfqq/,2026-09-02T13:43:22+00:00,87d63faaa4607e10d785070a8180e47295e72c24e38cb6c8bc1305da391e9af9,{}
2026-09-02,10:00,options,USD.CNY,25D RR,1D,implied_vol_mid,0.0,pct,https://www.chinamoney.com.cn/chinese/bkcurvfqq/,2026-09-02T13:43:22+00:00,87d63faaa4607e10d785070a8180e47295e72c24e38cb6c8bc1305da391e9af9,{}
2026-09-02,10:00,options,USD.CNY,25D RR,1M,implied_vol_ask,0.0,pct,https://www.chinamoney.com.cn/chinese/bkcurvfqq/,2026-09-02T13:43:22+00:00,87d63faaa4607e10d785070a8180e47295e72c24e38cb6c8bc1305da391e9af9,{}
2026-09-02,10:00,options,USD.CNY,25D RR,1M,implied_vol_bid,0.0,pct,https://www.chinamoney.com.cn/chinese/bkcurvfqq/,2026-09-02T13:43:22+00:00,87d63faaa4607e10d785070a8180e47295e72c24e38cb6c8bc1305da391e9af9,{}
2026-09-02,10:00,options,USD.CNY,25D RR,1M,implied_vol_mid,0.0,pct,https://www.chinamoney.com.cn/chinese/bkcurvfqq/,2026-09-02T13:43:22+00:00,87d63faaa4607e10d785070a8180e47295e72c24e38cb6c8bc1305da391e9af9,{}
2026-09-02,10:00,options,USD.CNY,25D RR,1W,implied_vol_ask,0.0,pct,https://www.chinamoney.com.cn/chinese/bkcurvfqq/,2026-09-02T13:43:22+00:00,87d63faaa4607e10d785070a8180e47295e72c24e38cb6c8bc1305da391e9af9,{}
2026-09-02,10:00,options,USD.CNY,25D RR,1W,implied_vol_bid,0.0,pct,https://www.chinamoney.com.cn/chinese/bkcurvfqq/,2026-09-02T13:43:22+00:00,87d63faaa4607e10d785070a8180e47295e72c24e38cb6c8bc1305da391e9af9,{}
2026-09-02,10:00,options,USD.CNY,25D RR,1W,implied_vol_mid,0.0,pct,https://www.chinamoney.com.cn/chinese/bkcurvfqq/,2026-09-02T13:43:22+00:00,87d63faaa4607e10d785070a8180e47295e72c24e38cb6c8bc1305da391e9af9,{}
2026-09-02,10:00,options,USD.CNY,25D RR,1Y,implied_vol_ask,0.05,pct,https://www.chinamoney.com.cn/chinese/bkcurvfqq/,2026-09-02T13:43:22+00:00,87d63faaa4607e10d785070a8180e47295e72c24e38cb6c8bc1305da391e9af9,{}
2026-09-02,10:00,options,USD.CNY,25D RR,1Y,implied_vol_bid,0.0,pct,https://www.chinamoney.com.cn/chinese/bkcurvfqq/,2026-09-02T13:43:22+00:00,87d63faaa4607e10d785070a8180e47295e72c24e38cb6c8bc1305da391e9af9,{}
2026-09-02,10:00,options,USD.CNY,25D RR,1Y,implied_vol_mid,0.025,pct,https://www.chinamoney.com.cn/chinese/bkcurvfqq/,2026-09-02T13:43:22+00:00,87d63faaa4607e10d785070a8180e47295e72c24e38cb6c8bc1305da391e9af9,{}
2026-09-02,10:00,options,USD.CNY,25D RR,2M,implied_vol_ask,0.0,pct,https://www.chinamoney.com.cn/chinese/bkcurvfqq/,2026-09-02T13:43:22+00:00,87d63faaa4607e10d785070a8180e47295e72c24e38cb6c8bc1305da391e9af9,{}
2026-09-02,10:00,options,USD.CNY,25D RR,2M,implied_vol_bid,0.0,pct,https://www.chinamoney.com.cn/chinese/bkcurvfqq/,2026-09-02T13:43:22+00:00,87d63faaa4607e10d785070a8180e47295e72c24e38cb6c8bc1305da391e9af9,{}
2026-09-02,10:00,options,USD.CNY,25D RR,2M,implied_vol_mid,0.0,pct,https://www.chinamoney.com.cn/chinese/bkcurvfqq/,2026-09-02T13:43:22+00:00,87d63faaa4607e10d785070a8180e47295e72c24e38cb6c8bc1305da391e9af9,{}
2026-09-02,10:00,options,USD.CNY,25D RR,2W,implied_vol_ask,0.0,pct,https://www.chinamoney.com.cn/chinese/bkcurvfqq/,2026-09-02T13:43:22+00:00,87d63faaa4607e10d785070a8180e47295e72c24e38cb6c8bc1305da391e9af9,{}
2026-09-02,10:00,options,USD.CNY,25D RR,2W,implied_vol_bid,0.0,pct,https://www.chinamoney.com.cn/chinese/bkcurvfqq/,2026-09-02T13:43:22+00:00,87d63faaa4607e10d785070a8180e47295e72c24e38cb6c8bc1305da391e9af9,{}
2026-09-02,10:00,options,USD.CNY,25D RR,2W,implied_vol_mid,0.0,pct,https://www.chinamoney.com.cn/chinese/bkcurvfqq/,2026-09-02T13:43:22+00:00,87d63faaa4607e10d785070a8180e47295e72c24e38cb6c8bc1305da391e9af9,{}
2026-09-02,10:00,options,USD.CNY,25D RR,2Y,implied_vol_ask,0.5,pct,https://www.chinamoney.com.cn/chinese/bkcurvfqq/,2026-09-02T13:43:22+00:00,87d63faaa4607e10d785070a8180e47295e72c24e38cb6c8bc1305da391e9af9,{}
2026-09-02,10:00,options,USD.CNY,25D RR,2Y,implied_vol_bid,-0.5,pct,https://www.chinamoney.com.cn/chinese/bkcurvfqq/,2026-09-02T13:43:22+00:00,87d63faaa4607e10d785070a8180e47295e72c24e38cb6c8bc1305da391e9af9,{}
2026-09-02,10:00,options,USD.CNY,25D RR,2Y,implied_vol_mid,0.0,pct,https://www.chinamoney.com.cn/chinese/bkcurvfqq/,2026-09-02T13:43:22+00:00,87d63faaa4607e10d785070a8180e47295e72c24e38cb6c8bc1305da391e9af9,{}
2026-09-02,10:00,options,USD.CNY,25D RR,3M,implied_vol_ask,0.025,pct,https://www.chinamoney.com.cn/chinese/bkcurvfqq/,2026-09-02T13:43:22+00:00,87d63faaa4607e10d785070a8180e47295e72c24e38cb6c8bc1305da391e9af9,{}
2026-09-02,10:00,options,USD.CNY,25D RR,3M,implied_vol_bid,0.025,pct,https://www.chinamoney.com.cn/chinese/bkcurvfqq/,2026-09-02T13:43:22+00:00,87d63faaa4607e10d785070a8180e47295e72c24e38cb6c8bc1305da391e9af9,{}
2026-09-02,10:00,options,USD.CNY,25D RR,3M,implied_vol_mid,0.025,pct,https://www.chinamoney.com.cn/chinese/bkcurvfqq/,2026-09-02T13:43:22+00:00,87d63faaa4607e10d785070a8180e47295e72c24e38cb6c8bc1305da391e9af9,{}
2026-09-02,10:00,options,USD.CNY,25D RR,3W,implied_vol_ask,0.0,pct,https://www.chinamoney.com.cn/chinese/bkcurvfqq/,2026-09-02T13:43:22+00:00,87d63faaa4607e10d785070a8180e47295e72c24e38cb6c8bc1305da391e9af9,{}
2026-09-02,10:00,options,USD.CNY,25D RR,3W,implied_vol_bid,0.0,pct,https://www.chinamoney.com.cn/chinese/bkcurvfqq/,2026-09-02T13:43:22+00:00,87d63faaa4607e10d785070a8180e47295e72c24e38cb6c8bc1305da391e9af9,{}
2026-09-02,10:00,options,USD.CNY,25D RR,3W,implied_vol_mid,0.0,pct,https://www.chinamoney.com.cn/chinese/bkcurvfqq/,2026-09-02T13:43:22+00:00,87d63faaa4607e10d785070a8180e47295e72c24e38cb6c8bc1305da391e9af9,{}
2026-09-02,10:00,options,USD.CNY,25D RR,3Y,implied_vol_ask,0.5,pct,https://www.chinamoney.com.cn/chinese/bkcurvfqq/,2026-09-02T13:43:22+00:00,87d63faaa4607e10d785070a8180e47295e72c24e38cb6c8bc1305da391e9af9,{}
2026-09-02,10:00,options,USD.CNY,25D RR,3Y,implied_vol_bid,-0.5,pct,https://www.chinamoney.com.cn/chinese/bkcurvfqq/,2026-09-02T13:43:22+00:00,87d63faaa4607e10d785070a8180e47295e72c24e38cb6c8bc1305da391e9af9,{}
2026-09-02,10:00,options,USD.CNY,25D RR,3Y,implied_vol_mid,0.0,pct,https://www.chinamoney.com.cn/chinese/bkcurvfqq/,2026-09-02T13:43:22+00:00,87d63faaa4607e10d785070a8180e47295e72c24e38cb6c8bc1305da391e9af9,{}
2026-09-02,10:00,options,USD.CNY,25D RR,6M,implied_vol_ask,0.025,pct,https://www.chinamoney.com.cn/chinese/bkcurvfqq/,2026-09-02T13:43:22+00:00,87d63faaa4607e10d785070a8180e47295e72c24e38cb6c8bc1305da391e9af9,{}
2026-09-02,10:00,options,USD.CNY,25D RR,6M,implied_vol_bid,0.025,pct,https://www.chinamoney.com.cn/chinese/bkcurvfqq/,2026-09-02T13:43:22+00:00,87d63faaa4607e10d785070a8180e47295e72c24e38cb6c8bc1305da391e9af9,{}
2026-09-02,10:00,options,USD.CNY,25D RR,6M,implied_vol_mid,0.025,pct,https://www.chinamoney.com.cn/chinese/bkcurvfqq/,2026-09-02T13:43:22+00:00,87d63faaa4607e10d785070a8180e47295e72c24e38cb6c8bc1305da391e9af9,{}
2026-09-02,10:00,options,USD.CNY,25D RR,9M,implied_vol_ask,0.05,pct,https://www.chinamoney.com.cn/chinese/bkcurvfqq/,2026-09-02T13:43:22+00:00,87d63faaa4607e10d785070a8180e47295e72c24e38cb6c8bc1305da391e9af9,{}
2026-09-02,10:00,options,USD.CNY,25D RR,9M,implied_vol_bid,0.0,pct,https://www.chinamoney.com.cn/chinese/bkcurvfqq/,2026-09-02T13:43:22+00:00,87d63faaa4607e10d785070a8180e47295e72c24e38cb6c8bc1305da391e9af9,{}
2026-09-02,10:00,options,USD.CNY,25D RR,9M,implied_vol_mid,0.025,pct,https://www.chinamoney.com.cn/chinese/bkcurvfqq/,2026-09-02T13:43:22+00:00,87d63faaa4607e10d785070a8180e47295e72c24e38cb6c8bc1305da391e9af9,{}
2026-09-02,10:00,options,USD.CNY,ATM,18M,implied_vol_ask,3.4,pct,https://www.chinamoney.com.cn/chinese/bkcurvfqq/,2026-09-02T13:43:22+00:00,180cc561ffd1686c29e4b985d5cfae4c9f418efd54f3a28850925c4356de0d4e,{}
2026-09-02,10:00,options,USD.CNY,ATM,18M,implied_vol_bid,3.0,pct,https://www.chinamoney.com.cn/chinese/bkcurvfqq/,2026-09-02T13:43:22+00:00,180cc561ffd1686c29e4b985d5cfae4c9f418efd54f3a28850925c4356de0d4e,{}
2026-09-02,10:00,options,USD.CNY,ATM,18M,implied_vol_mid,3.2,pct,https://www.chinamoney.com.cn/chinese/bkcurvfqq/,2026-09-02T13:43:22+00:00,180cc561ffd1686c29e4b985d5cfae4c9f418efd54f3a28850925c4356de0d4e,{}
2026-09-02,10:00,options,USD.CNY,ATM,1D,implied_vol_ask,1.3,pct,https://www.chinamoney.com.cn/chinese/bkcurvfqq/,2026-09-02T13:43:22+00:00,180cc561ffd1686c29e4b985d5cfae4c9f418efd54f3a28850925c4356de0d4e,{}
2026-09-02,10:00,options,USD.CNY,ATM,1D,implied_vol_bid,1.3,pct,https://www.chinamoney.com.cn/chinese/bkcurvfqq/,2026-09-02T13:43:22+00:00,180cc561ffd1686c29e4b985d5cfae4c9f418efd54f3a28850925c4356de0d4e,{}
2026-09-02,10:00,options,USD.CNY,ATM,1D,implied_vol_mid,1.3,pct,https://www.chinamoney.com.cn/chinese/bkcurvfqq/,2026-09-02T13:43:22+00:00,180cc561ffd1686c29e4b985d5cfae4c9f418efd54f3a28850925c4356de0d4e,{}
2026-09-02,10:00,options,USD.CNY,ATM,1M,implied_vol_ask,1.5,pct,https://www.chinamoney.com.cn/chinese/bkcurvfqq/,2026-09-02T13:43:22+00:00,180cc561ffd1686c29e4b985d5cfae4c9f418efd54f3a28850925c4356de0d4e,{}
2026-09-02,10:00,options,USD.CNY,ATM,1M,implied_vol_bid,1.5,pct,https://www.chinamoney.com.cn/chinese/bkcurvfqq/,2026-09-02T13:43:22+00:00,180cc561ffd1686c29e4b985d5cfae4c9f418efd54f3a28850925c4356de0d4e,{}
2026-09-02,10:00,options,USD.CNY,ATM,1M,implied_vol_mid,1.5,pct,https://www.chinamoney.com.cn/chinese/bkcurvfqq/,2026-09-02T13:43:22+00:00,180cc561ffd1686c29e4b985d5cfae4c9f418efd54f3a28850925c4356de0d4e,{}
2026-09-02,10:00,options,USD.CNY,ATM,1W,implied_vol_ask,1.2818,pct,https://www.chinamoney.com.cn/chinese/bkcurvfqq/,2026-09-02T13:43:22+00:00,180cc561ffd1686c29e4b985d5cfae4c9f418efd54f3a28850925c4356de0d4e,{}
2026-09-02,10:00,options,USD.CNY,ATM,1W,implied_vol_bid,1.2818,pct,https://www.chinamoney.com.cn/chinese/bkcurvfqq/,2026-09-02T13:43:22+00:00,180cc561ffd1686c29e4b985d5cfae4c9f418efd54f3a28850925c4356de0d4e,{}
2026-09-02,10:00,options,USD.CNY,ATM,1W,implied_vol_mid,1.2818,pct,https://www.chinamoney.com.cn/chinese/bkcurvfqq/,2026-09-02T13:43:22+00:00,180cc561ffd1686c29e4b985d5cfae4c9f418efd54f3a28850925c4356de0d4e,{}
2026-09-02,10:00,options,USD.CNY,ATM,1Y,implied_vol_ask,3.035,pct,https://www.chinamoney.com.cn/chinese/bkcurvfqq/,2026-09-02T13:43:22+00:00,180cc561ffd1686c29e4b985d5cfae4c9f418efd54f3a28850925c4356de0d4e,{}
2026-09-02,10:00,options,USD.CNY,ATM,1Y,implied_vol_bid,3.03,pct,https://www.chinamoney.com.cn/chinese/bkcurvfqq/,2026-09-02T13:43:22+00:00,180cc561ffd1686c29e4b985d5cfae4c9f418efd54f3a28850925c4356de0d4e,{}
2026-09-02,10:00,options,USD.CNY,ATM,1Y,implied_vol_mid,3.0339,pct,https://www.chinamoney.com.cn/chinese/bkcurvfqq/,2026-09-02T13:43:22+00:00,180cc561ffd1686c29e4b985d5cfae4c9f418efd54f3a28850925c4356de0d4e,{}
2026-09-02,10:00,options,USD.CNY,ATM,2M,implied_vol_ask,1.7875,pct,https://www.chinamoney.com.cn/chinese/bkcurvfqq/,2026-09-02T13:43:22+00:00,180cc561ffd1686c29e4b985d5cfae4c9f418efd54f3a28850925c4356de0d4e,{}
2026-09-02,10:00,options,USD.CNY,ATM,2M,implied_vol_bid,1.7875,pct,https://www.chinamoney.com.cn/chinese/bkcurvfqq/,2026-09-02T13:43:22+00:00,180cc561ffd1686c29e4b985d5cfae4c9f418efd54f3a28850925c4356de0d4e,{}
2026-09-02,10:00,options,USD.CNY,ATM,2M,implied_vol_mid,1.7875,pct,https://www.chinamoney.com.cn/chinese/bkcurvfqq/,2026-09-02T13:43:22+00:00,180cc561ffd1686c29e4b985d5cfae4c9f418efd54f3a28850925c4356de0d4e,{}
2026-09-02,10:00,options,USD.CNY,ATM,2W,implied_vol_ask,1.323,pct,https://www.chinamoney.com.cn/chinese/bkcurvfqq/,2026-09-02T13:43:22+00:00,180cc561ffd1686c29e4b985d5cfae4c9f418efd54f3a28850925c4356de0d4e,{}
2026-09-02,10:00,options,USD.CNY,ATM,2W,implied_vol_bid,1.323,pct,https://www.chinamoney.com.cn/chinese/bkcurvfqq/,2026-09-02T13:43:22+00:00,180cc561ffd1686c29e4b985d5cfae4c9f418efd54f3a28850925c4356de0d4e,{}
2026-09-02,10:00,options,USD.CNY,ATM,2W,implied_vol_mid,1.323,pct,https://www.chinamoney.com.cn/chinese/bkcurvfqq/,2026-09-02T13:43:22+00:00,180cc561ffd1686c29e4b985d5cfae4c9f418efd54f3a28850925c4356de0d4e,{}
2026-09-02,10:00,options,USD.CNY,ATM,2Y,implied_vol_ask,3.6,pct,https://www.chinamoney.com.cn/chinese/bkcurvfqq/,2026-09-02T13:43:22+00:00,180cc561ffd1686c29e4b985d5cfae4c9f418efd54f3a28850925c4356de0d4e,{}
2026-09-02,10:00,options,USD.CNY,ATM,2Y,implied_vol_bid,3.15,pct,https://www.chinamoney.com.cn/chinese/bkcurvfqq/,2026-09-02T13:43:22+00:00,180cc561ffd1686c29e4b985d5cfae4c9f418efd54f3a28850925c4356de0d4e,{}
2026-09-02,10:00,options,USD.CNY,ATM,2Y,implied_vol_mid,3.375,pct,https://www.chinamoney.com.cn/chinese/bkcurvfqq/,2026-09-02T13:43:22+00:00,180cc561ffd1686c29e4b985d5cfae4c9f418efd54f3a28850925c4356de0d4e,{}
2026-09-02,10:00,options,USD.CNY,ATM,3M,implied_vol_ask,2.0375,pct,https://www.chinamoney.com.cn/chinese/bkcurvfqq/,2026-09-02T13:43:22+00:00,180cc561ffd1686c29e4b985d5cfae4c9f418efd54f3a28850925c4356de0d4e,{}
2026-09-02,10:00,options,USD.CNY,ATM,3M,implied_vol_bid,2.0375,pct,https://www.chinamoney.com.cn/chinese/bkcurvfqq/,2026-09-02T13:43:22+00:00,180cc561ffd1686c29e4b985d5cfae4c9f418efd54f3a28850925c4356de0d4e,{}
2026-09-02,10:00,options,USD.CNY,ATM,3M,implied_vol_mid,2.0375,pct,https://www.chinamoney.com.cn/chinese/bkcurvfqq/,2026-09-02T13:43:22+00:00,180cc561ffd1686c29e4b985d5cfae4c9f418efd54f3a28850925c4356de0d4e,{}
2026-09-02,10:00,options,USD.CNY,ATM,3W,implied_vol_ask,1.4,pct,https://www.chinamoney.com.cn/chinese/bkcurvfqq/,2026-09-02T13:43:22+00:00,180cc561ffd1686c29e4b985d5cfae4c9f418efd54f3a28850925c4356de0d4e,{}
2026-09-02,10:00,options,USD.CNY,ATM,3W,implied_vol_bid,1.4,pct,https://www.chinamoney.com.cn/chinese/bkcurvfqq/,2026-09-02T13:43:22+00:00,180cc561ffd1686c29e4b985d5cfae4c9f418efd54f3a28850925c4356de0d4e,{}
2026-09-02,10:00,options,USD.CNY,ATM,3W,implied_vol_mid,1.4,pct,https://www.chinamoney.com.cn/chinese/bkcurvfqq/,2026-09-02T13:43:22+00:00,180cc561ffd1686c29e4b985d5cfae4c9f418efd54f3a28850925c4356de0d4e,{}
2026-09-02,10:00,options,USD.CNY,ATM,3Y,implied_vol_ask,3.8,pct,https://www.chinamoney.com.cn/chinese/bkcurvfqq/,2026-09-02T13:43:22+00:00,180cc561ffd1686c29e4b985d5cfae4c9f418efd54f3a28850925c4356de0d4e,{}
2026-09-02,10:00,options,USD.CNY,ATM,3Y,implied_vol_bid,3.25,pct,https://www.chinamoney.com.cn/chinese/bkcurvfqq/,2026-09-02T13:43:22+00:00,180cc561ffd1686c29e4b985d5cfae4c9f418efd54f3a28850925c4356de0d4e,{}
2026-09-02,10:00,options,USD.CNY,ATM,3Y,implied_vol_mid,3.525,pct,https://www.chinamoney.com.cn/chinese/bkcurvfqq/,2026-09-02T13:43:22+00:00,180cc561ffd1686c29e4b985d5cfae4c9f418efd54f3a28850925c4356de0d4e,{}
2026-09-02,10:00,options,USD.CNY,ATM,6M,implied_vol_ask,2.5075,pct,https://www.chinamoney.com.cn/chinese/bkcurvfqq/,2026-09-02T13:43:22+00:00,180cc561ffd1686c29e4b985d5cfae4c9f418efd54f3a28850925c4356de0d4e,{}
2026-09-02,10:00,options,USD.CNY,ATM,6M,implied_vol_bid,2.5075,pct,https://www.chinamoney.com.cn/chinese/bkcurvfqq/,2026-09-02T13:43:22+00:00,180cc561ffd1686c29e4b985d5cfae4c9f418efd54f3a28850925c4356de0d4e,{}
2026-09-02,10:00,options,USD.CNY,ATM,6M,implied_vol_mid,2.5075,pct,https://www.chinamoney.com.cn/chinese/bkcurvfqq/,2026-09-02T13:43:22+00:00,180cc561ffd1686c29e4b985d5cfae4c9f418efd54f3a28850925c4356de0d4e,{}
2026-09-02,10:00,options,USD.CNY,ATM,9M,implied_vol_ask,2.85,pct,https://www.chinamoney.com.cn/chinese/bkcurvfqq/,2026-09-02T13:43:22+00:00,180cc561ffd1686c29e4b985d5cfae4c9f418efd54f3a28850925c4356de0d4e,{}
2026-09-02,10:00,options,USD.CNY,ATM,9M,implied_vol_bid,2.78,pct,https://www.chinamoney.com.cn/chinese/bkcurvfqq/,2026-09-02T13:43:22+00:00,180cc561ffd1686c29e4b985d5cfae4c9f418efd54f3a28850925c4356de0d4e,{}
2026-09-02,10:00,options,USD.CNY,ATM,9M,implied_vol_mid,2.815,pct,https://www.chinamoney.com.cn/chinese/bkcurvfqq/,2026-09-02T13:43:22+00:00,180cc561ffd1686c29e4b985d5cfae4c9f418efd54f3a28850925c4356de0d4e,{}
2026-09-02,14:00,reference_rate,USD/CNY,,,reference_rate_14,6.7216,rate,https://www.chinamoney.com.cn/ags/ms/cm-u-bk-fx/RefRateHis,2026-09-02T13:43:22+00:00,5f742b0727dd56c3247159c89ed5e0182fc3c96b849a02bfe577bf086bac4ca3,"{""14:00"": ""6.7216"", ""原始日期"": ""02 Sep 2026"", ""货币对"": ""USD/CNY""}"
2026-09-02,16:30,swaps,USD.CNY,,18M,forward_all_in,6.4405,rate,https://www.chinamoney.com.cn/chinese/bkcurvfsw/,2026-09-02T13:43:22+00:00,5bf051704e433e730e966fc45fb57e3f932f6468d16cdc9cd68346650318d76e,{}
2026-09-02,16:30,swaps,USD.CNY,,18M,swap_points,-2815.0,pips,https://www.chinamoney.com.cn/chinese/bkcurvfsw/,2026-09-02T13:43:22+00:00,5bf051704e433e730e966fc45fb57e3f932f6468d16cdc9cd68346650318d76e,{}
2026-09-02,16:30,swaps,USD.CNY,,1M,forward_all_in,6.7062,rate,https://www.chinamoney.com.cn/chinese/bkcurvfsw/,2026-09-02T13:43:22+00:00,5bf051704e433e730e966fc45fb57e3f932f6468d16cdc9cd68346650318d76e,{}
2026-09-02,16:30,swaps,USD.CNY,,1M,swap_points,-157.1,pips,https://www.chinamoney.com.cn/chinese/bkcurvfsw/,2026-09-02T13:43:22+00:00,5bf051704e433e730e966fc45fb57e3f932f6468d16cdc9cd68346650318d76e,{}
2026-09-02,16:30,swaps,USD.CNY,,1W,forward_all_in,6.7188,rate,https://www.chinamoney.com.cn/chinese/bkcurvfsw/,2026-09-02T13:43:22+00:00,5bf051704e433e730e966fc45fb57e3f932f6468d16cdc9cd68346650318d76e,{}
2026-09-02,16:30,swaps,USD.CNY,,1W,swap_points,-31.4,pips,https://www.chinamoney.com.cn/chinese/bkcurvfsw/,2026-09-02T13:43:22+00:00,5bf051704e433e730e966fc45fb57e3f932f6468d16cdc9cd68346650318d76e,{}
2026-09-02,16:30,swaps,USD.CNY,,1Y,forward_all_in,6.5354,rate,https://www.chinamoney.com.cn/chinese/bkcurvfsw/,2026-09-02T13:43:22+00:00,5bf051704e433e730e966fc45fb57e3f932f6468d16cdc9cd68346650318d76e,{}
2026-09-02,16:30,swaps,USD.CNY,,1Y,swap_points,-1866.0,pips,https://www.chinamoney.com.cn/chinese/bkcurvfsw/,2026-09-02T13:43:22+00:00,5bf051704e433e730e966fc45fb57e3f932f6468d16cdc9cd68346650318d76e,{}
2026-09-02,16:30,swaps,USD.CNY,,2M,forward_all_in,6.6934,rate,https://www.chinamoney.com.cn/chinese/bkcurvfsw/,2026-09-02T13:43:22+00:00,5bf051704e433e730e966fc45fb57e3f932f6468d16cdc9cd68346650318d76e,{}
2026-09-02,16:30,swaps,USD.CNY,,2M,swap_points,-286.0,pips,https://www.chinamoney.com.cn/chinese/bkcurvfsw/,2026-09-02T13:43:22+00:00,5bf051704e433e730e966fc45fb57e3f932f6468d16cdc9cd68346650318d76e,{}
2026-09-02,16:30,swaps,USD.CNY,,2W,forward_all_in,6.7157,rate,https://www.chinamoney.com.cn/chinese/bkcurvfsw/,2026-09-02T13:43:22+00:00,5bf051704e433e730e966fc45fb57e3f932f6468d16cdc9cd68346650318d76e,{}
2026-09-02,16:30,swaps,USD.CNY,,2W,swap_points,-62.7,pips,https://www.chinamoney.com.cn/chinese/bkcurvfsw/,2026-09-02T13:43:22+00:00,5bf051704e433e730e966fc45fb57e3f932f6468d16cdc9cd68346650318d76e,{}
2026-09-02,16:30,swaps,USD.CNY,,2Y,forward_all_in,6.346,rate,https://www.chinamoney.com.cn/chinese/bkcurvfsw/,2026-09-02T13:43:22+00:00,5bf051704e433e730e966fc45fb57e3f932f6468d16cdc9cd68346650318d76e,{}
2026-09-02,16:30,swaps,USD.CNY,,2Y,swap_points,-3760.0,pips,https://www.chinamoney.com.cn/chinese/bkcurvfsw/,2026-09-02T13:43:22+00:00,5bf051704e433e730e966fc45fb57e3f932f6468d16cdc9cd68346650318d76e,{}
2026-09-02,16:30,swaps,USD.CNY,,3M,forward_all_in,6.6791,rate,https://www.chinamoney.com.cn/chinese/bkcurvfsw/,2026-09-02T13:43:22+00:00,5bf051704e433e730e966fc45fb57e3f932f6468d16cdc9cd68346650318d76e,{}
2026-09-02,16:30,swaps,USD.CNY,,3M,swap_points,-428.5,pips,https://www.chinamoney.com.cn/chinese/bkcurvfsw/,2026-09-02T13:43:22+00:00,5bf051704e433e730e966fc45fb57e3f932f6468d16cdc9cd68346650318d76e,{}
2026-09-02,16:30,swaps,USD.CNY,,3W,forward_all_in,6.7111,rate,https://www.chinamoney.com.cn/chinese/bkcurvfsw/,2026-09-02T13:43:22+00:00,5bf051704e433e730e966fc45fb57e3f932f6468d16cdc9cd68346650318d76e,{}
2026-09-02,16:30,swaps,USD.CNY,,3W,swap_points,-109.0,pips,https://www.chinamoney.com.cn/chinese/bkcurvfsw/,2026-09-02T13:43:22+00:00,5bf051704e433e730e966fc45fb57e3f932f6468d16cdc9cd68346650318d76e,{}
2026-09-02,16:30,swaps,USD.CNY,,3Y,forward_all_in,6.1675,rate,https://www.chinamoney.com.cn/chinese/bkcurvfsw/,2026-09-02T13:43:22+00:00,5bf051704e433e730e966fc45fb57e3f932f6468d16cdc9cd68346650318d76e,{}
2026-09-02,16:30,swaps,USD.CNY,,3Y,swap_points,-5545.0,pips,https://www.chinamoney.com.cn/chinese/bkcurvfsw/,2026-09-02T13:43:22+00:00,5bf051704e433e730e966fc45fb57e3f932f6468d16cdc9cd68346650318d76e,{}
2026-09-02,16:30,swaps,USD.CNY,,4M,forward_all_in,6.6635,rate,https://www.chinamoney.com.cn/chinese/bkcurvfsw/,2026-09-02T13:43:22+00:00,5bf051704e433e730e966fc45fb57e3f932f6468d16cdc9cd68346650318d76e,{}
2026-09-02,16:30,swaps,USD.CNY,,4M,swap_points,-585.0,pips,https://www.chinamoney.com.cn/chinese/bkcurvfsw/,2026-09-02T13:43:22+00:00,5bf051704e433e730e966fc45fb57e3f932f6468d16cdc9cd68346650318d76e,{}
2026-09-02,16:30,swaps,USD.CNY,,4Y,forward_all_in,5.987,rate,https://www.chinamoney.com.cn/chinese/bkcurvfsw/,2026-09-02T13:43:22+00:00,5bf051704e433e730e966fc45fb57e3f932f6468d16cdc9cd68346650318d76e,{}
2026-09-02,16:30,swaps,USD.CNY,,4Y,swap_points,-7350.0,pips,https://www.chinamoney.com.cn/chinese/bkcurvfsw/,2026-09-02T13:43:22+00:00,5bf051704e433e730e966fc45fb57e3f932f6468d16cdc9cd68346650318d76e,{}
2026-09-02,16:30,swaps,USD.CNY,,5M,forward_all_in,6.6481,rate,https://www.chinamoney.com.cn/chinese/bkcurvfsw/,2026-09-02T13:43:22+00:00,5bf051704e433e730e966fc45fb57e3f932f6468d16cdc9cd68346650318d76e,{}
2026-09-02,16:30,swaps,USD.CNY,,5M,swap_points,-738.5,pips,https://www.chinamoney.com.cn/chinese/bkcurvfsw/,2026-09-02T13:43:22+00:00,5bf051704e433e730e966fc45fb57e3f932f6468d16cdc9cd68346650318d76e,{}
2026-09-02,16:30,swaps,USD.CNY,,5Y,forward_all_in,5.812,rate,https://www.chinamoney.com.cn/chinese/bkcurvfsw/,2026-09-02T13:43:22+00:00,5bf051704e433e730e966fc45fb57e3f932f6468d16cdc9cd68346650318d76e,{}
2026-09-02,16:30,swaps,USD.CNY,,5Y,swap_points,-9100.0,pips,https://www.chinamoney.com.cn/chinese/bkcurvfsw/,2026-09-02T13:43:22+00:00,5bf051704e433e730e966fc45fb57e3f932f6468d16cdc9cd68346650318d76e,{}
2026-09-02,16:30,swaps,USD.CNY,,6M,forward_all_in,6.6339,rate,https://www.chinamoney.com.cn/chinese/bkcurvfsw/,2026-09-02T13:43:22+00:00,5bf051704e433e730e966fc45fb57e3f932f6468d16cdc9cd68346650318d76e,{}
2026-09-02,16:30,swaps,USD.CNY,,6M,swap_points,-881.0,pips,https://www.chinamoney.com.cn/chinese/bkcurvfsw/,2026-09-02T13:43:22+00:00,5bf051704e433e730e966fc45fb57e3f932f6468d16cdc9cd68346650318d76e,{}
2026-09-02,16:30,swaps,USD.CNY,,9M,forward_all_in,6.586,rate,https://www.chinamoney.com.cn/chinese/bkcurvfsw/,2026-09-02T13:43:22+00:00,5bf051704e433e730e966fc45fb57e3f932f6468d16cdc9cd68346650318d76e,{}
2026-09-02,16:30,swaps,USD.CNY,,9M,swap_points,-1360.0,pips,https://www.chinamoney.com.cn/chinese/bkcurvfsw/,2026-09-02T13:43:22+00:00,5bf051704e433e730e966fc45fb57e3f932f6468d16cdc9cd68346650318d76e,{}
2026-09-02,16:30,swaps,USD.CNY,,ON,forward_all_in,6.7228,rate,https://www.chinamoney.com.cn/chinese/bkcurvfsw/,2026-09-02T13:43:22+00:00,5bf051704e433e730e966fc45fb57e3f932f6468d16cdc9cd68346650318d76e,{}
2026-09-02,16:30,swaps,USD.CNY,,ON,swap_points,-4.3,pips,https://www.chinamoney.com.cn/chinese/bkcurvfsw/,2026-09-02T13:43:22+00:00,5bf051704e433e730e966fc45fb57e3f932f6468d16cdc9cd68346650318d76e,{}
2026-09-02,16:30,swaps,USD.CNY,,SN,forward_all_in,6.7202,rate,https://www.chinamoney.com.cn/chinese/bkcurvfsw/,2026-09-02T13:43:22+00:00,5bf051704e433e730e966fc45fb57e3f932f6468d16cdc9cd68346650318d76e,{}
2026-09-02,16:30,swaps,USD.CNY,,SN,swap_points,-17.75,pips,https://www.chinamoney.com.cn/chinese/bkcurvfsw/,2026-09-02T13:43:22+00:00,5bf051704e433e730e966fc45fb57e3f932f6468d16cdc9cd68346650318d76e,{}
2026-09-02,16:30,swaps,USD.CNY,,TN,forward_all_in,6.7224,rate,https://www.chinamoney.com.cn/chinese/bkcurvfsw/,2026-09-02T13:43:22+00:00,5bf051704e433e730e966fc45fb57e3f932f6468d16cdc9cd68346650318d76e,{}
2026-09-02,16:30,swaps,USD.CNY,,TN,swap_points,-4.4,pips,https://www.chinamoney.com.cn/chinese/bkcurvfsw/,2026-09-02T13:43:22+00:00,5bf051704e433e730e966fc45fb57e3f932f6468d16cdc9cd68346650318d76e,{}
2026-09-03,,implied_rates,USD,,18M,implied_usd_rate,4.2768,pct,https://www.chinamoney.com.cn/chinese/bkcurvuir/,2026-09-03T13:37:58+00:00,9b707743bde916efea804c8cf4cf283c037d390797e9d40dcef12fd09c3b05f0,"{""人民币利率(%)"": ""1.4628"", ""即期汇率"": ""6.7807"", ""期限"": ""18M"", ""远/掉期点(Pips)"": ""-2800.00"", ""隐含利率(%)"": ""4.2768""}"
2026-09-03,,implied_rates,USD,,1D,implied_usd_rate,3.7688,pct,https://www.chinamoney.com.cn/chinese/bkcurvuir/,2026-09-03T13:37:58+00:00,9b707743bde916efea804c8cf4cf283c037d390797e9d40dcef12fd09c3b05f0,"{""人民币利率(%)"": ""1.3949"", ""即期汇率"": ""6.7807"", ""期限"": ""1D"", ""远/掉期点(Pips)"": ""-4.41"", ""隐含利率(%)"": ""3.7688""}"
2026-09-03,,implied_rates,USD,,1M,implied_usd_rate,3.9328,pct,https://www.chinamoney.com.cn/chinese/bkcurvuir/,2026-09-03T13:37:58+00:00,9b707743bde916efea804c8cf4cf283c037d390797e9d40dcef12fd09c3b05f0,"{""人民币利率(%)"": ""1.4469"", ""即期汇率"": ""6.7807"", ""期限"": ""1M"", ""远/掉期点(Pips)"": ""-138.40"", ""隐含利率(%)"": ""3.9328""}"
2026-09-03,,implied_rates,USD,,1W,implied_usd_rate,3.8178,pct,https://www.chinamoney.com.cn/chinese/bkcurvuir/,2026-09-03T13:37:58+00:00,9b707743bde916efea804c8cf4cf283c037d390797e9d40dcef12fd09c3b05f0,"{""人民币利率(%)"": ""1.4149"", ""即期汇率"": ""6.7807"", ""期限"": ""1W"", ""远/掉期点(Pips)"": ""-31.24"", ""隐含利率(%)"": ""3.8178""}"
2026-09-03,,implied_rates,USD,,1Y,implied_usd_rate,4.2142,pct,https://www.chinamoney.com.cn/chinese/bkcurvuir/,2026-09-03T13:37:58+00:00,9b707743bde916efea804c8cf4cf283c037d390797e9d40dcef12fd09c3b05f0,"{""人民币利率(%)"": ""1.4631"", ""即期汇率"": ""6.7807"", ""期限"": ""1Y"", ""远/掉期点(Pips)"": ""-1840.00"", ""隐含利率(%)"": ""4.2142""}"
2026-09-03,,implied_rates,USD,,2M,implied_usd_rate,3.9642,pct,https://www.chinamoney.com.cn/chinese/bkcurvuir/,2026-09-03T13:37:58+00:00,9b707743bde916efea804c8cf4cf283c037d390797e9d40dcef12fd09c3b05f0,"{""人民币利率(%)"": ""1.4497"", ""即期汇率"": ""6.7807"", ""期限"": ""2M"", ""远/掉期点(Pips)"": ""-289.00"", ""隐含利率(%)"": ""3.9642""}"
2026-09-03,,implied_rates,USD,,2W,implied_usd_rate,3.8525,pct,https://www.chinamoney.com.cn/chinese/bkcurvuir/,2026-09-03T13:37:58+00:00,9b707743bde916efea804c8cf4cf283c037d390797e9d40dcef12fd09c3b05f0,"{""人民币利率(%)"": ""1.4329"", ""即期汇率"": ""6.7807"", ""期限"": ""2W"", ""远/掉期点(Pips)"": ""-62.90"", ""隐含利率(%)"": ""3.8525""}"
2026-09-03,,implied_rates,USD,,2Y,implied_usd_rate,4.288,pct,https://www.chinamoney.com.cn/chinese/bkcurvuir/,2026-09-03T13:37:58+00:00,9b707743bde916efea804c8cf4cf283c037d390797e9d40dcef12fd09c3b05f0,"{""人民币利率(%)"": ""1.4629"", ""即期汇率"": ""6.7807"", ""期限"": ""2Y"", ""远/掉期点(Pips)"": ""-3730.00"", ""隐含利率(%)"": ""4.2880""}"
2026-09-03,,implied_rates,USD,,3M,implied_usd_rate,3.9853,pct,https://www.chinamoney.com.cn/chinese/bkcurvuir/,2026-09-03T13:37:58+00:00,9b707743bde916efea804c8cf4cf283c037d390797e9d40dcef12fd09c3b05f0,"{""人民币利率(%)"": ""1.4515"", ""即期汇率"": ""6.7807"", ""期限"": ""3M"", ""远/掉期点(Pips)"": ""-427.00"", ""隐含利率(%)"": ""3.9853""}"
2026-09-03,,implied_rates,USD,,3W,implied_usd_rate,3.8924,pct,https://www.chinamoney.com.cn/chinese/bkcurvuir/,2026-09-03T13:37:58+00:00,9b707743bde916efea804c8cf4cf283c037d390797e9d40dcef12fd09c3b05f0,"{""人民币利率(%)"": ""1.4427"", ""即期汇率"": ""6.7807"", ""期限"": ""3W"", ""远/掉期点(Pips)"": ""-95.50"", ""隐含利率(%)"": ""3.8924""}"
2026-09-03,,implied_rates,USD,,3Y,implied_usd_rate,4.3066,pct,https://www.chinamoney.com.cn/chinese/bkcurvuir/,2026-09-03T13:37:58+00:00,9b707743bde916efea804c8cf4cf283c037d390797e9d40dcef12fd09c3b05f0,"{""人民币利率(%)"": ""1.4759"", ""即期汇率"": ""6.7807"", ""期限"": ""3Y"", ""远/掉期点(Pips)"": ""-5535.00"", ""隐含利率(%)"": ""4.3066""}"
2026-09-03,,implied_rates,USD,,6M,implied_usd_rate,4.0824,pct,https://www.chinamoney.com.cn/chinese/bkcurvuir/,2026-09-03T13:37:58+00:00,9b707743bde916efea804c8cf4cf283c037d390797e9d40dcef12fd09c3b05f0,"{""人民币利率(%)"": ""1.4602"", ""即期汇率"": ""6.7807"", ""期限"": ""6M"", ""远/掉期点(Pips)"": ""-876.00"", ""隐含利率(%)"": ""4.0824""}"
2026-09-03,,implied_rates,USD,,9M,implied_usd_rate,4.1557,pct,https://www.chinamoney.com.cn/chinese/bkcurvuir/,2026-09-03T13:37:58+00:00,9b707743bde916efea804c8cf4cf283c037d390797e9d40dcef12fd09c3b05f0,"{""人民币利率(%)"": ""1.4610"", ""即期汇率"": ""6.7807"", ""期限"": ""9M"", ""远/掉期点(Pips)"": ""-1353.00"", ""隐含利率(%)"": ""4.1557""}"
2026-09-03,09:15,fixing,USD/CNY,,,fixing,6.7807,rate,https://www.chinamoney.com.cn/chinese/bkccpr/,2026-09-03T13:37:58+00:00,5c16583dd4560456280c52c44d94356b4b4b1cbcc91f4ceafd7334b6c070c5cd,"{""中间价"": ""6.7807"", ""涨跌"": ""22.00"", ""货币对"": ""美元/人民币""}"
2026-09-03,10:00,options,USD.CNY,10D BF,18M,implied_vol_ask,0.75,pct,https://www.chinamoney.com.cn/chinese/bkcurvfqq/,2026-09-03T13:37:58+00:00,cad560fad915720928418d84b513878da4dbd823f8527ca223d576d7f3dd4b0d,{}
2026-09-03,10:00,options,USD.CNY,10D BF,18M,implied_vol_bid,0.35,pct,https://www.chinamoney.com.cn/chinese/bkcurvfqq/,2026-09-03T13:37:58+00:00,cad560fad915720928418d84b513878da4dbd823f8527ca223d576d7f3dd4b0d,{}
2026-09-03,10:00,options,USD.CNY,10D BF,18M,implied_vol_mid,0.55,pct,https://www.chinamoney.com.cn/chinese/bkcurvfqq/,2026-09-03T13:37:58+00:00,cad560fad915720928418d84b513878da4dbd823f8527ca223d576d7f3dd4b0d,{}
2026-09-03,10:00,options,USD.CNY,10D BF,1D,implied_vol_ask,0.15,pct,https://www.chinamoney.com.cn/chinese/bkcurvfqq/,2026-09-03T13:37:58+00:00,cad560fad915720928418d84b513878da4dbd823f8527ca223d576d7f3dd4b0d,{}
2026-09-03,10:00,options,USD.CNY,10D BF,1D,implied_vol_bid,0.15,pct,https://www.chinamoney.com.cn/chinese/bkcurvfqq/,2026-09-03T13:37:58+00:00,cad560fad915720928418d84b513878da4dbd823f8527ca223d576d7f3dd4b0d,{}
2026-09-03,10:00,options,USD.CNY,10D BF,1D,implied_vol_mid,0.15,pct,https://www.chinamoney.com.cn/chinese/bkcurvfqq/,2026-09-03T13:37:58+00:00,cad560fad915720928418d84b513878da4dbd823f8527ca223d576d7f3dd4b0d,{}
2026-09-03,10:00,options,USD.CNY,10D BF,1M,implied_vol_ask,0.1,pct,https://www.chinamoney.com.cn/chinese/bkcurvfqq/,2026-09-03T13:37:58+00:00,cad560fad915720928418d84b513878da4dbd823f8527ca223d576d7f3dd4b0d,{}
2026-09-03,10:00,options,USD.CNY,10D BF,1M,implied_vol_bid,0.1,pct,https://www.chinamoney.com.cn/chinese/bkcurvfqq/,2026-09-03T13:37:58+00:00,cad560fad915720928418d84b513878da4dbd823f8527ca223d576d7f3dd4b0d,{}
2026-09-03,10:00,options,USD.CNY,10D BF,1M,implied_vol_mid,0.1,pct,https://www.chinamoney.com.cn/chinese/bkcurvfqq/,2026-09-03T13:37:58+00:00,cad560fad915720928418d84b513878da4dbd823f8527ca223d576d7f3dd4b0d,{}
2026-09-03,10:00,options,USD.CNY,10D BF,1W,implied_vol_ask,0.1,pct,https://www.chinamoney.com.cn/chinese/bkcurvfqq/,2026-09-03T13:37:58+00:00,cad560fad915720928418d84b513878da4dbd823f8527ca223d576d7f3dd4b0d,{}
2026-09-03,10:00,options,USD.CNY,10D BF,1W,implied_vol_bid,0.1,pct,https://www.chinamoney.com.cn/chinese/bkcurvfqq/,2026-09-03T13:37:58+00:00,cad560fad915720928418d84b513878da4dbd823f8527ca223d576d7f3dd4b0d,{}
2026-09-03,10:00,options,USD.CNY,10D BF,1W,implied_vol_mid,0.1,pct,https://www.chinamoney.com.cn/chinese/bkcurvfqq/,2026-09-03T13:37:58+00:00,cad560fad915720928418d84b513878da4dbd823f8527ca223d576d7f3dd4b0d,{}
2026-09-03,10:00,options,USD.CNY,10D BF,1Y,implied_vol_ask,0.53,pct,https://www.chinamoney.com.cn/chinese/bkcurvfqq/,2026-09-03T13:37:58+00:00,cad560fad915720928418d84b513878da4dbd823f8527ca223d576d7f3dd4b0d,{}
2026-09-03,10:00,options,USD.CNY,10D BF,1Y,implied_vol_bid,0.53,pct,https://www.chinamoney.com.cn/chinese/bkcurvfqq/,2026-09-03T13:37:58+00:00,cad560fad915720928418d84b513878da4dbd823f8527ca223d576d7f3dd4b0d,{}
2026-09-03,10:00,options,USD.CNY,10D BF,1Y,implied_vol_mid,0.53,pct,https://www.chinamoney.com.cn/chinese/bkcurvfqq/,2026-09-03T13:37:58+00:00,cad560fad915720928418d84b513878da4dbd823f8527ca223d576d7f3dd4b0d,{}
2026-09-03,10:00,options,USD.CNY,10D BF,2M,implied_vol_ask,0.4,pct,https://www.chinamoney.com.cn/chinese/bkcurvfqq/,2026-09-03T13:37:58+00:00,cad560fad915720928418d84b513878da4dbd823f8527ca223d576d7f3dd4b0d,{}
2026-09-03,10:00,options,USD.CNY,10D BF,2M,implied_vol_bid,0.04,pct,https://www.chinamoney.com.cn/chinese/bkcurvfqq/,2026-09-03T13:37:58+00:00,cad560fad915720928418d84b513878da4dbd823f8527ca223d576d7f3dd4b0d,{}
2026-09-03,10:00,options,USD.CNY,10D BF,2M,implied_vol_mid,0.22,pct,https://www.chinamoney.com.cn/chinese/bkcurvfqq/,2026-09-03T13:37:58+00:00,cad560fad915720928418d84b513878da4dbd823f8527ca223d576d7f3dd4b0d,{}
2026-09-03,10:00,options,USD.CNY,10D BF,2W,implied_vol_ask,0.1,pct,https://www.chinamoney.com.cn/chinese/bkcurvfqq/,2026-09-03T13:37:58+00:00,cad560fad915720928418d84b513878da4dbd823f8527ca223d576d7f3dd4b0d,{}
2026-09-03,10:00,options,USD.CNY,10D BF,2W,implied_vol_bid,0.1,pct,https://www.chinamoney.com.cn/chinese/bkcurvfqq/,2026-09-03T13:37:58+00:00,cad560fad915720928418d84b513878da4dbd823f8527ca223d576d7f3dd4b0d,{}
2026-09-03,10:00,options,USD.CNY,10D BF,2W,implied_vol_mid,0.1,pct,https://www.chinamoney.com.cn/chinese/bkcurvfqq/,2026-09-03T13:37:58+00:00,cad560fad915720928418d84b513878da4dbd823f8527ca223d576d7f3dd4b0d,{}
2026-09-03,10:00,options,USD.CNY,10D BF,2Y,implied_vol_ask,0.75,pct,https://www.chinamoney.com.cn/chinese/bkcurvfqq/,2026-09-03T13:37:58+00:00,cad560fad915720928418d84b513878da4dbd823f8527ca223d576d7f3dd4b0d,{}
2026-09-03,10:00,options,USD.CNY,10D BF,2Y,implied_vol_bid,0.35,pct,https://www.chinamoney.com.cn/chinese/bkcurvfqq/,2026-09-03T13:37:58+00:00,cad560fad915720928418d84b513878da4dbd823f8527ca223d576d7f3dd4b0d,{}
2026-09-03,10:00,options,USD.CNY,10D BF,2Y,implied_vol_mid,0.55,pct,https://www.chinamoney.com.cn/chinese/bkcurvfqq/,2026-09-03T13:37:58+00:00,cad560fad915720928418d84b513878da4dbd823f8527ca223d576d7f3dd4b0d,{}
2026-09-03,10:00,options,USD.CNY,10D BF,3M,implied_vol_ask,0.325,pct,https://www.chinamoney.com.cn/chinese/bkcurvfqq/,2026-09-03T13:37:58+00:00,cad560fad915720928418d84b513878da4dbd823f8527ca223d576d7f3dd4b0d,{}
2026-09-03,10:00,options,USD.CNY,10D BF,3M,implied_vol_bid,0.325,pct,https://www.chinamoney.com.cn/chinese/bkcurvfqq/,2026-09-03T13:37:58+00:00,cad560fad915720928418d84b513878da4dbd823f8527ca223d576d7f3dd4b0d,{}
2026-09-03,10:00,options,USD.CNY,10D BF,3M,implied_vol_mid,0.325,pct,https://www.chinamoney.com.cn/chinese/bkcurvfqq/,2026-09-03T13:37:58+00:00,cad560fad915720928418d84b513878da4dbd823f8527ca223d576d7f3dd4b0d,{}
2026-09-03,10:00,options,USD.CNY,10D BF,3W,implied_vol_ask,0.1,pct,https://www.chinamoney.com.cn/chinese/bkcurvfqq/,2026-09-03T13:37:58+00:00,cad560fad915720928418d84b513878da4dbd823f8527ca223d576d7f3dd4b0d,{}
2026-09-03,10:00,options,USD.CNY,10D BF,3W,implied_vol_bid,0.1,pct,https://www.chinamoney.com.cn/chinese/bkcurvfqq/,2026-09-03T13:37:58+00:00,cad560fad915720928418d84b513878da4dbd823f8527ca223d576d7f3dd4b0d,{}
2026-09-03,10:00,options,USD.CNY,10D BF,3W,implied_vol_mid,0.1,pct,https://www.chinamoney.com.cn/chinese/bkcurvfqq/,2026-09-03T13:37:58+00:00,cad560fad915720928418d84b513878da4dbd823f8527ca223d576d7f3dd4b0d,{}
2026-09-03,10:00,options,USD.CNY,10D BF,3Y,implied_vol_ask,0.8,pct,https://www.chinamoney.com.cn/chinese/bkcurvfqq/,2026-09-03T13:37:58+00:00,cad560fad915720928418d84b513878da4dbd823f8527ca223d576d7f3dd4b0d,{}
2026-09-03,10:00,options,USD.CNY,10D BF,3Y,implied_vol_bid,0.4,pct,https://www.chinamoney.com.cn/chinese/bkcurvfqq/,2026-09-03T13:37:58+00:00,cad560fad915720928418d84b513878da4dbd823f8527ca223d576d7f3dd4b0d,{}
2026-09-03,10:00,options,USD.CNY,10D BF,3Y,implied_vol_mid,0.6,pct,https://www.chinamoney.com.cn/chinese/bkcurvfqq/,2026-09-03T13:37:58+00:00,cad560fad915720928418d84b513878da4dbd823f8527ca223d576d7f3dd4b0d,{}
2026-09-03,10:00,options,USD.CNY,10D BF,6M,implied_vol_ask,0.435,pct,https://www.chinamoney.com.cn/chinese/bkcurvfqq/,2026-09-03T13:37:58+00:00,cad560fad915720928418d84b513878da4dbd823f8527ca223d576d7f3dd4b0d,{}
2026-09-03,10:00,options,USD.CNY,10D BF,6M,implied_vol_bid,0.435,pct,https://www.chinamoney.com.cn/chinese/bkcurvfqq/,2026-09-03T13:37:58+00:00,cad560fad915720928418d84b513878da4dbd823f8527ca223d576d7f3dd4b0d,{}
2026-09-03,10:00,options,USD.CNY,10D BF,6M,implied_vol_mid,0.435,pct,https://www.chinamoney.com.cn/chinese/bkcurvfqq/,2026-09-03T13:37:58+00:00,cad560fad915720928418d84b513878da4dbd823f8527ca223d576d7f3dd4b0d,{}
2026-09-03,10:00,options,USD.CNY,10D BF,9M,implied_vol_ask,0.73,pct,https://www.chinamoney.com.cn/chinese/bkcurvfqq/,2026-09-03T13:37:58+00:00,cad560fad915720928418d84b513878da4dbd823f8527ca223d576d7f3dd4b0d,{}
2026-09-03,10:00,options,USD.CNY,10D BF,9M,implied_vol_bid,0.24,pct,https://www.chinamoney.com.cn/chinese/bkcurvfqq/,2026-09-03T13:37:58+00:00,cad560fad915720928418d84b513878da4dbd823f8527ca223d576d7f3dd4b0d,{}
2026-09-03,10:00,options,USD.CNY,10D BF,9M,implied_vol_mid,0.485,pct,https://www.chinamoney.com.cn/chinese/bkcurvfqq/,2026-09-03T13:37:58+00:00,cad560fad915720928418d84b513878da4dbd823f8527ca223d576d7f3dd4b0d,{}
2026-09-03,10:00,options,USD.CNY,25D BF,18M,implied_vol_ask,0.28,pct,https://www.chinamoney.com.cn/chinese/bkcurvfqq/,2026-09-03T13:37:58+00:00,1fcf27268cec64f4bd1d1af489e5ca9dee30ce1b684080d389da5a39b90cef44,{}
2026-09-03,10:00,options,USD.CNY,25D BF,18M,implied_vol_bid,0.1,pct,https://www.chinamoney.com.cn/chinese/bkcurvfqq/,2026-09-03T13:37:58+00:00,1fcf27268cec64f4bd1d1af489e5ca9dee30ce1b684080d389da5a39b90cef44,{}
2026-09-03,10:00,options,USD.CNY,25D BF,18M,implied_vol_mid,0.19,pct,https://www.chinamoney.com.cn/chinese/bkcurvfqq/,2026-09-03T13:37:58+00:00,1fcf27268cec64f4bd1d1af489e5ca9dee30ce1b684080d389da5a39b90cef44,{}
2026-09-03,10:00,options,USD.CNY,25D BF,1D,implied_vol_ask,0.1,pct,https://www.chinamoney.com.cn/chinese/bkcurvfqq/,2026-09-03T13:37:58+00:00,1fcf27268cec64f4bd1d1af489e5ca9dee30ce1b684080d389da5a39b90cef44,{}
2026-09-03,10:00,options,USD.CNY,25D BF,1D,implied_vol_bid,0.1,pct,https://www.chinamoney.com.cn/chinese/bkcurvfqq/,2026-09-03T13:37:58+00:00,1fcf27268cec64f4bd1d1af489e5ca9dee30ce1b684080d389da5a39b90cef44,{}
2026-09-03,10:00,options,USD.CNY,25D BF,1D,implied_vol_mid,0.1,pct,https://www.chinamoney.com.cn/chinese/bkcurvfqq/,2026-09-03T13:37:58+00:00,1fcf27268cec64f4bd1d1af489e5ca9dee30ce1b684080d389da5a39b90cef44,{}
2026-09-03,10:00,options,USD.CNY,25D BF,1M,implied_vol_ask,0.065,pct,https://www.chinamoney.com.cn/chinese/bkcurvfqq/,2026-09-03T13:37:58+00:00,1fcf27268cec64f4bd1d1af489e5ca9dee30ce1b684080d389da5a39b90cef44,{}
2026-09-03,10:00,options,USD.CNY,25D BF,1M,implied_vol_bid,0.065,pct,https://www.chinamoney.com.cn/chinese/bkcurvfqq/,2026-09-03T13:37:58+00:00,1fcf27268cec64f4bd1d1af489e5ca9dee30ce1b684080d389da5a39b90cef44,{}
2026-09-03,10:00,options,USD.CNY,25D BF,1M,implied_vol_mid,0.065,pct,https://www.chinamoney.com.cn/chinese/bkcurvfqq/,2026-09-03T13:37:58+00:00,1fcf27268cec64f4bd1d1af489e5ca9dee30ce1b684080d389da5a39b90cef44,{}
2026-09-03,10:00,options,USD.CNY,25D BF,1W,implied_vol_ask,0.05,pct,https://www.chinamoney.com.cn/chinese/bkcurvfqq/,2026-09-03T13:37:58+00:00,1fcf27268cec64f4bd1d1af489e5ca9dee30ce1b684080d389da5a39b90cef44,{}
2026-09-03,10:00,options,USD.CNY,25D BF,1W,implied_vol_bid,0.05,pct,https://www.chinamoney.com.cn/chinese/bkcurvfqq/,2026-09-03T13:37:58+00:00,1fcf27268cec64f4bd1d1af489e5ca9dee30ce1b684080d389da5a39b90cef44,{}
2026-09-03,10:00,options,USD.CNY,25D BF,1W,implied_vol_mid,0.05,pct,https://www.chinamoney.com.cn/chinese/bkcurvfqq/,2026-09-03T13:37:58+00:00,1fcf27268cec64f4bd1d1af489e5ca9dee30ce1b684080d389da5a39b90cef44,{}
2026-09-03,10:00,options,USD.CNY,25D BF,1Y,implied_vol_ask,0.175,pct,https://www.chinamoney.com.cn/chinese/bkcurvfqq/,2026-09-03T13:37:58+00:00,1fcf27268cec64f4bd1d1af489e5ca9dee30ce1b684080d389da5a39b90cef44,{}
2026-09-03,10:00,options,USD.CNY,25D BF,1Y,implied_vol_bid,0.175,pct,https://www.chinamoney.com.cn/chinese/bkcurvfqq/,2026-09-03T13:37:58+00:00,1fcf27268cec64f4bd1d1af489e5ca9dee30ce1b684080d389da5a39b90cef44,{}
2026-09-03,10:00,options,USD.CNY,25D BF,1Y,implied_vol_mid,0.175,pct,https://www.chinamoney.com.cn/chinese/bkcurvfqq/,2026-09-03T13:37:58+00:00,1fcf27268cec64f4bd1d1af489e5ca9dee30ce1b684080d389da5a39b90cef44,{}
2026-09-03,10:00,options,USD.CNY,25D BF,2M,implied_vol_ask,0.17,pct,https://www.chinamoney.com.cn/chinese/bkcurvfqq/,2026-09-03T13:37:58+00:00,1fcf27268cec64f4bd1d1af489e5ca9dee30ce1b684080d389da5a39b90cef44,{}
2026-09-03,10:00,options,USD.CNY,25D BF,2M,implied_vol_bid,0.0,pct,https://www.chinamoney.com.cn/chinese/bkcurvfqq/,2026-09-03T13:37:58+00:00,1fcf27268cec64f4bd1d1af489e5ca9dee30ce1b684080d389da5a39b90cef44,{}
2026-09-03,10:00,options,USD.CNY,25D BF,2M,implied_vol_mid,0.085,pct,https://www.chinamoney.com.cn/chinese/bkcurvfqq/,2026-09-03T13:37:58+00:00,1fcf27268cec64f4bd1d1af489e5ca9dee30ce1b684080d389da5a39b90cef44,{}
2026-09-03,10:00,options,USD.CNY,25D BF,2W,implied_vol_ask,0.075,pct,https://www.chinamoney.com.cn/chinese/bkcurvfqq/,2026-09-03T13:37:58+00:00,1fcf27268cec64f4bd1d1af489e5ca9dee30ce1b684080d389da5a39b90cef44,{}
2026-09-03,10:00,options,USD.CNY,25D BF,2W,implied_vol_bid,0.075,pct,https://www.chinamoney.com.cn/chinese/bkcurvfqq/,2026-09-03T13:37:58+00:00,1fcf27268cec64f4bd1d1af489e5ca9dee30ce1b684080d389da5a39b90cef44,{}
2026-09-03,10:00,options,USD.CNY,25D BF,2W,implied_vol_mid,0.075,pct,https://www.chinamoney.com.cn/chinese/bkcurvfqq/,2026-09-03T13:37:58+00:00,1fcf27268cec64f4bd1d1af489e5ca9dee30ce1b684080d389da5a39b90cef44,{}
2026-09-03,10:00,options,USD.CNY,25D BF,2Y,implied_vol_ask,0.32,pct,https://www.chinamoney.com.cn/chinese/bkcurvfqq/,2026-09-03T13:37:58+00:00,1fcf27268cec64f4bd1d1af489e5ca9dee30ce1b684080d389da5a39b90cef44,{}
2026-09-03,10:00,options,USD.CNY,25D BF,2Y,implied_vol_bid,0.1,pct,https://www.chinamoney.com.cn/chinese/bkcurvfqq/,2026-09-03T13:37:58+00:00,1fcf27268cec64f4bd1d1af489e5ca9dee30ce1b684080d389da5a39b90cef44,{}
2026-09-03,10:00,options,USD.CNY,25D BF,2Y,implied_vol_mid,0.21,pct,https://www.chinamoney.com.cn/chinese/bkcurvfqq/,2026-09-03T13:37:58+00:00,1fcf27268cec64f4bd1d1af489e5ca9dee30ce1b684080d389da5a39b90cef44,{}
2026-09-03,10:00,options,USD.CNY,25D BF,3M,implied_vol_ask,0.09,pct,https://www.chinamoney.com.cn/chinese/bkcurvfqq/,2026-09-03T13:37:58+00:00,1fcf27268cec64f4bd1d1af489e5ca9dee30ce1b684080d389da5a39b90cef44,{}
2026-09-03,10:00,options,USD.CNY,25D BF,3M,implied_vol_bid,0.09,pct,https://www.chinamoney.com.cn/chinese/bkcurvfqq/,2026-09-03T13:37:58+00:00,1fcf27268cec64f4bd1d1af489e5ca9dee30ce1b684080d389da5a39b90cef44,{}
2026-09-03,10:00,options,USD.CNY,25D BF,3M,implied_vol_mid,0.09,pct,https://www.chinamoney.com.cn/chinese/bkcurvfqq/,2026-09-03T13:37:58+00:00,1fcf27268cec64f4bd1d1af489e5ca9dee30ce1b684080d389da5a39b90cef44,{}
2026-09-03,10:00,options,USD.CNY,25D BF,3W,implied_vol_ask,0.0675,pct,https://www.chinamoney.com.cn/chinese/bkcurvfqq/,2026-09-03T13:37:58+00:00,1fcf27268cec64f4bd1d1af489e5ca9dee30ce1b684080d389da5a39b90cef44,{}
2026-09-03,10:00,options,USD.CNY,25D BF,3W,implied_vol_bid,0.0675,pct,https://www.chinamoney.com.cn/chinese/bkcurvfqq/,2026-09-03T13:37:58+00:00,1fcf27268cec64f4bd1d1af489e5ca9dee30ce1b684080d389da5a39b90cef44,{}
2026-09-03,10:00,options,USD.CNY,25D BF,3W,implied_vol_mid,0.0675,pct,https://www.chinamoney.com.cn/chinese/bkcurvfqq/,2026-09-03T13:37:58+00:00,1fcf27268cec64f4bd1d1af489e5ca9dee30ce1b684080d389da5a39b90cef44,{}
2026-09-03,10:00,options,USD.CNY,25D BF,3Y,implied_vol_ask,0.35,pct,https://www.chinamoney.com.cn/chinese/bkcurvfqq/,2026-09-03T13:37:58+00:00,1fcf27268cec64f4bd1d1af489e5ca9dee30ce1b684080d389da5a39b90cef44,{}
2026-09-03,10:00,options,USD.CNY,25D BF,3Y,implied_vol_bid,0.1,pct,https://www.chinamoney.com.cn/chinese/bkcurvfqq/,2026-09-03T13:37:58+00:00,1fcf27268cec64f4bd1d1af489e5ca9dee30ce1b684080d389da5a39b90cef44,{}
2026-09-03,10:00,options,USD.CNY,25D BF,3Y,implied_vol_mid,0.225,pct,https://www.chinamoney.com.cn/chinese/bkcurvfqq/,2026-09-03T13:37:58+00:00,1fcf27268cec64f4bd1d1af489e5ca9dee30ce1b684080d389da5a39b90cef44,{}
2026-09-03,10:00,options,USD.CNY,25D BF,6M,implied_vol_ask,0.1375,pct,https://www.chinamoney.com.cn/chinese/bkcurvfqq/,2026-09-03T13:37:58+00:00,1fcf27268cec64f4bd1d1af489e5ca9dee30ce1b684080d389da5a39b90cef44,{}
2026-09-03,10:00,options,USD.CNY,25D BF,6M,implied_vol_bid,0.1375,pct,https://www.chinamoney.com.cn/chinese/bkcurvfqq/,2026-09-03T13:37:58+00:00,1fcf27268cec64f4bd1d1af489e5ca9dee30ce1b684080d389da5a39b90cef44,{}
2026-09-03,10:00,options,USD.CNY,25D BF,6M,implied_vol_mid,0.1375,pct,https://www.chinamoney.com.cn/chinese/bkcurvfqq/,2026-09-03T13:37:58+00:00,1fcf27268cec64f4bd1d1af489e5ca9dee30ce1b684080d389da5a39b90cef44,{}
2026-09-03,10:00,options,USD.CNY,25D BF,9M,implied_vol_ask,0.26,pct,https://www.chinamoney.com.cn/chinese/bkcurvfqq/,2026-09-03T13:37:58+00:00,1fcf27268cec64f4bd1d1af489e5ca9dee30ce1b684080d389da5a39b90cef44,{}
2026-09-03,10:00,options,USD.CNY,25D BF,9M,implied_vol_bid,0.07,pct,https://www.chinamoney.com.cn/chinese/bkcurvfqq/,2026-09-03T13:37:58+00:00,1fcf27268cec64f4bd1d1af489e5ca9dee30ce1b684080d389da5a39b90cef44,{}
2026-09-03,10:00,options,USD.CNY,25D BF,9M,implied_vol_mid,0.164,pct,https://www.chinamoney.com.cn/chinese/bkcurvfqq/,2026-09-03T13:37:58+00:00,1fcf27268cec64f4bd1d1af489e5ca9dee30ce1b684080d389da5a39b90cef44,{}
2026-09-03,10:00,options,USD.CNY,25D RR,18M,implied_vol_ask,0.5,pct,https://www.chinamoney.com.cn/chinese/bkcurvfqq/,2026-09-03T13:37:58+00:00,07bff7950065181f8bc10857dfdb62d9d5631d9881ac25034506bbffa1db4648,{}
2026-09-03,10:00,options,USD.CNY,25D RR,18M,implied_vol_bid,-0.5,pct,https://www.chinamoney.com.cn/chinese/bkcurvfqq/,2026-09-03T13:37:58+00:00,07bff7950065181f8bc10857dfdb62d9d5631d9881ac25034506bbffa1db4648,{}
2026-09-03,10:00,options,USD.CNY,25D RR,18M,implied_vol_mid,0.0,pct,https://www.chinamoney.com.cn/chinese/bkcurvfqq/,2026-09-03T13:37:58+00:00,07bff7950065181f8bc10857dfdb62d9d5631d9881ac25034506bbffa1db4648,{}
2026-09-03,10:00,options,USD.CNY,25D RR,1D,implied_vol_ask,0.0,pct,https://www.chinamoney.com.cn/chinese/bkcurvfqq/,2026-09-03T13:37:58+00:00,07bff7950065181f8bc10857dfdb62d9d5631d9881ac25034506bbffa1db4648,{}
2026-09-03,10:00,options,USD.CNY,25D RR,1D,implied_vol_bid,0.0,pct,https://www.chinamoney.com.cn/chinese/bkcurvfqq/,2026-09-03T13:37:58+00:00,07bff7950065181f8bc10857dfdb62d9d5631d9881ac25034506bbffa1db4648,{}
2026-09-03,10:00,options,USD.CNY,25D RR,1D,implied_vol_mid,0.0,pct,https://www.chinamoney.com.cn/chinese/bkcurvfqq/,2026-09-03T13:37:58+00:00,07bff7950065181f8bc10857dfdb62d9d5631d9881ac25034506bbffa1db4648,{}
2026-09-03,10:00,options,USD.CNY,25D RR,1M,implied_vol_ask,0.015,pct,https://www.chinamoney.com.cn/chinese/bkcurvfqq/,2026-09-03T13:37:58+00:00,07bff7950065181f8bc10857dfdb62d9d5631d9881ac25034506bbffa1db4648,{}
2026-09-03,10:00,options,USD.CNY,25D RR,1M,implied_vol_bid,0.015,pct,https://www.chinamoney.com.cn/chinese/bkcurvfqq/,2026-09-03T13:37:58+00:00,07bff7950065181f8bc10857dfdb62d9d5631d9881ac25034506bbffa1db4648,{}
2026-09-03,10:00,options,USD.CNY,25D RR,1M,implied_vol_mid,0.015,pct,https://www.chinamoney.com.cn/chinese/bkcurvfqq/,2026-09-03T13:37:58+00:00,07bff7950065181f8bc10857dfdb62d9d5631d9881ac25034506bbffa1db4648,{}
2026-09-03,10:00,options,USD.CNY,25D RR,1W,implied_vol_ask,0.0,pct,https://www.chinamoney.com.cn/chinese/bkcurvfqq/,2026-09-03T13:37:58+00:00,07bff7950065181f8bc10857dfdb62d9d5631d9881ac25034506bbffa1db4648,{}
2026-09-03,10:00,options,USD.CNY,25D RR,1W,implied_vol_bid,0.0,pct,https://www.chinamoney.com.cn/chinese/bkcurvfqq/,2026-09-03T13:37:58+00:00,07bff7950065181f8bc10857dfdb62d9d5631d9881ac25034506bbffa1db4648,{}
2026-09-03,10:00,options,USD.CNY,25D RR,1W,implied_vol_mid,0.0,pct,https://www.chinamoney.com.cn/chinese/bkcurvfqq/,2026-09-03T13:37:58+00:00,07bff7950065181f8bc10857dfdb62d9d5631d9881ac25034506bbffa1db4648,{}
2026-09-03,10:00,options,USD.CNY,25D RR,1Y,implied_vol_ask,0.015,pct,https://www.chinamoney.com.cn/chinese/bkcurvfqq/,2026-09-03T13:37:58+00:00,07bff7950065181f8bc10857dfdb62d9d5631d9881ac25034506bbffa1db4648,{}
2026-09-03,10:00,options,USD.CNY,25D RR,1Y,implied_vol_bid,0.015,pct,https://www.chinamoney.com.cn/chinese/bkcurvfqq/,2026-09-03T13:37:58+00:00,07bff7950065181f8bc10857dfdb62d9d5631d9881ac25034506bbffa1db4648,{}
2026-09-03,10:00,options,USD.CNY,25D RR,1Y,implied_vol_mid,0.015,pct,https://www.chinamoney.com.cn/chinese/bkcurvfqq/,2026-09-03T13:37:58+00:00,07bff7950065181f8bc10857dfdb62d9d5631d9881ac25034506bbffa1db4648,{}
2026-09-03,10:00,options,USD.CNY,25D RR,2M,implied_vol_ask,0.38,pct,https://www.chinamoney.com.cn/chinese/bkcurvfqq/,2026-09-03T13:37:58+00:00,07bff7950065181f8bc10857dfdb62d9d5631d9881ac25034506bbffa1db4648,{}
2026-09-03,10:00,options,USD.CNY,25D RR,2M,implied_vol_bid,-0.35,pct,https://www.chinamoney.com.cn/chinese/bkcurvfqq/,2026-09-03T13:37:58+00:00,07bff7950065181f8bc10857dfdb62d9d5631d9881ac25034506bbffa1db4648,{}
2026-09-03,10:00,options,USD.CNY,25D RR,2M,implied_vol_mid,0.015,pct,https://www.chinamoney.com.cn/chinese/bkcurvfqq/,2026-09-03T13:37:58+00:00,07bff7950065181f8bc10857dfdb62d9d5631d9881ac25034506bbffa1db4648,{}
2026-09-03,10:00,options,USD.CNY,25D RR,2W,implied_vol_ask,0.0,pct,https://www.chinamoney.com.cn/chinese/bkcurvfqq/,2026-09-03T13:37:58+00:00,07bff7950065181f8bc10857dfdb62d9d5631d9881ac25034506bbffa1db4648,{}
2026-09-03,10:00,options,USD.CNY,25D RR,2W,implied_vol_bid,0.0,pct,https://www.chinamoney.com.cn/chinese/bkcurvfqq/,2026-09-03T13:37:58+00:00,07bff7950065181f8bc10857dfdb62d9d5631d9881ac25034506bbffa1db4648,{}
2026-09-03,10:00,options,USD.CNY,25D RR,2W,implied_vol_mid,0.0,pct,https://www.chinamoney.com.cn/chinese/bkcurvfqq/,2026-09-03T13:37:58+00:00,07bff7950065181f8bc10857dfdb62d9d5631d9881ac25034506bbffa1db4648,{}
2026-09-03,10:00,options,USD.CNY,25D RR,2Y,implied_vol_ask,0.5,pct,https://www.chinamoney.com.cn/chinese/bkcurvfqq/,2026-09-03T13:37:58+00:00,07bff7950065181f8bc10857dfdb62d9d5631d9881ac25034506bbffa1db4648,{}
2026-09-03,10:00,options,USD.CNY,25D RR,2Y,implied_vol_bid,-0.5,pct,https://www.chinamoney.com.cn/chinese/bkcurvfqq/,2026-09-03T13:37:58+00:00,07bff7950065181f8bc10857dfdb62d9d5631d9881ac25034506bbffa1db4648,{}
2026-09-03,10:00,options,USD.CNY,25D RR,2Y,implied_vol_mid,0.0,pct,https://www.chinamoney.com.cn/chinese/bkcurvfqq/,2026-09-03T13:37:58+00:00,07bff7950065181f8bc10857dfdb62d9d5631d9881ac25034506bbffa1db4648,{}
2026-09-03,10:00,options,USD.CNY,25D RR,3M,implied_vol_ask,0.015,pct,https://www.chinamoney.com.cn/chinese/bkcurvfqq/,2026-09-03T13:37:58+00:00,07bff7950065181f8bc10857dfdb62d9d5631d9881ac25034506bbffa1db4648,{}
2026-09-03,10:00,options,USD.CNY,25D RR,3M,implied_vol_bid,0.015,pct,https://www.chinamoney.com.cn/chinese/bkcurvfqq/,2026-09-03T13:37:58+00:00,07bff7950065181f8bc10857dfdb62d9d5631d9881ac25034506bbffa1db4648,{}
2026-09-03,10:00,options,USD.CNY,25D RR,3M,implied_vol_mid,0.015,pct,https://www.chinamoney.com.cn/chinese/bkcurvfqq/,2026-09-03T13:37:58+00:00,07bff7950065181f8bc10857dfdb62d9d5631d9881ac25034506bbffa1db4648,{}
2026-09-03,10:00,options,USD.CNY,25D RR,3W,implied_vol_ask,0.0,pct,https://www.chinamoney.com.cn/chinese/bkcurvfqq/,2026-09-03T13:37:58+00:00,07bff7950065181f8bc10857dfdb62d9d5631d9881ac25034506bbffa1db4648,{}
2026-09-03,10:00,options,USD.CNY,25D RR,3W,implied_vol_bid,0.0,pct,https://www.chinamoney.com.cn/chinese/bkcurvfqq/,2026-09-03T13:37:58+00:00,07bff7950065181f8bc10857dfdb62d9d5631d9881ac25034506bbffa1db4648,{}
2026-09-03,10:00,options,USD.CNY,25D RR,3W,implied_vol_mid,0.0,pct,https://www.chinamoney.com.cn/chinese/bkcurvfqq/,2026-09-03T13:37:58+00:00,07bff7950065181f8bc10857dfdb62d9d5631d9881ac25034506bbffa1db4648,{}
2026-09-03,10:00,options,USD.CNY,25D RR,3Y,implied_vol_ask,0.5,pct,https://www.chinamoney.com.cn/chinese/bkcurvfqq/,2026-09-03T13:37:58+00:00,07bff7950065181f8bc10857dfdb62d9d5631d9881ac25034506bbffa1db4648,{}
2026-09-03,10:00,options,USD.CNY,25D RR,3Y,implied_vol_bid,-0.5,pct,https://www.chinamoney.com.cn/chinese/bkcurvfqq/,2026-09-03T13:37:58+00:00,07bff7950065181f8bc10857dfdb62d9d5631d9881ac25034506bbffa1db4648,{}
2026-09-03,10:00,options,USD.CNY,25D RR,3Y,implied_vol_mid,0.0,pct,https://www.chinamoney.com.cn/chinese/bkcurvfqq/,2026-09-03T13:37:58+00:00,07bff7950065181f8bc10857dfdb62d9d5631d9881ac25034506bbffa1db4648,{}
2026-09-03,10:00,options,USD.CNY,25D RR,6M,implied_vol_ask,0.015,pct,https://www.chinamoney.com.cn/chinese/bkcurvfqq/,2026-09-03T13:37:58+00:00,07bff7950065181f8bc10857dfdb62d9d5631d9881ac25034506bbffa1db4648,{}
2026-09-03,10:00,options,USD.CNY,25D RR,6M,implied_vol_bid,0.015,pct,https://www.chinamoney.com.cn/chinese/bkcurvfqq/,2026-09-03T13:37:58+00:00,07bff7950065181f8bc10857dfdb62d9d5631d9881ac25034506bbffa1db4648,{}
2026-09-03,10:00,options,USD.CNY,25D RR,6M,implied_vol_mid,0.015,pct,https://www.chinamoney.com.cn/chinese/bkcurvfqq/,2026-09-03T13:37:58+00:00,07bff7950065181f8bc10857dfdb62d9d5631d9881ac25034506bbffa1db4648,{}
2026-09-03,10:00,options,USD.CNY,25D RR,9M,implied_vol_ask,0.38,pct,https://www.chinamoney.com.cn/chinese/bkcurvfqq/,2026-09-03T13:37:58+00:00,07bff7950065181f8bc10857dfdb62d9d5631d9881ac25034506bbffa1db4648,{}
2026-09-03,10:00,options,USD.CNY,25D RR,9M,implied_vol_bid,-0.35,pct,https://www.chinamoney.com.cn/chinese/bkcurvfqq/,2026-09-03T13:37:58+00:00,07bff7950065181f8bc10857dfdb62d9d5631d9881ac25034506bbffa1db4648,{}
2026-09-03,10:00,options,USD.CNY,25D RR,9M,implied_vol_mid,0.015,pct,https://www.chinamoney.com.cn/chinese/bkcurvfqq/,2026-09-03T13:37:58+00:00,07bff7950065181f8bc10857dfdb62d9d5631d9881ac25034506bbffa1db4648,{}
2026-09-03,10:00,options,USD.CNY,ATM,18M,implied_vol_ask,3.4,pct,https://www.chinamoney.com.cn/chinese/bkcurvfqq/,2026-09-03T13:37:58+00:00,3a1eada1b64f3eb81349325e8c93377f1f59ebad6ce0f00646baf5eb72fe9a59,{}
2026-09-03,10:00,options,USD.CNY,ATM,18M,implied_vol_bid,3.0,pct,https://www.chinamoney.com.cn/chinese/bkcurvfqq/,2026-09-03T13:37:58+00:00,3a1eada1b64f3eb81349325e8c93377f1f59ebad6ce0f00646baf5eb72fe9a59,{}
2026-09-03,10:00,options,USD.CNY,ATM,18M,implied_vol_mid,3.2,pct,https://www.chinamoney.com.cn/chinese/bkcurvfqq/,2026-09-03T13:37:58+00:00,3a1eada1b64f3eb81349325e8c93377f1f59ebad6ce0f00646baf5eb72fe9a59,{}
2026-09-03,10:00,options,USD.CNY,ATM,1D,implied_vol_ask,1.3,pct,https://www.chinamoney.com.cn/chinese/bkcurvfqq/,2026-09-03T13:37:58+00:00,3a1eada1b64f3eb81349325e8c93377f1f59ebad6ce0f00646baf5eb72fe9a59,{}
2026-09-03,10:00,options,USD.CNY,ATM,1D,implied_vol_bid,1.3,pct,https://www.chinamoney.com.cn/chinese/bkcurvfqq/,2026-09-03T13:37:58+00:00,3a1eada1b64f3eb81349325e8c93377f1f59ebad6ce0f00646baf5eb72fe9a59,{}
2026-09-03,10:00,options,USD.CNY,ATM,1D,implied_vol_mid,1.3,pct,https://www.chinamoney.com.cn/chinese/bkcurvfqq/,2026-09-03T13:37:58+00:00,3a1eada1b64f3eb81349325e8c93377f1f59ebad6ce0f00646baf5eb72fe9a59,{}
2026-09-03,10:00,options,USD.CNY,ATM,1M,implied_vol_ask,1.475,pct,https://www.chinamoney.com.cn/chinese/bkcurvfqq/,2026-09-03T13:37:58+00:00,3a1eada1b64f3eb81349325e8c93377f1f59ebad6ce0f00646baf5eb72fe9a59,{}
2026-09-03,10:00,options,USD.CNY,ATM,1M,implied_vol_bid,1.475,pct,https://www.chinamoney.com.cn/chinese/bkcurvfqq/,2026-09-03T13:37:58+00:00,3a1eada1b64f3eb81349325e8c93377f1f59ebad6ce0f00646baf5eb72fe9a59,{}
2026-09-03,10:00,options,USD.CNY,ATM,1M,implied_vol_mid,1.475,pct,https://www.chinamoney.com.cn/chinese/bkcurvfqq/,2026-09-03T13:37:58+00:00,3a1eada1b64f3eb81349325e8c93377f1f59ebad6ce0f00646baf5eb72fe9a59,{}
2026-09-03,10:00,options,USD.CNY,ATM,1W,implied_vol_ask,1.2697,pct,https://www.chinamoney.com.cn/chinese/bkcurvfqq/,2026-09-03T13:37:58+00:00,3a1eada1b64f3eb81349325e8c93377f1f59ebad6ce0f00646baf5eb72fe9a59,{}
2026-09-03,10:00,options,USD.CNY,ATM,1W,implied_vol_bid,1.2697,pct,https://www.chinamoney.com.cn/chinese/bkcurvfqq/,2026-09-03T13:37:58+00:00,3a1eada1b64f3eb81349325e8c93377f1f59ebad6ce0f00646baf5eb72fe9a59,{}
2026-09-03,10:00,options,USD.CNY,ATM,1W,implied_vol_mid,1.2697,pct,https://www.chinamoney.com.cn/chinese/bkcurvfqq/,2026-09-03T13:37:58+00:00,3a1eada1b64f3eb81349325e8c93377f1f59ebad6ce0f00646baf5eb72fe9a59,{}
2026-09-03,10:00,options,USD.CNY,ATM,1Y,implied_vol_ask,3.0279,pct,https://www.chinamoney.com.cn/chinese/bkcurvfqq/,2026-09-03T13:37:58+00:00,3a1eada1b64f3eb81349325e8c93377f1f59ebad6ce0f00646baf5eb72fe9a59,{}
2026-09-03,10:00,options,USD.CNY,ATM,1Y,implied_vol_bid,3.0279,pct,https://www.chinamoney.com.cn/chinese/bkcurvfqq/,2026-09-03T13:37:58+00:00,3a1eada1b64f3eb81349325e8c93377f1f59ebad6ce0f00646baf5eb72fe9a59,{}
2026-09-03,10:00,options,USD.CNY,ATM,1Y,implied_vol_mid,3.0279,pct,https://www.chinamoney.com.cn/chinese/bkcurvfqq/,2026-09-03T13:37:58+00:00,3a1eada1b64f3eb81349325e8c93377f1f59ebad6ce0f00646baf5eb72fe9a59,{}
2026-09-03,10:00,options,USD.CNY,ATM,2M,implied_vol_ask,2.1,pct,https://www.chinamoney.com.cn/chinese/bkcurvfqq/,2026-09-03T13:37:58+00:00,3a1eada1b64f3eb81349325e8c93377f1f59ebad6ce0f00646baf5eb72fe9a59,{}
2026-09-03,10:00,options,USD.CNY,ATM,2M,implied_vol_bid,1.6,pct,https://www.chinamoney.com.cn/chinese/bkcurvfqq/,2026-09-03T13:37:58+00:00,3a1eada1b64f3eb81349325e8c93377f1f59ebad6ce0f00646baf5eb72fe9a59,{}
2026-09-03,10:00,options,USD.CNY,ATM,2M,implied_vol_mid,1.85,pct,https://www.chinamoney.com.cn/chinese/bkcurvfqq/,2026-09-03T13:37:58+00:00,3a1eada1b64f3eb81349325e8c93377f1f59ebad6ce0f00646baf5eb72fe9a59,{}
2026-09-03,10:00,options,USD.CNY,ATM,2W,implied_vol_ask,1.4875,pct,https://www.chinamoney.com.cn/chinese/bkcurvfqq/,2026-09-03T13:37:58+00:00,3a1eada1b64f3eb81349325e8c93377f1f59ebad6ce0f00646baf5eb72fe9a59,{}
2026-09-03,10:00,options,USD.CNY,ATM,2W,implied_vol_bid,1.4875,pct,https://www.chinamoney.com.cn/chinese/bkcurvfqq/,2026-09-03T13:37:58+00:00,3a1eada1b64f3eb81349325e8c93377f1f59ebad6ce0f00646baf5eb72fe9a59,{}
2026-09-03,10:00,options,USD.CNY,ATM,2W,implied_vol_mid,1.4875,pct,https://www.chinamoney.com.cn/chinese/bkcurvfqq/,2026-09-03T13:37:58+00:00,3a1eada1b64f3eb81349325e8c93377f1f59ebad6ce0f00646baf5eb72fe9a59,{}
2026-09-03,10:00,options,USD.CNY,ATM,2Y,implied_vol_ask,3.6,pct,https://www.chinamoney.com.cn/chinese/bkcurvfqq/,2026-09-03T13:37:58+00:00,3a1eada1b64f3eb81349325e8c93377f1f59ebad6ce0f00646baf5eb72fe9a59,{}
2026-09-03,10:00,options,USD.CNY,ATM,2Y,implied_vol_bid,3.15,pct,https://www.chinamoney.com.cn/chinese/bkcurvfqq/,2026-09-03T13:37:58+00:00,3a1eada1b64f3eb81349325e8c93377f1f59ebad6ce0f00646baf5eb72fe9a59,{}
2026-09-03,10:00,options,USD.CNY,ATM,2Y,implied_vol_mid,3.375,pct,https://www.chinamoney.com.cn/chinese/bkcurvfqq/,2026-09-03T13:37:58+00:00,3a1eada1b64f3eb81349325e8c93377f1f59ebad6ce0f00646baf5eb72fe9a59,{}
2026-09-03,10:00,options,USD.CNY,ATM,3M,implied_vol_ask,2.0375,pct,https://www.chinamoney.com.cn/chinese/bkcurvfqq/,2026-09-03T13:37:58+00:00,3a1eada1b64f3eb81349325e8c93377f1f59ebad6ce0f00646baf5eb72fe9a59,{}
2026-09-03,10:00,options,USD.CNY,ATM,3M,implied_vol_bid,2.0375,pct,https://www.chinamoney.com.cn/chinese/bkcurvfqq/,2026-09-03T13:37:58+00:00,3a1eada1b64f3eb81349325e8c93377f1f59ebad6ce0f00646baf5eb72fe9a59,{}
2026-09-03,10:00,options,USD.CNY,ATM,3M,implied_vol_mid,2.0375,pct,https://www.chinamoney.com.cn/chinese/bkcurvfqq/,2026-09-03T13:37:58+00:00,3a1eada1b64f3eb81349325e8c93377f1f59ebad6ce0f00646baf5eb72fe9a59,{}
2026-09-03,10:00,options,USD.CNY,ATM,3W,implied_vol_ask,1.45,pct,https://www.chinamoney.com.cn/chinese/bkcurvfqq/,2026-09-03T13:37:58+00:00,3a1eada1b64f3eb81349325e8c93377f1f59ebad6ce0f00646baf5eb72fe9a59,{}
2026-09-03,10:00,options,USD.CNY,ATM,3W,implied_vol_bid,1.45,pct,https://www.chinamoney.com.cn/chinese/bkcurvfqq/,2026-09-03T13:37:58+00:00,3a1eada1b64f3eb81349325e8c93377f1f59ebad6ce0f00646baf5eb72fe9a59,{}
2026-09-03,10:00,options,USD.CNY,ATM,3W,implied_vol_mid,1.45,pct,https://www.chinamoney.com.cn/chinese/bkcurvfqq/,2026-09-03T13:37:58+00:00,3a1eada1b64f3eb81349325e8c93377f1f59ebad6ce0f00646baf5eb72fe9a59,{}
2026-09-03,10:00,options,USD.CNY,ATM,3Y,implied_vol_ask,3.8,pct,https://www.chinamoney.com.cn/chinese/bkcurvfqq/,2026-09-03T13:37:58+00:00,3a1eada1b64f3eb81349325e8c93377f1f59ebad6ce0f00646baf5eb72fe9a59,{}
2026-09-03,10:00,options,USD.CNY,ATM,3Y,implied_vol_bid,3.25,pct,https://www.chinamoney.com.cn/chinese/bkcurvfqq/,2026-09-03T13:37:58+00:00,3a1eada1b64f3eb81349325e8c93377f1f59ebad6ce0f00646baf5eb72fe9a59,{}
2026-09-03,10:00,options,USD.CNY,ATM,3Y,implied_vol_mid,3.525,pct,https://www.chinamoney.com.cn/chinese/bkcurvfqq/,2026-09-03T13:37:58+00:00,3a1eada1b64f3eb81349325e8c93377f1f59ebad6ce0f00646baf5eb72fe9a59,{}
2026-09-03,10:00,options,USD.CNY,ATM,6M,implied_vol_ask,2.5,pct,https://www.chinamoney.com.cn/chinese/bkcurvfqq/,2026-09-03T13:37:58+00:00,3a1eada1b64f3eb81349325e8c93377f1f59ebad6ce0f00646baf5eb72fe9a59,{}
2026-09-03,10:00,options,USD.CNY,ATM,6M,implied_vol_bid,2.5,pct,https://www.chinamoney.com.cn/chinese/bkcurvfqq/,2026-09-03T13:37:58+00:00,3a1eada1b64f3eb81349325e8c93377f1f59ebad6ce0f00646baf5eb72fe9a59,{}
2026-09-03,10:00,options,USD.CNY,ATM,6M,implied_vol_mid,2.5,pct,https://www.chinamoney.com.cn/chinese/bkcurvfqq/,2026-09-03T13:37:58+00:00,3a1eada1b64f3eb81349325e8c93377f1f59ebad6ce0f00646baf5eb72fe9a59,{}
2026-09-03,10:00,options,USD.CNY,ATM,9M,implied_vol_ask,3.03,pct,https://www.chinamoney.com.cn/chinese/bkcurvfqq/,2026-09-03T13:37:58+00:00,3a1eada1b64f3eb81349325e8c93377f1f59ebad6ce0f00646baf5eb72fe9a59,{}
2026-09-03,10:00,options,USD.CNY,ATM,9M,implied_vol_bid,2.6,pct,https://www.chinamoney.com.cn/chinese/bkcurvfqq/,2026-09-03T13:37:58+00:00,3a1eada1b64f3eb81349325e8c93377f1f59ebad6ce0f00646baf5eb72fe9a59,{}
2026-09-03,10:00,options,USD.CNY,ATM,9M,implied_vol_mid,2.8057,pct,https://www.chinamoney.com.cn/chinese/bkcurvfqq/,2026-09-03T13:37:58+00:00,3a1eada1b64f3eb81349325e8c93377f1f59ebad6ce0f00646baf5eb72fe9a59,{}
2026-09-03,14:00,reference_rate,USD/CNY,,,reference_rate_14,6.7182,rate,https://www.chinamoney.com.cn/ags/ms/cm-u-bk-fx/RefRateHis,2026-09-03T13:37:58+00:00,4bcb11b922188afb6d3a4ef2ca46f79c8b75cb496a35085cca9f1c5cd44334bd,"{""14:00"": ""6.7182"", ""原始日期"": ""03 Sep 2026"", ""货币对"": ""USD/CNY""}"
2026-09-03,16:30,swaps,USD.CNY,,18M,forward_all_in,6.4381,rate,https://www.chinamoney.com.cn/chinese/bkcurvfsw/,2026-09-03T13:37:58+00:00,c843b4611e32417b205c9bd79d387864d2d86328fd75f4f9a8dda08ed98d0788,{}
2026-09-03,16:30,swaps,USD.CNY,,18M,swap_points,-2800.0,pips,https://www.chinamoney.com.cn/chinese/bkcurvfsw/,2026-09-03T13:37:58+00:00,c843b4611e32417b205c9bd79d387864d2d86328fd75f4f9a8dda08ed98d0788,{}
2026-09-03,16:30,swaps,USD.CNY,,1M,forward_all_in,6.7042,rate,https://www.chinamoney.com.cn/chinese/bkcurvfsw/,2026-09-03T13:37:58+00:00,c843b4611e32417b205c9bd79d387864d2d86328fd75f4f9a8dda08ed98d0788,{}
2026-09-03,16:30,swaps,USD.CNY,,1M,swap_points,-138.2,pips,https://www.chinamoney.com.cn/chinese/bkcurvfsw/,2026-09-03T13:37:58+00:00,c843b4611e32417b205c9bd79d387864d2d86328fd75f4f9a8dda08ed98d0788,{}
2026-09-03,16:30,swaps,USD.CNY,,1W,forward_all_in,6.7149,rate,https://www.chinamoney.com.cn/chinese/bkcurvfsw/,2026-09-03T13:37:58+00:00,c843b4611e32417b205c9bd79d387864d2d86328fd75f4f9a8dda08ed98d0788,{}
2026-09-03,16:30,swaps,USD.CNY,,1W,swap_points,-31.24,pips,https://www.chinamoney.com.cn/chinese/bkcurvfsw/,2026-09-03T13:37:58+00:00,c843b4611e32417b205c9bd79d387864d2d86328fd75f4f9a8dda08ed98d0788,{}
2026-09-03,16:30,swaps,USD.CNY,,1Y,forward_all_in,6.534,rate,https://www.chinamoney.com.cn/chinese/bkcurvfsw/,2026-09-03T13:37:58+00:00,c843b4611e32417b205c9bd79d387864d2d86328fd75f4f9a8dda08ed98d0788,{}
2026-09-03,16:30,swaps,USD.CNY,,1Y,swap_points,-1841.0,pips,https://www.chinamoney.com.cn/chinese/bkcurvfsw/,2026-09-03T13:37:58+00:00,c843b4611e32417b205c9bd79d387864d2d86328fd75f4f9a8dda08ed98d0788,{}
2026-09-03,16:30,swaps,USD.CNY,,2M,forward_all_in,6.6892,rate,https://www.chinamoney.com.cn/chinese/bkcurvfsw/,2026-09-03T13:37:58+00:00,c843b4611e32417b205c9bd79d387864d2d86328fd75f4f9a8dda08ed98d0788,{}
2026-09-03,16:30,swaps,USD.CNY,,2M,swap_points,-289.0,pips,https://www.chinamoney.com.cn/chinese/bkcurvfsw/,2026-09-03T13:37:58+00:00,c843b4611e32417b205c9bd79d387864d2d86328fd75f4f9a8dda08ed98d0788,{}
2026-09-03,16:30,swaps,USD.CNY,,2W,forward_all_in,6.7118,rate,https://www.chinamoney.com.cn/chinese/bkcurvfsw/,2026-09-03T13:37:58+00:00,c843b4611e32417b205c9bd79d387864d2d86328fd75f4f9a8dda08ed98d0788,{}
2026-09-03,16:30,swaps,USD.CNY,,2W,swap_points,-62.9,pips,https://www.chinamoney.com.cn/chinese/bkcurvfsw/,2026-09-03T13:37:58+00:00,c843b4611e32417b205c9bd79d387864d2d86328fd75f4f9a8dda08ed98d0788,{}
2026-09-03,16:30,swaps,USD.CNY,,2Y,forward_all_in,6.3451,rate,https://www.chinamoney.com.cn/chinese/bkcurvfsw/,2026-09-03T13:37:58+00:00,c843b4611e32417b205c9bd79d387864d2d86328fd75f4f9a8dda08ed98d0788,{}
2026-09-03,16:30,swaps,USD.CNY,,2Y,swap_points,-3730.0,pips,https://www.chinamoney.com.cn/chinese/bkcurvfsw/,2026-09-03T13:37:58+00:00,c843b4611e32417b205c9bd79d387864d2d86328fd75f4f9a8dda08ed98d0788,{}
2026-09-03,16:30,swaps,USD.CNY,,3M,forward_all_in,6.6753,rate,https://www.chinamoney.com.cn/chinese/bkcurvfsw/,2026-09-03T13:37:58+00:00,c843b4611e32417b205c9bd79d387864d2d86328fd75f4f9a8dda08ed98d0788,{}
2026-09-03,16:30,swaps,USD.CNY,,3M,swap_points,-427.2,pips,https://www.chinamoney.com.cn/chinese/bkcurvfsw/,2026-09-03T13:37:58+00:00,c843b4611e32417b205c9bd79d387864d2d86328fd75f4f9a8dda08ed98d0788,{}
2026-09-03,16:30,swaps,USD.CNY,,3W,forward_all_in,6.7085,rate,https://www.chinamoney.com.cn/chinese/bkcurvfsw/,2026-09-03T13:37:58+00:00,c843b4611e32417b205c9bd79d387864d2d86328fd75f4f9a8dda08ed98d0788,{}
2026-09-03,16:30,swaps,USD.CNY,,3W,swap_points,-95.5,pips,https://www.chinamoney.com.cn/chinese/bkcurvfsw/,2026-09-03T13:37:58+00:00,c843b4611e32417b205c9bd79d387864d2d86328fd75f4f9a8dda08ed98d0788,{}
2026-09-03,16:30,swaps,USD.CNY,,3Y,forward_all_in,6.1646,rate,https://www.chinamoney.com.cn/chinese/bkcurvfsw/,2026-09-03T13:37:58+00:00,c843b4611e32417b205c9bd79d387864d2d86328fd75f4f9a8dda08ed98d0788,{}
2026-09-03,16:30,swaps,USD.CNY,,3Y,swap_points,-5535.0,pips,https://www.chinamoney.com.cn/chinese/bkcurvfsw/,2026-09-03T13:37:58+00:00,c843b4611e32417b205c9bd79d387864d2d86328fd75f4f9a8dda08ed98d0788,{}
2026-09-03,16:30,swaps,USD.CNY,,4M,forward_all_in,6.6599,rate,https://www.chinamoney.com.cn/chinese/bkcurvfsw/,2026-09-03T13:37:58+00:00,c843b4611e32417b205c9bd79d387864d2d86328fd75f4f9a8dda08ed98d0788,{}
2026-09-03,16:30,swaps,USD.CNY,,4M,swap_points,-582.0,pips,https://www.chinamoney.com.cn/chinese/bkcurvfsw/,2026-09-03T13:37:58+00:00,c843b4611e32417b205c9bd79d387864d2d86328fd75f4f9a8dda08ed98d0788,{}
2026-09-03,16:30,swaps,USD.CNY,,4Y,forward_all_in,5.9831,rate,https://www.chinamoney.com.cn/chinese/bkcurvfsw/,2026-09-03T13:37:58+00:00,c843b4611e32417b205c9bd79d387864d2d86328fd75f4f9a8dda08ed98d0788,{}
2026-09-03,16:30,swaps,USD.CNY,,4Y,swap_points,-7350.0,pips,https://www.chinamoney.com.cn/chinese/bkcurvfsw/,2026-09-03T13:37:58+00:00,c843b4611e32417b205c9bd79d387864d2d86328fd75f4f9a8dda08ed98d0788,{}
2026-09-03,16:30,swaps,USD.CNY,,5M,forward_all_in,6.6407,rate,https://www.chinamoney.com.cn/chinese/bkcurvfsw/,2026-09-03T13:37:58+00:00,c843b4611e32417b205c9bd79d387864d2d86328fd75f4f9a8dda08ed98d0788,{}
2026-09-03,16:30,swaps,USD.CNY,,5M,swap_points,-773.75,pips,https://www.chinamoney.com.cn/chinese/bkcurvfsw/,2026-09-03T13:37:58+00:00,c843b4611e32417b205c9bd79d387864d2d86328fd75f4f9a8dda08ed98d0788,{}
2026-09-03,16:30,swaps,USD.CNY,,5Y,forward_all_in,5.8081,rate,https://www.chinamoney.com.cn/chinese/bkcurvfsw/,2026-09-03T13:37:58+00:00,c843b4611e32417b205c9bd79d387864d2d86328fd75f4f9a8dda08ed98d0788,{}
2026-09-03,16:30,swaps,USD.CNY,,5Y,swap_points,-9100.0,pips,https://www.chinamoney.com.cn/chinese/bkcurvfsw/,2026-09-03T13:37:58+00:00,c843b4611e32417b205c9bd79d387864d2d86328fd75f4f9a8dda08ed98d0788,{}
2026-09-03,16:30,swaps,USD.CNY,,6M,forward_all_in,6.6305,rate,https://www.chinamoney.com.cn/chinese/bkcurvfsw/,2026-09-03T13:37:58+00:00,c843b4611e32417b205c9bd79d387864d2d86328fd75f4f9a8dda08ed98d0788,{}
2026-09-03,16:30,swaps,USD.CNY,,6M,swap_points,-876.0,pips,https://www.chinamoney.com.cn/chinese/bkcurvfsw/,2026-09-03T13:37:58+00:00,c843b4611e32417b205c9bd79d387864d2d86328fd75f4f9a8dda08ed98d0788,{}
2026-09-03,16:30,swaps,USD.CNY,,9M,forward_all_in,6.5828,rate,https://www.chinamoney.com.cn/chinese/bkcurvfsw/,2026-09-03T13:37:58+00:00,c843b4611e32417b205c9bd79d387864d2d86328fd75f4f9a8dda08ed98d0788,{}
2026-09-03,16:30,swaps,USD.CNY,,9M,swap_points,-1353.0,pips,https://www.chinamoney.com.cn/chinese/bkcurvfsw/,2026-09-03T13:37:58+00:00,c843b4611e32417b205c9bd79d387864d2d86328fd75f4f9a8dda08ed98d0788,{}
2026-09-03,16:30,swaps,USD.CNY,,ON,forward_all_in,6.7202,rate,https://www.chinamoney.com.cn/chinese/bkcurvfsw/,2026-09-03T13:37:58+00:00,c843b4611e32417b205c9bd79d387864d2d86328fd75f4f9a8dda08ed98d0788,{}
2026-09-03,16:30,swaps,USD.CNY,,ON,swap_points,-4.49,pips,https://www.chinamoney.com.cn/chinese/bkcurvfsw/,2026-09-03T13:37:58+00:00,c843b4611e32417b205c9bd79d387864d2d86328fd75f4f9a8dda08ed98d0788,{}
2026-09-03,16:30,swaps,USD.CNY,,SN,forward_all_in,6.7176,rate,https://www.chinamoney.com.cn/chinese/bkcurvfsw/,2026-09-03T13:37:58+00:00,c843b4611e32417b205c9bd79d387864d2d86328fd75f4f9a8dda08ed98d0788,{}
2026-09-03,16:30,swaps,USD.CNY,,SN,swap_points,-4.41,pips,https://www.chinamoney.com.cn/chinese/bkcurvfsw/,2026-09-03T13:37:58+00:00,c843b4611e32417b205c9bd79d387864d2d86328fd75f4f9a8dda08ed98d0788,{}
2026-09-03,16:30,swaps,USD.CNY,,TN,forward_all_in,6.7198,rate,https://www.chinamoney.com.cn/chinese/bkcurvfsw/,2026-09-03T13:37:58+00:00,c843b4611e32417b205c9bd79d387864d2d86328fd75f4f9a8dda08ed98d0788,{}
2026-09-03,16:30,swaps,USD.CNY,,TN,swap_points,-17.4,pips,https://www.chinamoney.com.cn/chinese/bkcurvfsw/,2026-09-03T13:37:58+00:00,c843b4611e32417b205c9bd79d387864d2d86328fd75f4f9a8dda08ed98d0788,{}
2026-09-04,,implied_rates,USD,,18M,implied_usd_rate,4.2467,pct,https://www.chinamoney.com.cn/chinese/bkcurvuir/,2026-09-04T13:34:41+00:00,968a301d61c49285eb2a3bc315cb08c22647adbef299a5d333226a3cae9ba087,"{""人民币利率(%)"": ""1.4627"", ""即期汇率"": ""6.7787"", ""期限"": ""18M"", ""远/掉期点(Pips)"": ""-2770.00"", ""隐含利率(%)"": ""4.2467""}"
2026-09-04,,implied_rates,USD,,1D,implied_usd_rate,3.7288,pct,https://www.chinamoney.com.cn/chinese/bkcurvuir/,2026-09-04T13:34:41+00:00,968a301d61c49285eb2a3bc315cb08c22647adbef299a5d333226a3cae9ba087,"{""人民币利率(%)"": ""1.3973"", ""即期汇率"": ""6.7787"", ""期限"": ""1D"", ""远/掉期点(Pips)"": ""-4.33"", ""隐含利率(%)"": ""3.7288""}"
2026-09-04,,implied_rates,USD,,1M,implied_usd_rate,3.8889,pct,https://www.chinamoney.com.cn/chinese/bkcurvuir/,2026-09-04T13:34:41+00:00,968a301d61c49285eb2a3bc315cb08c22647adbef299a5d333226a3cae9ba087,"{""人民币利率(%)"": ""1.4455"", ""即期汇率"": ""6.7787"", ""期限"": ""1M"", ""远/掉期点(Pips)"": ""-136.00"", ""隐含利率(%)"": ""3.8889""}"
2026-09-04,,implied_rates,USD,,1W,implied_usd_rate,3.7935,pct,https://www.chinamoney.com.cn/chinese/bkcurvuir/,2026-09-04T13:34:41+00:00,968a301d61c49285eb2a3bc315cb08c22647adbef299a5d333226a3cae9ba087,"{""人民币利率(%)"": ""1.4083"", ""即期汇率"": ""6.7787"", ""期限"": ""1W"", ""远/掉期点(Pips)"": ""-31.00"", ""隐含利率(%)"": ""3.7935""}"
2026-09-04,,implied_rates,USD,,1Y,implied_usd_rate,4.189,pct,https://www.chinamoney.com.cn/chinese/bkcurvuir/,2026-09-04T13:34:41+00:00,968a301d61c49285eb2a3bc315cb08c22647adbef299a5d333226a3cae9ba087,"{""人民币利率(%)"": ""1.4629"", ""即期汇率"": ""6.7787"", ""期限"": ""1Y"", ""远/掉期点(Pips)"": ""-1823.00"", ""隐含利率(%)"": ""4.1890""}"
2026-09-04,,implied_rates,USD,,2M,implied_usd_rate,3.9488,pct,https://www.chinamoney.com.cn/chinese/bkcurvuir/,2026-09-04T13:34:41+00:00,968a301d61c49285eb2a3bc315cb08c22647adbef299a5d333226a3cae9ba087,"{""人民币利率(%)"": ""1.4488"", ""即期汇率"": ""6.7787"", ""期限"": ""2M"", ""远/掉期点(Pips)"": ""-287.25"", ""隐含利率(%)"": ""3.9488""}"
2026-09-04,,implied_rates,USD,,2W,implied_usd_rate,3.8314,pct,https://www.chinamoney.com.cn/chinese/bkcurvuir/,2026-09-04T13:34:41+00:00,968a301d61c49285eb2a3bc315cb08c22647adbef299a5d333226a3cae9ba087,"{""人民币利率(%)"": ""1.4265"", ""即期汇率"": ""6.7787"", ""期限"": ""2W"", ""远/掉期点(Pips)"": ""-62.50"", ""隐含利率(%)"": ""3.8314""}"
2026-09-04,,implied_rates,USD,,2Y,implied_usd_rate,4.2654,pct,https://www.chinamoney.com.cn/chinese/bkcurvuir/,2026-09-04T13:34:41+00:00,968a301d61c49285eb2a3bc315cb08c22647adbef299a5d333226a3cae9ba087,"{""人民币利率(%)"": ""1.4628"", ""即期汇率"": ""6.7787"", ""期限"": ""2Y"", ""远/掉期点(Pips)"": ""-3700.00"", ""隐含利率(%)"": ""4.2654""}"
2026-09-04,,implied_rates,USD,,3M,implied_usd_rate,3.9688,pct,https://www.chinamoney.com.cn/chinese/bkcurvuir/,2026-09-04T13:34:41+00:00,968a301d61c49285eb2a3bc315cb08c22647adbef299a5d333226a3cae9ba087,"{""人民币利率(%)"": ""1.4509"", ""即期汇率"": ""6.7787"", ""期限"": ""3M"", ""远/掉期点(Pips)"": ""-424.20"", ""隐含利率(%)"": ""3.9688""}"
2026-09-04,,implied_rates,USD,,3W,implied_usd_rate,3.877,pct,https://www.chinamoney.com.cn/chinese/bkcurvuir/,2026-09-04T13:34:41+00:00,968a301d61c49285eb2a3bc315cb08c22647adbef299a5d333226a3cae9ba087,"{""人民币利率(%)"": ""1.4395"", ""即期汇率"": ""6.7787"", ""期限"": ""3W"", ""远/掉期点(Pips)"": ""-95.00"", ""隐含利率(%)"": ""3.8770""}"
2026-09-04,,implied_rates,USD,,3Y,implied_usd_rate,4.3015,pct,https://www.chinamoney.com.cn/chinese/bkcurvuir/,2026-09-04T13:34:41+00:00,968a301d61c49285eb2a3bc315cb08c22647adbef299a5d333226a3cae9ba087,"{""人民币利率(%)"": ""1.4833"", ""即期汇率"": ""6.7787"", ""期限"": ""3Y"", ""远/掉期点(Pips)"": ""-5510.00"", ""隐含利率(%)"": ""4.3015""}"
2026-09-04,,implied_rates,USD,,6M,implied_usd_rate,4.0638,pct,https://www.chinamoney.com.cn/chinese/bkcurvuir/,2026-09-04T13:34:41+00:00,968a301d61c49285eb2a3bc315cb08c22647adbef299a5d333226a3cae9ba087,"{""人民币利率(%)"": ""1.4635"", ""即期汇率"": ""6.7787"", ""期限"": ""6M"", ""远/掉期点(Pips)"": ""-868.50"", ""隐含利率(%)"": ""4.0638""}"
2026-09-04,,implied_rates,USD,,9M,implied_usd_rate,4.1295,pct,https://www.chinamoney.com.cn/chinese/bkcurvuir/,2026-09-04T13:34:41+00:00,968a301d61c49285eb2a3bc315cb08c22647adbef299a5d333226a3cae9ba087,"{""人民币利率(%)"": ""1.4631"", ""即期汇率"": ""6.7787"", ""期限"": ""9M"", ""远/掉期点(Pips)"": ""-1338.50"", ""隐含利率(%)"": ""4.1295""}"
2026-09-04,09:15,fixing,USD/CNY,,,fixing,6.7787,rate,https://www.chinamoney.com.cn/chinese/bkccpr/,2026-09-04T13:34:41+00:00,7b48bde25e8b73c175a307572b059af8e7705f3f2c6f2e737d1afe30a18e911d,"{""中间价"": ""6.7787"", ""涨跌"": ""20.00"", ""货币对"": ""美元/人民币""}"
2026-09-04,10:00,options,USD.CNY,10D BF,18M,implied_vol_ask,0.75,pct,https://www.chinamoney.com.cn/chinese/bkcurvfqq/,2026-09-04T13:34:41+00:00,641f4799345a1523d0f54b29b1b4d71e6dc21a41433809d3ef03327533b994f4,{}
2026-09-04,10:00,options,USD.CNY,10D BF,18M,implied_vol_bid,0.35,pct,https://www.chinamoney.com.cn/chinese/bkcurvfqq/,2026-09-04T13:34:41+00:00,641f4799345a1523d0f54b29b1b4d71e6dc21a41433809d3ef03327533b994f4,{}
2026-09-04,10:00,options,USD.CNY,10D BF,18M,implied_vol_mid,0.55,pct,https://www.chinamoney.com.cn/chinese/bkcurvfqq/,2026-09-04T13:34:41+00:00,641f4799345a1523d0f54b29b1b4d71e6dc21a41433809d3ef03327533b994f4,{}
2026-09-04,10:00,options,USD.CNY,10D BF,1D,implied_vol_ask,0.15,pct,https://www.chinamoney.com.cn/chinese/bkcurvfqq/,2026-09-04T13:34:41+00:00,641f4799345a1523d0f54b29b1b4d71e6dc21a41433809d3ef03327533b994f4,{}
2026-09-04,10:00,options,USD.CNY,10D BF,1D,implied_vol_bid,0.15,pct,https://www.chinamoney.com.cn/chinese/bkcurvfqq/,2026-09-04T13:34:41+00:00,641f4799345a1523d0f54b29b1b4d71e6dc21a41433809d3ef03327533b994f4,{}
2026-09-04,10:00,options,USD.CNY,10D BF,1D,implied_vol_mid,0.15,pct,https://www.chinamoney.com.cn/chinese/bkcurvfqq/,2026-09-04T13:34:41+00:00,641f4799345a1523d0f54b29b1b4d71e6dc21a41433809d3ef03327533b994f4,{}
2026-09-04,10:00,options,USD.CNY,10D BF,1M,implied_vol_ask,0.1,pct,https://www.chinamoney.com.cn/chinese/bkcurvfqq/,2026-09-04T13:34:41+00:00,641f4799345a1523d0f54b29b1b4d71e6dc21a41433809d3ef03327533b994f4,{}
2026-09-04,10:00,options,USD.CNY,10D BF,1M,implied_vol_bid,0.1,pct,https://www.chinamoney.com.cn/chinese/bkcurvfqq/,2026-09-04T13:34:41+00:00,641f4799345a1523d0f54b29b1b4d71e6dc21a41433809d3ef03327533b994f4,{}
2026-09-04,10:00,options,USD.CNY,10D BF,1M,implied_vol_mid,0.1,pct,https://www.chinamoney.com.cn/chinese/bkcurvfqq/,2026-09-04T13:34:41+00:00,641f4799345a1523d0f54b29b1b4d71e6dc21a41433809d3ef03327533b994f4,{}
2026-09-04,10:00,options,USD.CNY,10D BF,1W,implied_vol_ask,0.2,pct,https://www.chinamoney.com.cn/chinese/bkcurvfqq/,2026-09-04T13:34:41+00:00,641f4799345a1523d0f54b29b1b4d71e6dc21a41433809d3ef03327533b994f4,{}
2026-09-04,10:00,options,USD.CNY,10D BF,1W,implied_vol_bid,0.0,pct,https://www.chinamoney.com.cn/chinese/bkcurvfqq/,2026-09-04T13:34:41+00:00,641f4799345a1523d0f54b29b1b4d71e6dc21a41433809d3ef03327533b994f4,{}
2026-09-04,10:00,options,USD.CNY,10D BF,1W,implied_vol_mid,0.1,pct,https://www.chinamoney.com.cn/chinese/bkcurvfqq/,2026-09-04T13:34:41+00:00,641f4799345a1523d0f54b29b1b4d71e6dc21a41433809d3ef03327533b994f4,{}
2026-09-04,10:00,options,USD.CNY,10D BF,1Y,implied_vol_ask,0.76,pct,https://www.chinamoney.com.cn/chinese/bkcurvfqq/,2026-09-04T13:34:41+00:00,641f4799345a1523d0f54b29b1b4d71e6dc21a41433809d3ef03327533b994f4,{}
2026-09-04,10:00,options,USD.CNY,10D BF,1Y,implied_vol_bid,0.3,pct,https://www.chinamoney.com.cn/chinese/bkcurvfqq/,2026-09-04T13:34:41+00:00,641f4799345a1523d0f54b29b1b4d71e6dc21a41433809d3ef03327533b994f4,{}
2026-09-04,10:00,options,USD.CNY,10D BF,1Y,implied_vol_mid,0.53,pct,https://www.chinamoney.com.cn/chinese/bkcurvfqq/,2026-09-04T13:34:41+00:00,641f4799345a1523d0f54b29b1b4d71e6dc21a41433809d3ef03327533b994f4,{}
2026-09-04,10:00,options,USD.CNY,10D BF,2M,implied_vol_ask,0.22,pct,https://www.chinamoney.com.cn/chinese/bkcurvfqq/,2026-09-04T13:34:41+00:00,641f4799345a1523d0f54b29b1b4d71e6dc21a41433809d3ef03327533b994f4,{}
2026-09-04,10:00,options,USD.CNY,10D BF,2M,implied_vol_bid,0.22,pct,https://www.chinamoney.com.cn/chinese/bkcurvfqq/,2026-09-04T13:34:41+00:00,641f4799345a1523d0f54b29b1b4d71e6dc21a41433809d3ef03327533b994f4,{}
2026-09-04,10:00,options,USD.CNY,10D BF,2M,implied_vol_mid,0.22,pct,https://www.chinamoney.com.cn/chinese/bkcurvfqq/,2026-09-04T13:34:41+00:00,641f4799345a1523d0f54b29b1b4d71e6dc21a41433809d3ef03327533b994f4,{}
2026-09-04,10:00,options,USD.CNY,10D BF,2W,implied_vol_ask,0.1,pct,https://www.chinamoney.com.cn/chinese/bkcurvfqq/,2026-09-04T13:34:41+00:00,641f4799345a1523d0f54b29b1b4d71e6dc21a41433809d3ef03327533b994f4,{}
2026-09-04,10:00,options,USD.CNY,10D BF,2W,implied_vol_bid,0.1,pct,https://www.chinamoney.com.cn/chinese/bkcurvfqq/,2026-09-04T13:34:41+00:00,641f4799345a1523d0f54b29b1b4d71e6dc21a41433809d3ef03327533b994f4,{}
2026-09-04,10:00,options,USD.CNY,10D BF,2W,implied_vol_mid,0.1,pct,https://www.chinamoney.com.cn/chinese/bkcurvfqq/,2026-09-04T13:34:41+00:00,641f4799345a1523d0f54b29b1b4d71e6dc21a41433809d3ef03327533b994f4,{}
2026-09-04,10:00,options,USD.CNY,10D BF,2Y,implied_vol_ask,0.75,pct,https://www.chinamoney.com.cn/chinese/bkcurvfqq/,2026-09-04T13:34:41+00:00,641f4799345a1523d0f54b29b1b4d71e6dc21a41433809d3ef03327533b994f4,{}
2026-09-04,10:00,options,USD.CNY,10D BF,2Y,implied_vol_bid,0.35,pct,https://www.chinamoney.com.cn/chinese/bkcurvfqq/,2026-09-04T13:34:41+00:00,641f4799345a1523d0f54b29b1b4d71e6dc21a41433809d3ef03327533b994f4,{}
2026-09-04,10:00,options,USD.CNY,10D BF,2Y,implied_vol_mid,0.55,pct,https://www.chinamoney.com.cn/chinese/bkcurvfqq/,2026-09-04T13:34:41+00:00,641f4799345a1523d0f54b29b1b4d71e6dc21a41433809d3ef03327533b994f4,{}
2026-09-04,10:00,options,USD.CNY,10D BF,3M,implied_vol_ask,0.325,pct,https://www.chinamoney.com.cn/chinese/bkcurvfqq/,2026-09-04T13:34:41+00:00,641f4799345a1523d0f54b29b1b4d71e6dc21a41433809d3ef03327533b994f4,{}
2026-09-04,10:00,options,USD.CNY,10D BF,3M,implied_vol_bid,0.325,pct,https://www.chinamoney.com.cn/chinese/bkcurvfqq/,2026-09-04T13:34:41+00:00,641f4799345a1523d0f54b29b1b4d71e6dc21a41433809d3ef03327533b994f4,{}
2026-09-04,10:00,options,USD.CNY,10D BF,3M,implied_vol_mid,0.325,pct,https://www.chinamoney.com.cn/chinese/bkcurvfqq/,2026-09-04T13:34:41+00:00,641f4799345a1523d0f54b29b1b4d71e6dc21a41433809d3ef03327533b994f4,{}
2026-09-04,10:00,options,USD.CNY,10D BF,3W,implied_vol_ask,0.2,pct,https://www.chinamoney.com.cn/chinese/bkcurvfqq/,2026-09-04T13:34:41+00:00,641f4799345a1523d0f54b29b1b4d71e6dc21a41433809d3ef03327533b994f4,{}
2026-09-04,10:00,options,USD.CNY,10D BF,3W,implied_vol_bid,0.0,pct,https://www.chinamoney.com.cn/chinese/bkcurvfqq/,2026-09-04T13:34:41+00:00,641f4799345a1523d0f54b29b1b4d71e6dc21a41433809d3ef03327533b994f4,{}
2026-09-04,10:00,options,USD.CNY,10D BF,3W,implied_vol_mid,0.1,pct,https://www.chinamoney.com.cn/chinese/bkcurvfqq/,2026-09-04T13:34:41+00:00,641f4799345a1523d0f54b29b1b4d71e6dc21a41433809d3ef03327533b994f4,{}
2026-09-04,10:00,options,USD.CNY,10D BF,3Y,implied_vol_ask,0.8,pct,https://www.chinamoney.com.cn/chinese/bkcurvfqq/,2026-09-04T13:34:41+00:00,641f4799345a1523d0f54b29b1b4d71e6dc21a41433809d3ef03327533b994f4,{}
2026-09-04,10:00,options,USD.CNY,10D BF,3Y,implied_vol_bid,0.4,pct,https://www.chinamoney.com.cn/chinese/bkcurvfqq/,2026-09-04T13:34:41+00:00,641f4799345a1523d0f54b29b1b4d71e6dc21a41433809d3ef03327533b994f4,{}
2026-09-04,10:00,options,USD.CNY,10D BF,3Y,implied_vol_mid,0.6,pct,https://www.chinamoney.com.cn/chinese/bkcurvfqq/,2026-09-04T13:34:41+00:00,641f4799345a1523d0f54b29b1b4d71e6dc21a41433809d3ef03327533b994f4,{}
2026-09-04,10:00,options,USD.CNY,10D BF,6M,implied_vol_ask,0.435,pct,https://www.chinamoney.com.cn/chinese/bkcurvfqq/,2026-09-04T13:34:41+00:00,641f4799345a1523d0f54b29b1b4d71e6dc21a41433809d3ef03327533b994f4,{}
2026-09-04,10:00,options,USD.CNY,10D BF,6M,implied_vol_bid,0.435,pct,https://www.chinamoney.com.cn/chinese/bkcurvfqq/,2026-09-04T13:34:41+00:00,641f4799345a1523d0f54b29b1b4d71e6dc21a41433809d3ef03327533b994f4,{}
2026-09-04,10:00,options,USD.CNY,10D BF,6M,implied_vol_mid,0.435,pct,https://www.chinamoney.com.cn/chinese/bkcurvfqq/,2026-09-04T13:34:41+00:00,641f4799345a1523d0f54b29b1b4d71e6dc21a41433809d3ef03327533b994f4,{}
2026-09-04,10:00,options,USD.CNY,10D BF,9M,implied_vol_ask,0.73,pct,https://www.chinamoney.com.cn/chinese/bkcurvfqq/,2026-09-04T13:34:41+00:00,641f4799345a1523d0f54b29b1b4d71e6dc21a41433809d3ef03327533b994f4,{}
2026-09-04,10:00,options,USD.CNY,10D BF,9M,implied_vol_bid,0.24,pct,https://www.chinamoney.com.cn/chinese/bkcurvfqq/,2026-09-04T13:34:41+00:00,641f4799345a1523d0f54b29b1b4d71e6dc21a41433809d3ef03327533b994f4,{}
2026-09-04,10:00,options,USD.CNY,10D BF,9M,implied_vol_mid,0.485,pct,https://www.chinamoney.com.cn/chinese/bkcurvfqq/,2026-09-04T13:34:41+00:00,641f4799345a1523d0f54b29b1b4d71e6dc21a41433809d3ef03327533b994f4,{}
2026-09-04,10:00,options,USD.CNY,25D BF,18M,implied_vol_ask,0.28,pct,https://www.chinamoney.com.cn/chinese/bkcurvfqq/,2026-09-04T13:34:41+00:00,a9151d9d70fb8e69a514b486b10e1986c357b4713d7655cb85ea98109e12f96c,{}
2026-09-04,10:00,options,USD.CNY,25D BF,18M,implied_vol_bid,0.1,pct,https://www.chinamoney.com.cn/chinese/bkcurvfqq/,2026-09-04T13:34:41+00:00,a9151d9d70fb8e69a514b486b10e1986c357b4713d7655cb85ea98109e12f96c,{}
2026-09-04,10:00,options,USD.CNY,25D BF,18M,implied_vol_mid,0.19,pct,https://www.chinamoney.com.cn/chinese/bkcurvfqq/,2026-09-04T13:34:41+00:00,a9151d9d70fb8e69a514b486b10e1986c357b4713d7655cb85ea98109e12f96c,{}
2026-09-04,10:00,options,USD.CNY,25D BF,1D,implied_vol_ask,0.1,pct,https://www.chinamoney.com.cn/chinese/bkcurvfqq/,2026-09-04T13:34:41+00:00,a9151d9d70fb8e69a514b486b10e1986c357b4713d7655cb85ea98109e12f96c,{}
2026-09-04,10:00,options,USD.CNY,25D BF,1D,implied_vol_bid,0.1,pct,https://www.chinamoney.com.cn/chinese/bkcurvfqq/,2026-09-04T13:34:41+00:00,a9151d9d70fb8e69a514b486b10e1986c357b4713d7655cb85ea98109e12f96c,{}
2026-09-04,10:00,options,USD.CNY,25D BF,1D,implied_vol_mid,0.1,pct,https://www.chinamoney.com.cn/chinese/bkcurvfqq/,2026-09-04T13:34:41+00:00,a9151d9d70fb8e69a514b486b10e1986c357b4713d7655cb85ea98109e12f96c,{}
2026-09-04,10:00,options,USD.CNY,25D BF,1M,implied_vol_ask,0.065,pct,https://www.chinamoney.com.cn/chinese/bkcurvfqq/,2026-09-04T13:34:41+00:00,a9151d9d70fb8e69a514b486b10e1986c357b4713d7655cb85ea98109e12f96c,{}
2026-09-04,10:00,options,USD.CNY,25D BF,1M,implied_vol_bid,0.065,pct,https://www.chinamoney.com.cn/chinese/bkcurvfqq/,2026-09-04T13:34:41+00:00,a9151d9d70fb8e69a514b486b10e1986c357b4713d7655cb85ea98109e12f96c,{}
2026-09-04,10:00,options,USD.CNY,25D BF,1M,implied_vol_mid,0.065,pct,https://www.chinamoney.com.cn/chinese/bkcurvfqq/,2026-09-04T13:34:41+00:00,a9151d9d70fb8e69a514b486b10e1986c357b4713d7655cb85ea98109e12f96c,{}
2026-09-04,10:00,options,USD.CNY,25D BF,1W,implied_vol_ask,0.1,pct,https://www.chinamoney.com.cn/chinese/bkcurvfqq/,2026-09-04T13:34:41+00:00,a9151d9d70fb8e69a514b486b10e1986c357b4713d7655cb85ea98109e12f96c,{}
2026-09-04,10:00,options,USD.CNY,25D BF,1W,implied_vol_bid,0.0,pct,https://www.chinamoney.com.cn/chinese/bkcurvfqq/,2026-09-04T13:34:41+00:00,a9151d9d70fb8e69a514b486b10e1986c357b4713d7655cb85ea98109e12f96c,{}
2026-09-04,10:00,options,USD.CNY,25D BF,1W,implied_vol_mid,0.05,pct,https://www.chinamoney.com.cn/chinese/bkcurvfqq/,2026-09-04T13:34:41+00:00,a9151d9d70fb8e69a514b486b10e1986c357b4713d7655cb85ea98109e12f96c,{}
2026-09-04,10:00,options,USD.CNY,25D BF,1Y,implied_vol_ask,0.28,pct,https://www.chinamoney.com.cn/chinese/bkcurvfqq/,2026-09-04T13:34:41+00:00,a9151d9d70fb8e69a514b486b10e1986c357b4713d7655cb85ea98109e12f96c,{}
2026-09-04,10:00,options,USD.CNY,25D BF,1Y,implied_vol_bid,0.07,pct,https://www.chinamoney.com.cn/chinese/bkcurvfqq/,2026-09-04T13:34:41+00:00,a9151d9d70fb8e69a514b486b10e1986c357b4713d7655cb85ea98109e12f96c,{}
2026-09-04,10:00,options,USD.CNY,25D BF,1Y,implied_vol_mid,0.175,pct,https://www.chinamoney.com.cn/chinese/bkcurvfqq/,2026-09-04T13:34:41+00:00,a9151d9d70fb8e69a514b486b10e1986c357b4713d7655cb85ea98109e12f96c,{}
2026-09-04,10:00,options,USD.CNY,25D BF,2M,implied_vol_ask,0.085,pct,https://www.chinamoney.com.cn/chinese/bkcurvfqq/,2026-09-04T13:34:41+00:00,a9151d9d70fb8e69a514b486b10e1986c357b4713d7655cb85ea98109e12f96c,{}
2026-09-04,10:00,options,USD.CNY,25D BF,2M,implied_vol_bid,0.085,pct,https://www.chinamoney.com.cn/chinese/bkcurvfqq/,2026-09-04T13:34:41+00:00,a9151d9d70fb8e69a514b486b10e1986c357b4713d7655cb85ea98109e12f96c,{}
2026-09-04,10:00,options,USD.CNY,25D BF,2M,implied_vol_mid,0.085,pct,https://www.chinamoney.com.cn/chinese/bkcurvfqq/,2026-09-04T13:34:41+00:00,a9151d9d70fb8e69a514b486b10e1986c357b4713d7655cb85ea98109e12f96c,{}
2026-09-04,10:00,options,USD.CNY,25D BF,2W,implied_vol_ask,0.05,pct,https://www.chinamoney.com.cn/chinese/bkcurvfqq/,2026-09-04T13:34:41+00:00,a9151d9d70fb8e69a514b486b10e1986c357b4713d7655cb85ea98109e12f96c,{}
2026-09-04,10:00,options,USD.CNY,25D BF,2W,implied_vol_bid,0.05,pct,https://www.chinamoney.com.cn/chinese/bkcurvfqq/,2026-09-04T13:34:41+00:00,a9151d9d70fb8e69a514b486b10e1986c357b4713d7655cb85ea98109e12f96c,{}
2026-09-04,10:00,options,USD.CNY,25D BF,2W,implied_vol_mid,0.05,pct,https://www.chinamoney.com.cn/chinese/bkcurvfqq/,2026-09-04T13:34:41+00:00,a9151d9d70fb8e69a514b486b10e1986c357b4713d7655cb85ea98109e12f96c,{}
2026-09-04,10:00,options,USD.CNY,25D BF,2Y,implied_vol_ask,0.32,pct,https://www.chinamoney.com.cn/chinese/bkcurvfqq/,2026-09-04T13:34:41+00:00,a9151d9d70fb8e69a514b486b10e1986c357b4713d7655cb85ea98109e12f96c,{}
2026-09-04,10:00,options,USD.CNY,25D BF,2Y,implied_vol_bid,0.1,pct,https://www.chinamoney.com.cn/chinese/bkcurvfqq/,2026-09-04T13:34:41+00:00,a9151d9d70fb8e69a514b486b10e1986c357b4713d7655cb85ea98109e12f96c,{}
2026-09-04,10:00,options,USD.CNY,25D BF,2Y,implied_vol_mid,0.21,pct,https://www.chinamoney.com.cn/chinese/bkcurvfqq/,2026-09-04T13:34:41+00:00,a9151d9d70fb8e69a514b486b10e1986c357b4713d7655cb85ea98109e12f96c,{}
2026-09-04,10:00,options,USD.CNY,25D BF,3M,implied_vol_ask,0.09,pct,https://www.chinamoney.com.cn/chinese/bkcurvfqq/,2026-09-04T13:34:41+00:00,a9151d9d70fb8e69a514b486b10e1986c357b4713d7655cb85ea98109e12f96c,{}
2026-09-04,10:00,options,USD.CNY,25D BF,3M,implied_vol_bid,0.09,pct,https://www.chinamoney.com.cn/chinese/bkcurvfqq/,2026-09-04T13:34:41+00:00,a9151d9d70fb8e69a514b486b10e1986c357b4713d7655cb85ea98109e12f96c,{}
2026-09-04,10:00,options,USD.CNY,25D BF,3M,implied_vol_mid,0.09,pct,https://www.chinamoney.com.cn/chinese/bkcurvfqq/,2026-09-04T13:34:41+00:00,a9151d9d70fb8e69a514b486b10e1986c357b4713d7655cb85ea98109e12f96c,{}
2026-09-04,10:00,options,USD.CNY,25D BF,3W,implied_vol_ask,0.1,pct,https://www.chinamoney.com.cn/chinese/bkcurvfqq/,2026-09-04T13:34:41+00:00,a9151d9d70fb8e69a514b486b10e1986c357b4713d7655cb85ea98109e12f96c,{}
2026-09-04,10:00,options,USD.CNY,25D BF,3W,implied_vol_bid,0.0,pct,https://www.chinamoney.com.cn/chinese/bkcurvfqq/,2026-09-04T13:34:41+00:00,a9151d9d70fb8e69a514b486b10e1986c357b4713d7655cb85ea98109e12f96c,{}
2026-09-04,10:00,options,USD.CNY,25D BF,3W,implied_vol_mid,0.07,pct,https://www.chinamoney.com.cn/chinese/bkcurvfqq/,2026-09-04T13:34:41+00:00,a9151d9d70fb8e69a514b486b10e1986c357b4713d7655cb85ea98109e12f96c,{}
2026-09-04,10:00,options,USD.CNY,25D BF,3Y,implied_vol_ask,0.35,pct,https://www.chinamoney.com.cn/chinese/bkcurvfqq/,2026-09-04T13:34:41+00:00,a9151d9d70fb8e69a514b486b10e1986c357b4713d7655cb85ea98109e12f96c,{}
2026-09-04,10:00,options,USD.CNY,25D BF,3Y,implied_vol_bid,0.1,pct,https://www.chinamoney.com.cn/chinese/bkcurvfqq/,2026-09-04T13:34:41+00:00,a9151d9d70fb8e69a514b486b10e1986c357b4713d7655cb85ea98109e12f96c,{}
2026-09-04,10:00,options,USD.CNY,25D BF,3Y,implied_vol_mid,0.225,pct,https://www.chinamoney.com.cn/chinese/bkcurvfqq/,2026-09-04T13:34:41+00:00,a9151d9d70fb8e69a514b486b10e1986c357b4713d7655cb85ea98109e12f96c,{}
2026-09-04,10:00,options,USD.CNY,25D BF,6M,implied_vol_ask,0.135,pct,https://www.chinamoney.com.cn/chinese/bkcurvfqq/,2026-09-04T13:34:41+00:00,a9151d9d70fb8e69a514b486b10e1986c357b4713d7655cb85ea98109e12f96c,{}
2026-09-04,10:00,options,USD.CNY,25D BF,6M,implied_vol_bid,0.135,pct,https://www.chinamoney.com.cn/chinese/bkcurvfqq/,2026-09-04T13:34:41+00:00,a9151d9d70fb8e69a514b486b10e1986c357b4713d7655cb85ea98109e12f96c,{}
2026-09-04,10:00,options,USD.CNY,25D BF,6M,implied_vol_mid,0.135,pct,https://www.chinamoney.com.cn/chinese/bkcurvfqq/,2026-09-04T13:34:41+00:00,a9151d9d70fb8e69a514b486b10e1986c357b4713d7655cb85ea98109e12f96c,{}
2026-09-04,10:00,options,USD.CNY,25D BF,9M,implied_vol_ask,0.26,pct,https://www.chinamoney.com.cn/chinese/bkcurvfqq/,2026-09-04T13:34:41+00:00,a9151d9d70fb8e69a514b486b10e1986c357b4713d7655cb85ea98109e12f96c,{}
2026-09-04,10:00,options,USD.CNY,25D BF,9M,implied_vol_bid,0.07,pct,https://www.chinamoney.com.cn/chinese/bkcurvfqq/,2026-09-04T13:34:41+00:00,a9151d9d70fb8e69a514b486b10e1986c357b4713d7655cb85ea98109e12f96c,{}
2026-09-04,10:00,options,USD.CNY,25D BF,9M,implied_vol_mid,0.165,pct,https://www.chinamoney.com.cn/chinese/bkcurvfqq/,2026-09-04T13:34:41+00:00,a9151d9d70fb8e69a514b486b10e1986c357b4713d7655cb85ea98109e12f96c,{}
2026-09-04,10:00,options,USD.CNY,25D RR,18M,implied_vol_ask,0.5,pct,https://www.chinamoney.com.cn/chinese/bkcurvfqq/,2026-09-04T13:34:41+00:00,36a72453f8fddff69ad945ab48b94123040afe61d6054c0407fe937915bd42fa,{}
2026-09-04,10:00,options,USD.CNY,25D RR,18M,implied_vol_bid,-0.5,pct,https://www.chinamoney.com.cn/chinese/bkcurvfqq/,2026-09-04T13:34:41+00:00,36a72453f8fddff69ad945ab48b94123040afe61d6054c0407fe937915bd42fa,{}
2026-09-04,10:00,options,USD.CNY,25D RR,18M,implied_vol_mid,0.0,pct,https://www.chinamoney.com.cn/chinese/bkcurvfqq/,2026-09-04T13:34:41+00:00,36a72453f8fddff69ad945ab48b94123040afe61d6054c0407fe937915bd42fa,{}
2026-09-04,10:00,options,USD.CNY,25D RR,1D,implied_vol_ask,-0.05,pct,https://www.chinamoney.com.cn/chinese/bkcurvfqq/,2026-09-04T13:34:41+00:00,36a72453f8fddff69ad945ab48b94123040afe61d6054c0407fe937915bd42fa,{}
2026-09-04,10:00,options,USD.CNY,25D RR,1D,implied_vol_bid,-0.05,pct,https://www.chinamoney.com.cn/chinese/bkcurvfqq/,2026-09-04T13:34:41+00:00,36a72453f8fddff69ad945ab48b94123040afe61d6054c0407fe937915bd42fa,{}
2026-09-04,10:00,options,USD.CNY,25D RR,1D,implied_vol_mid,-0.05,pct,https://www.chinamoney.com.cn/chinese/bkcurvfqq/,2026-09-04T13:34:41+00:00,36a72453f8fddff69ad945ab48b94123040afe61d6054c0407fe937915bd42fa,{}
2026-09-04,10:00,options,USD.CNY,25D RR,1M,implied_vol_ask,0.0,pct,https://www.chinamoney.com.cn/chinese/bkcurvfqq/,2026-09-04T13:34:41+00:00,36a72453f8fddff69ad945ab48b94123040afe61d6054c0407fe937915bd42fa,{}
2026-09-04,10:00,options,USD.CNY,25D RR,1M,implied_vol_bid,0.0,pct,https://www.chinamoney.com.cn/chinese/bkcurvfqq/,2026-09-04T13:34:41+00:00,36a72453f8fddff69ad945ab48b94123040afe61d6054c0407fe937915bd42fa,{}
2026-09-04,10:00,options,USD.CNY,25D RR,1M,implied_vol_mid,0.0,pct,https://www.chinamoney.com.cn/chinese/bkcurvfqq/,2026-09-04T13:34:41+00:00,36a72453f8fddff69ad945ab48b94123040afe61d6054c0407fe937915bd42fa,{}
2026-09-04,10:00,options,USD.CNY,25D RR,1W,implied_vol_ask,0.4,pct,https://www.chinamoney.com.cn/chinese/bkcurvfqq/,2026-09-04T13:34:41+00:00,36a72453f8fddff69ad945ab48b94123040afe61d6054c0407fe937915bd42fa,{}
2026-09-04,10:00,options,USD.CNY,25D RR,1W,implied_vol_bid,-0.5,pct,https://www.chinamoney.com.cn/chinese/bkcurvfqq/,2026-09-04T13:34:41+00:00,36a72453f8fddff69ad945ab48b94123040afe61d6054c0407fe937915bd42fa,{}
2026-09-04,10:00,options,USD.CNY,25D RR,1W,implied_vol_mid,-0.05,pct,https://www.chinamoney.com.cn/chinese/bkcurvfqq/,2026-09-04T13:34:41+00:00,36a72453f8fddff69ad945ab48b94123040afe61d6054c0407fe937915bd42fa,{}
2026-09-04,10:00,options,USD.CNY,25D RR,1Y,implied_vol_ask,0.025,pct,https://www.chinamoney.com.cn/chinese/bkcurvfqq/,2026-09-04T13:34:41+00:00,36a72453f8fddff69ad945ab48b94123040afe61d6054c0407fe937915bd42fa,{}
2026-09-04,10:00,options,USD.CNY,25D RR,1Y,implied_vol_bid,-0.025,pct,https://www.chinamoney.com.cn/chinese/bkcurvfqq/,2026-09-04T13:34:41+00:00,36a72453f8fddff69ad945ab48b94123040afe61d6054c0407fe937915bd42fa,{}
2026-09-04,10:00,options,USD.CNY,25D RR,1Y,implied_vol_mid,0.0,pct,https://www.chinamoney.com.cn/chinese/bkcurvfqq/,2026-09-04T13:34:41+00:00,36a72453f8fddff69ad945ab48b94123040afe61d6054c0407fe937915bd42fa,{}
2026-09-04,10:00,options,USD.CNY,25D RR,2M,implied_vol_ask,-0.025,pct,https://www.chinamoney.com.cn/chinese/bkcurvfqq/,2026-09-04T13:34:41+00:00,36a72453f8fddff69ad945ab48b94123040afe61d6054c0407fe937915bd42fa,{}
2026-09-04,10:00,options,USD.CNY,25D RR,2M,implied_vol_bid,-0.025,pct,https://www.chinamoney.com.cn/chinese/bkcurvfqq/,2026-09-04T13:34:41+00:00,36a72453f8fddff69ad945ab48b94123040afe61d6054c0407fe937915bd42fa,{}
2026-09-04,10:00,options,USD.CNY,25D RR,2M,implied_vol_mid,-0.025,pct,https://www.chinamoney.com.cn/chinese/bkcurvfqq/,2026-09-04T13:34:41+00:00,36a72453f8fddff69ad945ab48b94123040afe61d6054c0407fe937915bd42fa,{}
2026-09-04,10:00,options,USD.CNY,25D RR,2W,implied_vol_ask,-0.05,pct,https://www.chinamoney.com.cn/chinese/bkcurvfqq/,2026-09-04T13:34:41+00:00,36a72453f8fddff69ad945ab48b94123040afe61d6054c0407fe937915bd42fa,{}
2026-09-04,10:00,options,USD.CNY,25D RR,2W,implied_vol_bid,-0.05,pct,https://www.chinamoney.com.cn/chinese/bkcurvfqq/,2026-09-04T13:34:41+00:00,36a72453f8fddff69ad945ab48b94123040afe61d6054c0407fe937915bd42fa,{}
2026-09-04,10:00,options,USD.CNY,25D RR,2W,implied_vol_mid,-0.05,pct,https://www.chinamoney.com.cn/chinese/bkcurvfqq/,2026-09-04T13:34:41+00:00,36a72453f8fddff69ad945ab48b94123040afe61d6054c0407fe937915bd42fa,{}
2026-09-04,10:00,options,USD.CNY,25D RR,2Y,implied_vol_ask,0.5,pct,https://www.chinamoney.com.cn/chinese/bkcurvfqq/,2026-09-04T13:34:41+00:00,36a72453f8fddff69ad945ab48b94123040afe61d6054c0407fe937915bd42fa,{}
2026-09-04,10:00,options,USD.CNY,25D RR,2Y,implied_vol_bid,-0.5,pct,https://www.chinamoney.com.cn/chinese/bkcurvfqq/,2026-09-04T13:34:41+00:00,36a72453f8fddff69ad945ab48b94123040afe61d6054c0407fe937915bd42fa,{}
2026-09-04,10:00,options,USD.CNY,25D RR,2Y,implied_vol_mid,0.0,pct,https://www.chinamoney.com.cn/chinese/bkcurvfqq/,2026-09-04T13:34:41+00:00,36a72453f8fddff69ad945ab48b94123040afe61d6054c0407fe937915bd42fa,{}
2026-09-04,10:00,options,USD.CNY,25D RR,3M,implied_vol_ask,0.0,pct,https://www.chinamoney.com.cn/chinese/bkcurvfqq/,2026-09-04T13:34:41+00:00,36a72453f8fddff69ad945ab48b94123040afe61d6054c0407fe937915bd42fa,{}
2026-09-04,10:00,options,USD.CNY,25D RR,3M,implied_vol_bid,0.0,pct,https://www.chinamoney.com.cn/chinese/bkcurvfqq/,2026-09-04T13:34:41+00:00,36a72453f8fddff69ad945ab48b94123040afe61d6054c0407fe937915bd42fa,{}
2026-09-04,10:00,options,USD.CNY,25D RR,3M,implied_vol_mid,0.0,pct,https://www.chinamoney.com.cn/chinese/bkcurvfqq/,2026-09-04T13:34:41+00:00,36a72453f8fddff69ad945ab48b94123040afe61d6054c0407fe937915bd42fa,{}
2026-09-04,10:00,options,USD.CNY,25D RR,3W,implied_vol_ask,0.4,pct,https://www.chinamoney.com.cn/chinese/bkcurvfqq/,2026-09-04T13:34:41+00:00,36a72453f8fddff69ad945ab48b94123040afe61d6054c0407fe937915bd42fa,{}
2026-09-04,10:00,options,USD.CNY,25D RR,3W,implied_vol_bid,-0.5,pct,https://www.chinamoney.com.cn/chinese/bkcurvfqq/,2026-09-04T13:34:41+00:00,36a72453f8fddff69ad945ab48b94123040afe61d6054c0407fe937915bd42fa,{}
2026-09-04,10:00,options,USD.CNY,25D RR,3W,implied_vol_mid,-0.05,pct,https://www.chinamoney.com.cn/chinese/bkcurvfqq/,2026-09-04T13:34:41+00:00,36a72453f8fddff69ad945ab48b94123040afe61d6054c0407fe937915bd42fa,{}
2026-09-04,10:00,options,USD.CNY,25D RR,3Y,implied_vol_ask,0.5,pct,https://www.chinamoney.com.cn/chinese/bkcurvfqq/,2026-09-04T13:34:41+00:00,36a72453f8fddff69ad945ab48b94123040afe61d6054c0407fe937915bd42fa,{}
2026-09-04,10:00,options,USD.CNY,25D RR,3Y,implied_vol_bid,-0.5,pct,https://www.chinamoney.com.cn/chinese/bkcurvfqq/,2026-09-04T13:34:41+00:00,36a72453f8fddff69ad945ab48b94123040afe61d6054c0407fe937915bd42fa,{}
2026-09-04,10:00,options,USD.CNY,25D RR,3Y,implied_vol_mid,0.0,pct,https://www.chinamoney.com.cn/chinese/bkcurvfqq/,2026-09-04T13:34:41+00:00,36a72453f8fddff69ad945ab48b94123040afe61d6054c0407fe937915bd42fa,{}
2026-09-04,10:00,options,USD.CNY,25D RR,6M,implied_vol_ask,-0.0031,pct,https://www.chinamoney.com.cn/chinese/bkcurvfqq/,2026-09-04T13:34:41+00:00,36a72453f8fddff69ad945ab48b94123040afe61d6054c0407fe937915bd42fa,{}
2026-09-04,10:00,options,USD.CNY,25D RR,6M,implied_vol_bid,-0.0031,pct,https://www.chinamoney.com.cn/chinese/bkcurvfqq/,2026-09-04T13:34:41+00:00,36a72453f8fddff69ad945ab48b94123040afe61d6054c0407fe937915bd42fa,{}
2026-09-04,10:00,options,USD.CNY,25D RR,6M,implied_vol_mid,-0.0031,pct,https://www.chinamoney.com.cn/chinese/bkcurvfqq/,2026-09-04T13:34:41+00:00,36a72453f8fddff69ad945ab48b94123040afe61d6054c0407fe937915bd42fa,{}
2026-09-04,10:00,options,USD.CNY,25D RR,9M,implied_vol_ask,0.025,pct,https://www.chinamoney.com.cn/chinese/bkcurvfqq/,2026-09-04T13:34:41+00:00,36a72453f8fddff69ad945ab48b94123040afe61d6054c0407fe937915bd42fa,{}
2026-09-04,10:00,options,USD.CNY,25D RR,9M,implied_vol_bid,-0.025,pct,https://www.chinamoney.com.cn/chinese/bkcurvfqq/,2026-09-04T13:34:41+00:00,36a72453f8fddff69ad945ab48b94123040afe61d6054c0407fe937915bd42fa,{}
2026-09-04,10:00,options,USD.CNY,25D RR,9M,implied_vol_mid,-0.025,pct,https://www.chinamoney.com.cn/chinese/bkcurvfqq/,2026-09-04T13:34:41+00:00,36a72453f8fddff69ad945ab48b94123040afe61d6054c0407fe937915bd42fa,{}
2026-09-04,10:00,options,USD.CNY,ATM,18M,implied_vol_ask,3.4,pct,https://www.chinamoney.com.cn/chinese/bkcurvfqq/,2026-09-04T13:34:41+00:00,8e5f8033d7e5515fdff7f22d68c97be5a597db325770b48037e446957a10a890,{}
2026-09-04,10:00,options,USD.CNY,ATM,18M,implied_vol_bid,3.0,pct,https://www.chinamoney.com.cn/chinese/bkcurvfqq/,2026-09-04T13:34:41+00:00,8e5f8033d7e5515fdff7f22d68c97be5a597db325770b48037e446957a10a890,{}
2026-09-04,10:00,options,USD.CNY,ATM,18M,implied_vol_mid,3.2,pct,https://www.chinamoney.com.cn/chinese/bkcurvfqq/,2026-09-04T13:34:41+00:00,8e5f8033d7e5515fdff7f22d68c97be5a597db325770b48037e446957a10a890,{}
2026-09-04,10:00,options,USD.CNY,ATM,1D,implied_vol_ask,1.5,pct,https://www.chinamoney.com.cn/chinese/bkcurvfqq/,2026-09-04T13:34:41+00:00,8e5f8033d7e5515fdff7f22d68c97be5a597db325770b48037e446957a10a890,{}
2026-09-04,10:00,options,USD.CNY,ATM,1D,implied_vol_bid,1.5,pct,https://www.chinamoney.com.cn/chinese/bkcurvfqq/,2026-09-04T13:34:41+00:00,8e5f8033d7e5515fdff7f22d68c97be5a597db325770b48037e446957a10a890,{}
2026-09-04,10:00,options,USD.CNY,ATM,1D,implied_vol_mid,1.5,pct,https://www.chinamoney.com.cn/chinese/bkcurvfqq/,2026-09-04T13:34:41+00:00,8e5f8033d7e5515fdff7f22d68c97be5a597db325770b48037e446957a10a890,{}
2026-09-04,10:00,options,USD.CNY,ATM,1M,implied_vol_ask,1.5624,pct,https://www.chinamoney.com.cn/chinese/bkcurvfqq/,2026-09-04T13:34:41+00:00,8e5f8033d7e5515fdff7f22d68c97be5a597db325770b48037e446957a10a890,{}
2026-09-04,10:00,options,USD.CNY,ATM,1M,implied_vol_bid,1.5624,pct,https://www.chinamoney.com.cn/chinese/bkcurvfqq/,2026-09-04T13:34:41+00:00,8e5f8033d7e5515fdff7f22d68c97be5a597db325770b48037e446957a10a890,{}
2026-09-04,10:00,options,USD.CNY,ATM,1M,implied_vol_mid,1.5624,pct,https://www.chinamoney.com.cn/chinese/bkcurvfqq/,2026-09-04T13:34:41+00:00,8e5f8033d7e5515fdff7f22d68c97be5a597db325770b48037e446957a10a890,{}
2026-09-04,10:00,options,USD.CNY,ATM,1W,implied_vol_ask,1.65,pct,https://www.chinamoney.com.cn/chinese/bkcurvfqq/,2026-09-04T13:34:41+00:00,8e5f8033d7e5515fdff7f22d68c97be5a597db325770b48037e446957a10a890,{}
2026-09-04,10:00,options,USD.CNY,ATM,1W,implied_vol_bid,1.25,pct,https://www.chinamoney.com.cn/chinese/bkcurvfqq/,2026-09-04T13:34:41+00:00,8e5f8033d7e5515fdff7f22d68c97be5a597db325770b48037e446957a10a890,{}
2026-09-04,10:00,options,USD.CNY,ATM,1W,implied_vol_mid,1.45,pct,https://www.chinamoney.com.cn/chinese/bkcurvfqq/,2026-09-04T13:34:41+00:00,8e5f8033d7e5515fdff7f22d68c97be5a597db325770b48037e446957a10a890,{}
2026-09-04,10:00,options,USD.CNY,ATM,1Y,implied_vol_ask,3.05,pct,https://www.chinamoney.com.cn/chinese/bkcurvfqq/,2026-09-04T13:34:41+00:00,8e5f8033d7e5515fdff7f22d68c97be5a597db325770b48037e446957a10a890,{}
2026-09-04,10:00,options,USD.CNY,ATM,1Y,implied_vol_bid,3.02,pct,https://www.chinamoney.com.cn/chinese/bkcurvfqq/,2026-09-04T13:34:41+00:00,8e5f8033d7e5515fdff7f22d68c97be5a597db325770b48037e446957a10a890,{}
2026-09-04,10:00,options,USD.CNY,ATM,1Y,implied_vol_mid,3.03,pct,https://www.chinamoney.com.cn/chinese/bkcurvfqq/,2026-09-04T13:34:41+00:00,8e5f8033d7e5515fdff7f22d68c97be5a597db325770b48037e446957a10a890,{}
2026-09-04,10:00,options,USD.CNY,ATM,2M,implied_vol_ask,1.8788,pct,https://www.chinamoney.com.cn/chinese/bkcurvfqq/,2026-09-04T13:34:41+00:00,8e5f8033d7e5515fdff7f22d68c97be5a597db325770b48037e446957a10a890,{}
2026-09-04,10:00,options,USD.CNY,ATM,2M,implied_vol_bid,1.8788,pct,https://www.chinamoney.com.cn/chinese/bkcurvfqq/,2026-09-04T13:34:41+00:00,8e5f8033d7e5515fdff7f22d68c97be5a597db325770b48037e446957a10a890,{}
2026-09-04,10:00,options,USD.CNY,ATM,2M,implied_vol_mid,1.8788,pct,https://www.chinamoney.com.cn/chinese/bkcurvfqq/,2026-09-04T13:34:41+00:00,8e5f8033d7e5515fdff7f22d68c97be5a597db325770b48037e446957a10a890,{}
2026-09-04,10:00,options,USD.CNY,ATM,2W,implied_vol_ask,1.55,pct,https://www.chinamoney.com.cn/chinese/bkcurvfqq/,2026-09-04T13:34:41+00:00,8e5f8033d7e5515fdff7f22d68c97be5a597db325770b48037e446957a10a890,{}
2026-09-04,10:00,options,USD.CNY,ATM,2W,implied_vol_bid,1.55,pct,https://www.chinamoney.com.cn/chinese/bkcurvfqq/,2026-09-04T13:34:41+00:00,8e5f8033d7e5515fdff7f22d68c97be5a597db325770b48037e446957a10a890,{}
2026-09-04,10:00,options,USD.CNY,ATM,2W,implied_vol_mid,1.55,pct,https://www.chinamoney.com.cn/chinese/bkcurvfqq/,2026-09-04T13:34:41+00:00,8e5f8033d7e5515fdff7f22d68c97be5a597db325770b48037e446957a10a890,{}
2026-09-04,10:00,options,USD.CNY,ATM,2Y,implied_vol_ask,3.6,pct,https://www.chinamoney.com.cn/chinese/bkcurvfqq/,2026-09-04T13:34:41+00:00,8e5f8033d7e5515fdff7f22d68c97be5a597db325770b48037e446957a10a890,{}
2026-09-04,10:00,options,USD.CNY,ATM,2Y,implied_vol_bid,3.15,pct,https://www.chinamoney.com.cn/chinese/bkcurvfqq/,2026-09-04T13:34:41+00:00,8e5f8033d7e5515fdff7f22d68c97be5a597db325770b48037e446957a10a890,{}
2026-09-04,10:00,options,USD.CNY,ATM,2Y,implied_vol_mid,3.375,pct,https://www.chinamoney.com.cn/chinese/bkcurvfqq/,2026-09-04T13:34:41+00:00,8e5f8033d7e5515fdff7f22d68c97be5a597db325770b48037e446957a10a890,{}
2026-09-04,10:00,options,USD.CNY,ATM,3M,implied_vol_ask,2.0316,pct,https://www.chinamoney.com.cn/chinese/bkcurvfqq/,2026-09-04T13:34:41+00:00,8e5f8033d7e5515fdff7f22d68c97be5a597db325770b48037e446957a10a890,{}
2026-09-04,10:00,options,USD.CNY,ATM,3M,implied_vol_bid,2.0316,pct,https://www.chinamoney.com.cn/chinese/bkcurvfqq/,2026-09-04T13:34:41+00:00,8e5f8033d7e5515fdff7f22d68c97be5a597db325770b48037e446957a10a890,{}
2026-09-04,10:00,options,USD.CNY,ATM,3M,implied_vol_mid,2.0316,pct,https://www.chinamoney.com.cn/chinese/bkcurvfqq/,2026-09-04T13:34:41+00:00,8e5f8033d7e5515fdff7f22d68c97be5a597db325770b48037e446957a10a890,{}
2026-09-04,10:00,options,USD.CNY,ATM,3W,implied_vol_ask,1.9,pct,https://www.chinamoney.com.cn/chinese/bkcurvfqq/,2026-09-04T13:34:41+00:00,8e5f8033d7e5515fdff7f22d68c97be5a597db325770b48037e446957a10a890,{}
2026-09-04,10:00,options,USD.CNY,ATM,3W,implied_vol_bid,1.35,pct,https://www.chinamoney.com.cn/chinese/bkcurvfqq/,2026-09-04T13:34:41+00:00,8e5f8033d7e5515fdff7f22d68c97be5a597db325770b48037e446957a10a890,{}
2026-09-04,10:00,options,USD.CNY,ATM,3W,implied_vol_mid,1.5,pct,https://www.chinamoney.com.cn/chinese/bkcurvfqq/,2026-09-04T13:34:41+00:00,8e5f8033d7e5515fdff7f22d68c97be5a597db325770b48037e446957a10a890,{}
2026-09-04,10:00,options,USD.CNY,ATM,3Y,implied_vol_ask,3.8,pct,https://www.chinamoney.com.cn/chinese/bkcurvfqq/,2026-09-04T13:34:41+00:00,8e5f8033d7e5515fdff7f22d68c97be5a597db325770b48037e446957a10a890,{}
2026-09-04,10:00,options,USD.CNY,ATM,3Y,implied_vol_bid,3.25,pct,https://www.chinamoney.com.cn/chinese/bkcurvfqq/,2026-09-04T13:34:41+00:00,8e5f8033d7e5515fdff7f22d68c97be5a597db325770b48037e446957a10a890,{}
2026-09-04,10:00,options,USD.CNY,ATM,3Y,implied_vol_mid,3.525,pct,https://www.chinamoney.com.cn/chinese/bkcurvfqq/,2026-09-04T13:34:41+00:00,8e5f8033d7e5515fdff7f22d68c97be5a597db325770b48037e446957a10a890,{}
2026-09-04,10:00,options,USD.CNY,ATM,6M,implied_vol_ask,2.4878,pct,https://www.chinamoney.com.cn/chinese/bkcurvfqq/,2026-09-04T13:34:41+00:00,8e5f8033d7e5515fdff7f22d68c97be5a597db325770b48037e446957a10a890,{}
2026-09-04,10:00,options,USD.CNY,ATM,6M,implied_vol_bid,2.4878,pct,https://www.chinamoney.com.cn/chinese/bkcurvfqq/,2026-09-04T13:34:41+00:00,8e5f8033d7e5515fdff7f22d68c97be5a597db325770b48037e446957a10a890,{}
2026-09-04,10:00,options,USD.CNY,ATM,6M,implied_vol_mid,2.4878,pct,https://www.chinamoney.com.cn/chinese/bkcurvfqq/,2026-09-04T13:34:41+00:00,8e5f8033d7e5515fdff7f22d68c97be5a597db325770b48037e446957a10a890,{}
2026-09-04,10:00,options,USD.CNY,ATM,9M,implied_vol_ask,2.9,pct,https://www.chinamoney.com.cn/chinese/bkcurvfqq/,2026-09-04T13:34:41+00:00,8e5f8033d7e5515fdff7f22d68c97be5a597db325770b48037e446957a10a890,{}
2026-09-04,10:00,options,USD.CNY,ATM,9M,implied_vol_bid,2.775,pct,https://www.chinamoney.com.cn/chinese/bkcurvfqq/,2026-09-04T13:34:41+00:00,8e5f8033d7e5515fdff7f22d68c97be5a597db325770b48037e446957a10a890,{}
2026-09-04,10:00,options,USD.CNY,ATM,9M,implied_vol_mid,2.8,pct,https://www.chinamoney.com.cn/chinese/bkcurvfqq/,2026-09-04T13:34:41+00:00,8e5f8033d7e5515fdff7f22d68c97be5a597db325770b48037e446957a10a890,{}
2026-09-04,14:00,reference_rate,USD/CNY,,,reference_rate_14,6.7155,rate,https://www.chinamoney.com.cn/ags/ms/cm-u-bk-fx/RefRateHis,2026-09-04T13:34:41+00:00,0f48155d6a3cb542e14798ad605c0da6c2263690a7792ca329076ad8e473cdd4,"{""14:00"": ""6.7155"", ""原始日期"": ""04 Sep 2026"", ""货币对"": ""USD/CNY""}"
2026-09-04,16:30,swaps,USD.CNY,,18M,forward_all_in,6.4339,rate,https://www.chinamoney.com.cn/chinese/bkcurvfsw/,2026-09-04T13:34:41+00:00,b828cbd87e190134fe53845ea9f3a4193d50dcff2bd4240c18cfae3cc5bb2618,{}
2026-09-04,16:30,swaps,USD.CNY,,18M,swap_points,-2770.0,pips,https://www.chinamoney.com.cn/chinese/bkcurvfsw/,2026-09-04T13:34:41+00:00,b828cbd87e190134fe53845ea9f3a4193d50dcff2bd4240c18cfae3cc5bb2618,{}
2026-09-04,16:30,swaps,USD.CNY,,1M,forward_all_in,6.6973,rate,https://www.chinamoney.com.cn/chinese/bkcurvfsw/,2026-09-04T13:34:41+00:00,b828cbd87e190134fe53845ea9f3a4193d50dcff2bd4240c18cfae3cc5bb2618,{}
2026-09-04,16:30,swaps,USD.CNY,,1M,swap_points,-136.0,pips,https://www.chinamoney.com.cn/chinese/bkcurvfsw/,2026-09-04T13:34:41+00:00,b828cbd87e190134fe53845ea9f3a4193d50dcff2bd4240c18cfae3cc5bb2618,{}
2026-09-04,16:30,swaps,USD.CNY,,1W,forward_all_in,6.7078,rate,https://www.chinamoney.com.cn/chinese/bkcurvfsw/,2026-09-04T13:34:41+00:00,b828cbd87e190134fe53845ea9f3a4193d50dcff2bd4240c18cfae3cc5bb2618,{}
2026-09-04,16:30,swaps,USD.CNY,,1W,swap_points,-30.8,pips,https://www.chinamoney.com.cn/chinese/bkcurvfsw/,2026-09-04T13:34:41+00:00,b828cbd87e190134fe53845ea9f3a4193d50dcff2bd4240c18cfae3cc5bb2618,{}
2026-09-04,16:30,swaps,USD.CNY,,1Y,forward_all_in,6.5286,rate,https://www.chinamoney.com.cn/chinese/bkcurvfsw/,2026-09-04T13:34:41+00:00,b828cbd87e190134fe53845ea9f3a4193d50dcff2bd4240c18cfae3cc5bb2618,{}
2026-09-04,16:30,swaps,USD.CNY,,1Y,swap_points,-1823.0,pips,https://www.chinamoney.com.cn/chinese/bkcurvfsw/,2026-09-04T13:34:41+00:00,b828cbd87e190134fe53845ea9f3a4193d50dcff2bd4240c18cfae3cc5bb2618,{}
2026-09-04,16:30,swaps,USD.CNY,,2M,forward_all_in,6.6821,rate,https://www.chinamoney.com.cn/chinese/bkcurvfsw/,2026-09-04T13:34:41+00:00,b828cbd87e190134fe53845ea9f3a4193d50dcff2bd4240c18cfae3cc5bb2618,{}
2026-09-04,16:30,swaps,USD.CNY,,2M,swap_points,-287.25,pips,https://www.chinamoney.com.cn/chinese/bkcurvfsw/,2026-09-04T13:34:41+00:00,b828cbd87e190134fe53845ea9f3a4193d50dcff2bd4240c18cfae3cc5bb2618,{}
2026-09-04,16:30,swaps,USD.CNY,,2W,forward_all_in,6.7046,rate,https://www.chinamoney.com.cn/chinese/bkcurvfsw/,2026-09-04T13:34:41+00:00,b828cbd87e190134fe53845ea9f3a4193d50dcff2bd4240c18cfae3cc5bb2618,{}
2026-09-04,16:30,swaps,USD.CNY,,2W,swap_points,-62.5,pips,https://www.chinamoney.com.cn/chinese/bkcurvfsw/,2026-09-04T13:34:41+00:00,b828cbd87e190134fe53845ea9f3a4193d50dcff2bd4240c18cfae3cc5bb2618,{}
2026-09-04,16:30,swaps,USD.CNY,,2Y,forward_all_in,6.3409,rate,https://www.chinamoney.com.cn/chinese/bkcurvfsw/,2026-09-04T13:34:41+00:00,b828cbd87e190134fe53845ea9f3a4193d50dcff2bd4240c18cfae3cc5bb2618,{}
2026-09-04,16:30,swaps,USD.CNY,,2Y,swap_points,-3700.0,pips,https://www.chinamoney.com.cn/chinese/bkcurvfsw/,2026-09-04T13:34:41+00:00,b828cbd87e190134fe53845ea9f3a4193d50dcff2bd4240c18cfae3cc5bb2618,{}
2026-09-04,16:30,swaps,USD.CNY,,3M,forward_all_in,6.6684,rate,https://www.chinamoney.com.cn/chinese/bkcurvfsw/,2026-09-04T13:34:41+00:00,b828cbd87e190134fe53845ea9f3a4193d50dcff2bd4240c18cfae3cc5bb2618,{}
2026-09-04,16:30,swaps,USD.CNY,,3M,swap_points,-424.2,pips,https://www.chinamoney.com.cn/chinese/bkcurvfsw/,2026-09-04T13:34:41+00:00,b828cbd87e190134fe53845ea9f3a4193d50dcff2bd4240c18cfae3cc5bb2618,{}
2026-09-04,16:30,swaps,USD.CNY,,3W,forward_all_in,6.7014,rate,https://www.chinamoney.com.cn/chinese/bkcurvfsw/,2026-09-04T13:34:41+00:00,b828cbd87e190134fe53845ea9f3a4193d50dcff2bd4240c18cfae3cc5bb2618,{}
2026-09-04,16:30,swaps,USD.CNY,,3W,swap_points,-95.0,pips,https://www.chinamoney.com.cn/chinese/bkcurvfsw/,2026-09-04T13:34:41+00:00,b828cbd87e190134fe53845ea9f3a4193d50dcff2bd4240c18cfae3cc5bb2618,{}
2026-09-04,16:30,swaps,USD.CNY,,3Y,forward_all_in,6.1599,rate,https://www.chinamoney.com.cn/chinese/bkcurvfsw/,2026-09-04T13:34:41+00:00,b828cbd87e190134fe53845ea9f3a4193d50dcff2bd4240c18cfae3cc5bb2618,{}
2026-09-04,16:30,swaps,USD.CNY,,3Y,swap_points,-5510.0,pips,https://www.chinamoney.com.cn/chinese/bkcurvfsw/,2026-09-04T13:34:41+00:00,b828cbd87e190134fe53845ea9f3a4193d50dcff2bd4240c18cfae3cc5bb2618,{}
2026-09-04,16:30,swaps,USD.CNY,,4M,forward_all_in,6.6533,rate,https://www.chinamoney.com.cn/chinese/bkcurvfsw/,2026-09-04T13:34:41+00:00,b828cbd87e190134fe53845ea9f3a4193d50dcff2bd4240c18cfae3cc5bb2618,{}
2026-09-04,16:30,swaps,USD.CNY,,4M,swap_points,-576.0,pips,https://www.chinamoney.com.cn/chinese/bkcurvfsw/,2026-09-04T13:34:41+00:00,b828cbd87e190134fe53845ea9f3a4193d50dcff2bd4240c18cfae3cc5bb2618,{}
2026-09-04,16:30,swaps,USD.CNY,,4Y,forward_all_in,5.9759,rate,https://www.chinamoney.com.cn/chinese/bkcurvfsw/,2026-09-04T13:34:41+00:00,b828cbd87e190134fe53845ea9f3a4193d50dcff2bd4240c18cfae3cc5bb2618,{}
2026-09-04,16:30,swaps,USD.CNY,,4Y,swap_points,-7350.0,pips,https://www.chinamoney.com.cn/chinese/bkcurvfsw/,2026-09-04T13:34:41+00:00,b828cbd87e190134fe53845ea9f3a4193d50dcff2bd4240c18cfae3cc5bb2618,{}
2026-09-04,16:30,swaps,USD.CNY,,5M,forward_all_in,6.6342,rate,https://www.chinamoney.com.cn/chinese/bkcurvfsw/,2026-09-04T13:34:41+00:00,b828cbd87e190134fe53845ea9f3a4193d50dcff2bd4240c18cfae3cc5bb2618,{}
2026-09-04,16:30,swaps,USD.CNY,,5M,swap_points,-767.0,pips,https://www.chinamoney.com.cn/chinese/bkcurvfsw/,2026-09-04T13:34:41+00:00,b828cbd87e190134fe53845ea9f3a4193d50dcff2bd4240c18cfae3cc5bb2618,{}
2026-09-04,16:30,swaps,USD.CNY,,5Y,forward_all_in,5.8009,rate,https://www.chinamoney.com.cn/chinese/bkcurvfsw/,2026-09-04T13:34:41+00:00,b828cbd87e190134fe53845ea9f3a4193d50dcff2bd4240c18cfae3cc5bb2618,{}
2026-09-04,16:30,swaps,USD.CNY,,5Y,swap_points,-9100.0,pips,https://www.chinamoney.com.cn/chinese/bkcurvfsw/,2026-09-04T13:34:41+00:00,b828cbd87e190134fe53845ea9f3a4193d50dcff2bd4240c18cfae3cc5bb2618,{}
2026-09-04,16:30,swaps,USD.CNY,,6M,forward_all_in,6.624,rate,https://www.chinamoney.com.cn/chinese/bkcurvfsw/,2026-09-04T13:34:41+00:00,b828cbd87e190134fe53845ea9f3a4193d50dcff2bd4240c18cfae3cc5bb2618,{}
2026-09-04,16:30,swaps,USD.CNY,,6M,swap_points,-868.5,pips,https://www.chinamoney.com.cn/chinese/bkcurvfsw/,2026-09-04T13:34:41+00:00,b828cbd87e190134fe53845ea9f3a4193d50dcff2bd4240c18cfae3cc5bb2618,{}
2026-09-04,16:30,swaps,USD.CNY,,9M,forward_all_in,6.577,rate,https://www.chinamoney.com.cn/chinese/bkcurvfsw/,2026-09-04T13:34:41+00:00,b828cbd87e190134fe53845ea9f3a4193d50dcff2bd4240c18cfae3cc5bb2618,{}
2026-09-04,16:30,swaps,USD.CNY,,9M,swap_points,-1338.5,pips,https://www.chinamoney.com.cn/chinese/bkcurvfsw/,2026-09-04T13:34:41+00:00,b828cbd87e190134fe53845ea9f3a4193d50dcff2bd4240c18cfae3cc5bb2618,{}
2026-09-04,16:30,swaps,USD.CNY,,ON,forward_all_in,6.7143,rate,https://www.chinamoney.com.cn/chinese/bkcurvfsw/,2026-09-04T13:34:41+00:00,b828cbd87e190134fe53845ea9f3a4193d50dcff2bd4240c18cfae3cc5bb2618,{}
2026-09-04,16:30,swaps,USD.CNY,,ON,swap_points,-17.3,pips,https://www.chinamoney.com.cn/chinese/bkcurvfsw/,2026-09-04T13:34:41+00:00,b828cbd87e190134fe53845ea9f3a4193d50dcff2bd4240c18cfae3cc5bb2618,{}
2026-09-04,16:30,swaps,USD.CNY,,SN,forward_all_in,6.7104,rate,https://www.chinamoney.com.cn/chinese/bkcurvfsw/,2026-09-04T13:34:41+00:00,b828cbd87e190134fe53845ea9f3a4193d50dcff2bd4240c18cfae3cc5bb2618,{}
2026-09-04,16:30,swaps,USD.CNY,,SN,swap_points,-4.33,pips,https://www.chinamoney.com.cn/chinese/bkcurvfsw/,2026-09-04T13:34:41+00:00,b828cbd87e190134fe53845ea9f3a4193d50dcff2bd4240c18cfae3cc5bb2618,{}
2026-09-04,16:30,swaps,USD.CNY,,TN,forward_all_in,6.7126,rate,https://www.chinamoney.com.cn/chinese/bkcurvfsw/,2026-09-04T13:34:41+00:00,b828cbd87e190134fe53845ea9f3a4193d50dcff2bd4240c18cfae3cc5bb2618,{}
2026-09-04,16:30,swaps,USD.CNY,,TN,swap_points,-17.3,pips,https://www.chinamoney.com.cn/chinese/bkcurvfsw/,2026-09-04T13:34:41+00:00,b828cbd87e190134fe53845ea9f3a4193d50dcff2bd4240c18cfae3cc5bb2618,{}
2026-09-07,,implied_rates,USD,,18M,implied_usd_rate,4.2576,pct,https://www.chinamoney.com.cn/chinese/bkcurvuir/,2026-09-07T15:05:39+00:00,802cb03f90d10e18f1754f0daa9202c11bf5b1fcdadf35398faa5569bfc7c018,"{""人民币利率(%)"": ""1.4637"", ""即期汇率"": ""6.7795"", ""期限"": ""18M"", ""远/掉期点(Pips)"": ""-2780.00"", ""隐含利率(%)"": ""4.2576""}"
2026-09-07,,implied_rates,USD,,1D,implied_usd_rate,3.7639,pct,https://www.chinamoney.com.cn/chinese/bkcurvuir/,2026-09-07T15:05:39+00:00,802cb03f90d10e18f1754f0daa9202c11bf5b1fcdadf35398faa5569bfc7c018,"{""人民币利率(%)"": ""1.4003"", ""即期汇率"": ""6.7795"", ""期限"": ""1D"", ""远/掉期点(Pips)"": ""-4.39"", ""隐含利率(%)"": ""3.7639""}"
2026-09-07,,implied_rates,USD,,1M,implied_usd_rate,3.9097,pct,https://www.chinamoney.com.cn/chinese/bkcurvuir/,2026-09-07T15:05:39+00:00,802cb03f90d10e18f1754f0daa9202c11bf5b1fcdadf35398faa5569bfc7c018,"{""人民币利率(%)"": ""1.4414"", ""即期汇率"": ""6.7795"", ""期限"": ""1M"", ""远/掉期点(Pips)"": ""-137.40"", ""隐含利率(%)"": ""3.9097""}"
2026-09-07,,implied_rates,USD,,1W,implied_usd_rate,3.7937,pct,https://www.chinamoney.com.cn/chinese/bkcurvuir/,2026-09-07T15:05:39+00:00,802cb03f90d10e18f1754f0daa9202c11bf5b1fcdadf35398faa5569bfc7c018,"{""人民币利率(%)"": ""1.4050"", ""即期汇率"": ""6.7795"", ""期限"": ""1W"", ""远/掉期点(Pips)"": ""-31.05"", ""隐含利率(%)"": ""3.7937""}"
2026-09-07,,implied_rates,USD,,1Y,implied_usd_rate,4.1967,pct,https://www.chinamoney.com.cn/chinese/bkcurvuir/,2026-09-07T15:05:39+00:00,802cb03f90d10e18f1754f0daa9202c11bf5b1fcdadf35398faa5569bfc7c018,"{""人民币利率(%)"": ""1.4625"", ""即期汇率"": ""6.7795"", ""期限"": ""1Y"", ""远/掉期点(Pips)"": ""-1828.50"", ""隐含利率(%)"": ""4.1967""}"
2026-09-07,,implied_rates,USD,,2M,implied_usd_rate,3.9498,pct,https://www.chinamoney.com.cn/chinese/bkcurvuir/,2026-09-07T15:05:39+00:00,802cb03f90d10e18f1754f0daa9202c11bf5b1fcdadf35398faa5569bfc7c018,"{""人民币利率(%)"": ""1.4468"", ""即期汇率"": ""6.7795"", ""期限"": ""2M"", ""远/掉期点(Pips)"": ""-283.00"", ""隐含利率(%)"": ""3.9498""}"
2026-09-07,,implied_rates,USD,,2W,implied_usd_rate,3.8292,pct,https://www.chinamoney.com.cn/chinese/bkcurvuir/,2026-09-07T15:05:39+00:00,802cb03f90d10e18f1754f0daa9202c11bf5b1fcdadf35398faa5569bfc7c018,"{""人民币利率(%)"": ""1.4176"", ""即期汇率"": ""6.7795"", ""期限"": ""2W"", ""远/掉期点(Pips)"": ""-62.68"", ""隐含利率(%)"": ""3.8292""}"
2026-09-07,,implied_rates,USD,,2Y,implied_usd_rate,4.2675,pct,https://www.chinamoney.com.cn/chinese/bkcurvuir/,2026-09-07T15:05:39+00:00,802cb03f90d10e18f1754f0daa9202c11bf5b1fcdadf35398faa5569bfc7c018,"{""人民币利率(%)"": ""1.4651"", ""即期汇率"": ""6.7795"", ""期限"": ""2Y"", ""远/掉期点(Pips)"": ""-3710.00"", ""隐含利率(%)"": ""4.2675""}"
2026-09-07,,implied_rates,USD,,3M,implied_usd_rate,3.9684,pct,https://www.chinamoney.com.cn/chinese/bkcurvuir/,2026-09-07T15:05:39+00:00,802cb03f90d10e18f1754f0daa9202c11bf5b1fcdadf35398faa5569bfc7c018,"{""人民币利率(%)"": ""1.4490"", ""即期汇率"": ""6.7795"", ""期限"": ""3M"", ""远/掉期点(Pips)"": ""-424.50"", ""隐含利率(%)"": ""3.9684""}"
2026-09-07,,implied_rates,USD,,3W,implied_usd_rate,3.8625,pct,https://www.chinamoney.com.cn/chinese/bkcurvuir/,2026-09-07T15:05:39+00:00,802cb03f90d10e18f1754f0daa9202c11bf5b1fcdadf35398faa5569bfc7c018,"{""人民币利率(%)"": ""1.4330"", ""即期汇率"": ""6.7795"", ""期限"": ""3W"", ""远/掉期点(Pips)"": ""-94.70"", ""隐含利率(%)"": ""3.8625""}"
2026-09-07,,implied_rates,USD,,3Y,implied_usd_rate,4.3231,pct,https://www.chinamoney.com.cn/chinese/bkcurvuir/,2026-09-07T15:05:39+00:00,802cb03f90d10e18f1754f0daa9202c11bf5b1fcdadf35398faa5569bfc7c018,"{""人民币利率(%)"": ""1.4826"", ""即期汇率"": ""6.7795"", ""期限"": ""3Y"", ""远/掉期点(Pips)"": ""-5547.50"", ""隐含利率(%)"": ""4.3231""}"
2026-09-07,,implied_rates,USD,,6M,implied_usd_rate,4.0661,pct,https://www.chinamoney.com.cn/chinese/bkcurvuir/,2026-09-07T15:05:39+00:00,802cb03f90d10e18f1754f0daa9202c11bf5b1fcdadf35398faa5569bfc7c018,"{""人民币利率(%)"": ""1.4616"", ""即期汇率"": ""6.7795"", ""期限"": ""6M"", ""远/掉期点(Pips)"": ""-870.00"", ""隐含利率(%)"": ""4.0661""}"
2026-09-07,,implied_rates,USD,,9M,implied_usd_rate,4.138,pct,https://www.chinamoney.com.cn/chinese/bkcurvuir/,2026-09-07T15:05:39+00:00,802cb03f90d10e18f1754f0daa9202c11bf5b1fcdadf35398faa5569bfc7c018,"{""人民币利率(%)"": ""1.4626"", ""即期汇率"": ""6.7795"", ""期限"": ""9M"", ""远/掉期点(Pips)"": ""-1348.00"", ""隐含利率(%)"": ""4.1380""}"
2026-09-07,09:15,fixing,USD/CNY,,,fixing,6.7795,rate,https://www.chinamoney.com.cn/chinese/bkccpr/,2026-09-07T15:05:39+00:00,fcb775cd4b7ccb17fe1cb06c367ebe509c40f34c0ee4de60dda3bf5b4fdd401e,"{""中间价"": ""6.7795"", ""涨跌"": ""8.00"", ""货币对"": ""美元/人民币""}"
2026-09-07,10:00,options,USD.CNY,10D BF,18M,implied_vol_ask,0.75,pct,https://www.chinamoney.com.cn/chinese/bkcurvfqq/,2026-09-07T15:05:39+00:00,f9ed08cca153e0abafafca9ea4653725eab93bdd706c154086a00ed67ea6169c,{}
2026-09-07,10:00,options,USD.CNY,10D BF,18M,implied_vol_bid,0.35,pct,https://www.chinamoney.com.cn/chinese/bkcurvfqq/,2026-09-07T15:05:39+00:00,f9ed08cca153e0abafafca9ea4653725eab93bdd706c154086a00ed67ea6169c,{}
2026-09-07,10:00,options,USD.CNY,10D BF,18M,implied_vol_mid,0.55,pct,https://www.chinamoney.com.cn/chinese/bkcurvfqq/,2026-09-07T15:05:39+00:00,f9ed08cca153e0abafafca9ea4653725eab93bdd706c154086a00ed67ea6169c,{}
2026-09-07,10:00,options,USD.CNY,10D BF,1D,implied_vol_ask,0.15,pct,https://www.chinamoney.com.cn/chinese/bkcurvfqq/,2026-09-07T15:05:39+00:00,f9ed08cca153e0abafafca9ea4653725eab93bdd706c154086a00ed67ea6169c,{}
2026-09-07,10:00,options,USD.CNY,10D BF,1D,implied_vol_bid,0.15,pct,https://www.chinamoney.com.cn/chinese/bkcurvfqq/,2026-09-07T15:05:39+00:00,f9ed08cca153e0abafafca9ea4653725eab93bdd706c154086a00ed67ea6169c,{}
2026-09-07,10:00,options,USD.CNY,10D BF,1D,implied_vol_mid,0.15,pct,https://www.chinamoney.com.cn/chinese/bkcurvfqq/,2026-09-07T15:05:39+00:00,f9ed08cca153e0abafafca9ea4653725eab93bdd706c154086a00ed67ea6169c,{}
2026-09-07,10:00,options,USD.CNY,10D BF,1M,implied_vol_ask,0.1,pct,https://www.chinamoney.com.cn/chinese/bkcurvfqq/,2026-09-07T15:05:39+00:00,f9ed08cca153e0abafafca9ea4653725eab93bdd706c154086a00ed67ea6169c,{}
2026-09-07,10:00,options,USD.CNY,10D BF,1M,implied_vol_bid,0.1,pct,https://www.chinamoney.com.cn/chinese/bkcurvfqq/,2026-09-07T15:05:39+00:00,f9ed08cca153e0abafafca9ea4653725eab93bdd706c154086a00ed67ea6169c,{}
2026-09-07,10:00,options,USD.CNY,10D BF,1M,implied_vol_mid,0.1,pct,https://www.chinamoney.com.cn/chinese/bkcurvfqq/,2026-09-07T15:05:39+00:00,f9ed08cca153e0abafafca9ea4653725eab93bdd706c154086a00ed67ea6169c,{}
2026-09-07,10:00,options,USD.CNY,10D BF,1W,implied_vol_ask,0.1,pct,https://www.chinamoney.com.cn/chinese/bkcurvfqq/,2026-09-07T15:05:39+00:00,f9ed08cca153e0abafafca9ea4653725eab93bdd706c154086a00ed67ea6169c,{}
2026-09-07,10:00,options,USD.CNY,10D BF,1W,implied_vol_bid,0.1,pct,https://www.chinamoney.com.cn/chinese/bkcurvfqq/,2026-09-07T15:05:39+00:00,f9ed08cca153e0abafafca9ea4653725eab93bdd706c154086a00ed67ea6169c,{}
2026-09-07,10:00,options,USD.CNY,10D BF,1W,implied_vol_mid,0.1,pct,https://www.chinamoney.com.cn/chinese/bkcurvfqq/,2026-09-07T15:05:39+00:00,f9ed08cca153e0abafafca9ea4653725eab93bdd706c154086a00ed67ea6169c,{}
2026-09-07,10:00,options,USD.CNY,10D BF,1Y,implied_vol_ask,0.53,pct,https://www.chinamoney.com.cn/chinese/bkcurvfqq/,2026-09-07T15:05:39+00:00,f9ed08cca153e0abafafca9ea4653725eab93bdd706c154086a00ed67ea6169c,{}
2026-09-07,10:00,options,USD.CNY,10D BF,1Y,implied_vol_bid,0.53,pct,https://www.chinamoney.com.cn/chinese/bkcurvfqq/,2026-09-07T15:05:39+00:00,f9ed08cca153e0abafafca9ea4653725eab93bdd706c154086a00ed67ea6169c,{}
2026-09-07,10:00,options,USD.CNY,10D BF,1Y,implied_vol_mid,0.53,pct,https://www.chinamoney.com.cn/chinese/bkcurvfqq/,2026-09-07T15:05:39+00:00,f9ed08cca153e0abafafca9ea4653725eab93bdd706c154086a00ed67ea6169c,{}
2026-09-07,10:00,options,USD.CNY,10D BF,2M,implied_vol_ask,0.4,pct,https://www.chinamoney.com.cn/chinese/bkcurvfqq/,2026-09-07T15:05:39+00:00,f9ed08cca153e0abafafca9ea4653725eab93bdd706c154086a00ed67ea6169c,{}
2026-09-07,10:00,options,USD.CNY,10D BF,2M,implied_vol_bid,0.04,pct,https://www.chinamoney.com.cn/chinese/bkcurvfqq/,2026-09-07T15:05:39+00:00,f9ed08cca153e0abafafca9ea4653725eab93bdd706c154086a00ed67ea6169c,{}
2026-09-07,10:00,options,USD.CNY,10D BF,2M,implied_vol_mid,0.22,pct,https://www.chinamoney.com.cn/chinese/bkcurvfqq/,2026-09-07T15:05:39+00:00,f9ed08cca153e0abafafca9ea4653725eab93bdd706c154086a00ed67ea6169c,{}
2026-09-07,10:00,options,USD.CNY,10D BF,2W,implied_vol_ask,0.1,pct,https://www.chinamoney.com.cn/chinese/bkcurvfqq/,2026-09-07T15:05:39+00:00,f9ed08cca153e0abafafca9ea4653725eab93bdd706c154086a00ed67ea6169c,{}
2026-09-07,10:00,options,USD.CNY,10D BF,2W,implied_vol_bid,0.1,pct,https://www.chinamoney.com.cn/chinese/bkcurvfqq/,2026-09-07T15:05:39+00:00,f9ed08cca153e0abafafca9ea4653725eab93bdd706c154086a00ed67ea6169c,{}
2026-09-07,10:00,options,USD.CNY,10D BF,2W,implied_vol_mid,0.1,pct,https://www.chinamoney.com.cn/chinese/bkcurvfqq/,2026-09-07T15:05:39+00:00,f9ed08cca153e0abafafca9ea4653725eab93bdd706c154086a00ed67ea6169c,{}
2026-09-07,10:00,options,USD.CNY,10D BF,2Y,implied_vol_ask,0.75,pct,https://www.chinamoney.com.cn/chinese/bkcurvfqq/,2026-09-07T15:05:39+00:00,f9ed08cca153e0abafafca9ea4653725eab93bdd706c154086a00ed67ea6169c,{}
2026-09-07,10:00,options,USD.CNY,10D BF,2Y,implied_vol_bid,0.35,pct,https://www.chinamoney.com.cn/chinese/bkcurvfqq/,2026-09-07T15:05:39+00:00,f9ed08cca153e0abafafca9ea4653725eab93bdd706c154086a00ed67ea6169c,{}
2026-09-07,10:00,options,USD.CNY,10D BF,2Y,implied_vol_mid,0.55,pct,https://www.chinamoney.com.cn/chinese/bkcurvfqq/,2026-09-07T15:05:39+00:00,f9ed08cca153e0abafafca9ea4653725eab93bdd706c154086a00ed67ea6169c,{}
2026-09-07,10:00,options,USD.CNY,10D BF,3M,implied_vol_ask,0.49,pct,https://www.chinamoney.com.cn/chinese/bkcurvfqq/,2026-09-07T15:05:39+00:00,f9ed08cca153e0abafafca9ea4653725eab93bdd706c154086a00ed67ea6169c,{}
2026-09-07,10:00,options,USD.CNY,10D BF,3M,implied_vol_bid,0.16,pct,https://www.chinamoney.com.cn/chinese/bkcurvfqq/,2026-09-07T15:05:39+00:00,f9ed08cca153e0abafafca9ea4653725eab93bdd706c154086a00ed67ea6169c,{}
2026-09-07,10:00,options,USD.CNY,10D BF,3M,implied_vol_mid,0.325,pct,https://www.chinamoney.com.cn/chinese/bkcurvfqq/,2026-09-07T15:05:39+00:00,f9ed08cca153e0abafafca9ea4653725eab93bdd706c154086a00ed67ea6169c,{}
2026-09-07,10:00,options,USD.CNY,10D BF,3W,implied_vol_ask,0.1,pct,https://www.chinamoney.com.cn/chinese/bkcurvfqq/,2026-09-07T15:05:39+00:00,f9ed08cca153e0abafafca9ea4653725eab93bdd706c154086a00ed67ea6169c,{}
2026-09-07,10:00,options,USD.CNY,10D BF,3W,implied_vol_bid,0.1,pct,https://www.chinamoney.com.cn/chinese/bkcurvfqq/,2026-09-07T15:05:39+00:00,f9ed08cca153e0abafafca9ea4653725eab93bdd706c154086a00ed67ea6169c,{}
2026-09-07,10:00,options,USD.CNY,10D BF,3W,implied_vol_mid,0.1,pct,https://www.chinamoney.com.cn/chinese/bkcurvfqq/,2026-09-07T15:05:39+00:00,f9ed08cca153e0abafafca9ea4653725eab93bdd706c154086a00ed67ea6169c,{}
2026-09-07,10:00,options,USD.CNY,10D BF,3Y,implied_vol_ask,0.8,pct,https://www.chinamoney.com.cn/chinese/bkcurvfqq/,2026-09-07T15:05:39+00:00,f9ed08cca153e0abafafca9ea4653725eab93bdd706c154086a00ed67ea6169c,{}
2026-09-07,10:00,options,USD.CNY,10D BF,3Y,implied_vol_bid,0.4,pct,https://www.chinamoney.com.cn/chinese/bkcurvfqq/,2026-09-07T15:05:39+00:00,f9ed08cca153e0abafafca9ea4653725eab93bdd706c154086a00ed67ea6169c,{}
2026-09-07,10:00,options,USD.CNY,10D BF,3Y,implied_vol_mid,0.6,pct,https://www.chinamoney.com.cn/chinese/bkcurvfqq/,2026-09-07T15:05:39+00:00,f9ed08cca153e0abafafca9ea4653725eab93bdd706c154086a00ed67ea6169c,{}
2026-09-07,10:00,options,USD.CNY,10D BF,6M,implied_vol_ask,0.61,pct,https://www.chinamoney.com.cn/chinese/bkcurvfqq/,2026-09-07T15:05:39+00:00,f9ed08cca153e0abafafca9ea4653725eab93bdd706c154086a00ed67ea6169c,{}
2026-09-07,10:00,options,USD.CNY,10D BF,6M,implied_vol_bid,0.26,pct,https://www.chinamoney.com.cn/chinese/bkcurvfqq/,2026-09-07T15:05:39+00:00,f9ed08cca153e0abafafca9ea4653725eab93bdd706c154086a00ed67ea6169c,{}
2026-09-07,10:00,options,USD.CNY,10D BF,6M,implied_vol_mid,0.435,pct,https://www.chinamoney.com.cn/chinese/bkcurvfqq/,2026-09-07T15:05:39+00:00,f9ed08cca153e0abafafca9ea4653725eab93bdd706c154086a00ed67ea6169c,{}
2026-09-07,10:00,options,USD.CNY,10D BF,9M,implied_vol_ask,0.73,pct,https://www.chinamoney.com.cn/chinese/bkcurvfqq/,2026-09-07T15:05:39+00:00,f9ed08cca153e0abafafca9ea4653725eab93bdd706c154086a00ed67ea6169c,{}
2026-09-07,10:00,options,USD.CNY,10D BF,9M,implied_vol_bid,0.24,pct,https://www.chinamoney.com.cn/chinese/bkcurvfqq/,2026-09-07T15:05:39+00:00,f9ed08cca153e0abafafca9ea4653725eab93bdd706c154086a00ed67ea6169c,{}
2026-09-07,10:00,options,USD.CNY,10D BF,9M,implied_vol_mid,0.485,pct,https://www.chinamoney.com.cn/chinese/bkcurvfqq/,2026-09-07T15:05:39+00:00,f9ed08cca153e0abafafca9ea4653725eab93bdd706c154086a00ed67ea6169c,{}
2026-09-07,10:00,options,USD.CNY,25D BF,18M,implied_vol_ask,0.28,pct,https://www.chinamoney.com.cn/chinese/bkcurvfqq/,2026-09-07T15:05:39+00:00,35a2f15ea3aa9e71a6bf100e3cc7f4720a49c730880ff7a4104130b27d9ab702,{}
2026-09-07,10:00,options,USD.CNY,25D BF,18M,implied_vol_bid,0.1,pct,https://www.chinamoney.com.cn/chinese/bkcurvfqq/,2026-09-07T15:05:39+00:00,35a2f15ea3aa9e71a6bf100e3cc7f4720a49c730880ff7a4104130b27d9ab702,{}
2026-09-07,10:00,options,USD.CNY,25D BF,18M,implied_vol_mid,0.19,pct,https://www.chinamoney.com.cn/chinese/bkcurvfqq/,2026-09-07T15:05:39+00:00,35a2f15ea3aa9e71a6bf100e3cc7f4720a49c730880ff7a4104130b27d9ab702,{}
2026-09-07,10:00,options,USD.CNY,25D BF,1D,implied_vol_ask,0.1,pct,https://www.chinamoney.com.cn/chinese/bkcurvfqq/,2026-09-07T15:05:39+00:00,35a2f15ea3aa9e71a6bf100e3cc7f4720a49c730880ff7a4104130b27d9ab702,{}
2026-09-07,10:00,options,USD.CNY,25D BF,1D,implied_vol_bid,0.1,pct,https://www.chinamoney.com.cn/chinese/bkcurvfqq/,2026-09-07T15:05:39+00:00,35a2f15ea3aa9e71a6bf100e3cc7f4720a49c730880ff7a4104130b27d9ab702,{}
2026-09-07,10:00,options,USD.CNY,25D BF,1D,implied_vol_mid,0.1,pct,https://www.chinamoney.com.cn/chinese/bkcurvfqq/,2026-09-07T15:05:39+00:00,35a2f15ea3aa9e71a6bf100e3cc7f4720a49c730880ff7a4104130b27d9ab702,{}
2026-09-07,10:00,options,USD.CNY,25D BF,1M,implied_vol_ask,0.0663,pct,https://www.chinamoney.com.cn/chinese/bkcurvfqq/,2026-09-07T15:05:39+00:00,35a2f15ea3aa9e71a6bf100e3cc7f4720a49c730880ff7a4104130b27d9ab702,{}
2026-09-07,10:00,options,USD.CNY,25D BF,1M,implied_vol_bid,0.0663,pct,https://www.chinamoney.com.cn/chinese/bkcurvfqq/,2026-09-07T15:05:39+00:00,35a2f15ea3aa9e71a6bf100e3cc7f4720a49c730880ff7a4104130b27d9ab702,{}
2026-09-07,10:00,options,USD.CNY,25D BF,1M,implied_vol_mid,0.0663,pct,https://www.chinamoney.com.cn/chinese/bkcurvfqq/,2026-09-07T15:05:39+00:00,35a2f15ea3aa9e71a6bf100e3cc7f4720a49c730880ff7a4104130b27d9ab702,{}
2026-09-07,10:00,options,USD.CNY,25D BF,1W,implied_vol_ask,0.075,pct,https://www.chinamoney.com.cn/chinese/bkcurvfqq/,2026-09-07T15:05:39+00:00,35a2f15ea3aa9e71a6bf100e3cc7f4720a49c730880ff7a4104130b27d9ab702,{}
2026-09-07,10:00,options,USD.CNY,25D BF,1W,implied_vol_bid,0.075,pct,https://www.chinamoney.com.cn/chinese/bkcurvfqq/,2026-09-07T15:05:39+00:00,35a2f15ea3aa9e71a6bf100e3cc7f4720a49c730880ff7a4104130b27d9ab702,{}
2026-09-07,10:00,options,USD.CNY,25D BF,1W,implied_vol_mid,0.075,pct,https://www.chinamoney.com.cn/chinese/bkcurvfqq/,2026-09-07T15:05:39+00:00,35a2f15ea3aa9e71a6bf100e3cc7f4720a49c730880ff7a4104130b27d9ab702,{}
2026-09-07,10:00,options,USD.CNY,25D BF,1Y,implied_vol_ask,0.175,pct,https://www.chinamoney.com.cn/chinese/bkcurvfqq/,2026-09-07T15:05:39+00:00,35a2f15ea3aa9e71a6bf100e3cc7f4720a49c730880ff7a4104130b27d9ab702,{}
2026-09-07,10:00,options,USD.CNY,25D BF,1Y,implied_vol_bid,0.175,pct,https://www.chinamoney.com.cn/chinese/bkcurvfqq/,2026-09-07T15:05:39+00:00,35a2f15ea3aa9e71a6bf100e3cc7f4720a49c730880ff7a4104130b27d9ab702,{}
2026-09-07,10:00,options,USD.CNY,25D BF,1Y,implied_vol_mid,0.175,pct,https://www.chinamoney.com.cn/chinese/bkcurvfqq/,2026-09-07T15:05:39+00:00,35a2f15ea3aa9e71a6bf100e3cc7f4720a49c730880ff7a4104130b27d9ab702,{}
2026-09-07,10:00,options,USD.CNY,25D BF,2M,implied_vol_ask,0.09,pct,https://www.chinamoney.com.cn/chinese/bkcurvfqq/,2026-09-07T15:05:39+00:00,35a2f15ea3aa9e71a6bf100e3cc7f4720a49c730880ff7a4104130b27d9ab702,{}
2026-09-07,10:00,options,USD.CNY,25D BF,2M,implied_vol_bid,0.085,pct,https://www.chinamoney.com.cn/chinese/bkcurvfqq/,2026-09-07T15:05:39+00:00,35a2f15ea3aa9e71a6bf100e3cc7f4720a49c730880ff7a4104130b27d9ab702,{}
2026-09-07,10:00,options,USD.CNY,25D BF,2M,implied_vol_mid,0.0875,pct,https://www.chinamoney.com.cn/chinese/bkcurvfqq/,2026-09-07T15:05:39+00:00,35a2f15ea3aa9e71a6bf100e3cc7f4720a49c730880ff7a4104130b27d9ab702,{}
2026-09-07,10:00,options,USD.CNY,25D BF,2W,implied_vol_ask,0.075,pct,https://www.chinamoney.com.cn/chinese/bkcurvfqq/,2026-09-07T15:05:39+00:00,35a2f15ea3aa9e71a6bf100e3cc7f4720a49c730880ff7a4104130b27d9ab702,{}
2026-09-07,10:00,options,USD.CNY,25D BF,2W,implied_vol_bid,0.075,pct,https://www.chinamoney.com.cn/chinese/bkcurvfqq/,2026-09-07T15:05:39+00:00,35a2f15ea3aa9e71a6bf100e3cc7f4720a49c730880ff7a4104130b27d9ab702,{}
2026-09-07,10:00,options,USD.CNY,25D BF,2W,implied_vol_mid,0.075,pct,https://www.chinamoney.com.cn/chinese/bkcurvfqq/,2026-09-07T15:05:39+00:00,35a2f15ea3aa9e71a6bf100e3cc7f4720a49c730880ff7a4104130b27d9ab702,{}
2026-09-07,10:00,options,USD.CNY,25D BF,2Y,implied_vol_ask,0.32,pct,https://www.chinamoney.com.cn/chinese/bkcurvfqq/,2026-09-07T15:05:39+00:00,35a2f15ea3aa9e71a6bf100e3cc7f4720a49c730880ff7a4104130b27d9ab702,{}
2026-09-07,10:00,options,USD.CNY,25D BF,2Y,implied_vol_bid,0.1,pct,https://www.chinamoney.com.cn/chinese/bkcurvfqq/,2026-09-07T15:05:39+00:00,35a2f15ea3aa9e71a6bf100e3cc7f4720a49c730880ff7a4104130b27d9ab702,{}
2026-09-07,10:00,options,USD.CNY,25D BF,2Y,implied_vol_mid,0.21,pct,https://www.chinamoney.com.cn/chinese/bkcurvfqq/,2026-09-07T15:05:39+00:00,35a2f15ea3aa9e71a6bf100e3cc7f4720a49c730880ff7a4104130b27d9ab702,{}
2026-09-07,10:00,options,USD.CNY,25D BF,3M,implied_vol_ask,0.095,pct,https://www.chinamoney.com.cn/chinese/bkcurvfqq/,2026-09-07T15:05:39+00:00,35a2f15ea3aa9e71a6bf100e3cc7f4720a49c730880ff7a4104130b27d9ab702,{}
2026-09-07,10:00,options,USD.CNY,25D BF,3M,implied_vol_bid,0.09,pct,https://www.chinamoney.com.cn/chinese/bkcurvfqq/,2026-09-07T15:05:39+00:00,35a2f15ea3aa9e71a6bf100e3cc7f4720a49c730880ff7a4104130b27d9ab702,{}
2026-09-07,10:00,options,USD.CNY,25D BF,3M,implied_vol_mid,0.0925,pct,https://www.chinamoney.com.cn/chinese/bkcurvfqq/,2026-09-07T15:05:39+00:00,35a2f15ea3aa9e71a6bf100e3cc7f4720a49c730880ff7a4104130b27d9ab702,{}
2026-09-07,10:00,options,USD.CNY,25D BF,3W,implied_vol_ask,0.075,pct,https://www.chinamoney.com.cn/chinese/bkcurvfqq/,2026-09-07T15:05:39+00:00,35a2f15ea3aa9e71a6bf100e3cc7f4720a49c730880ff7a4104130b27d9ab702,{}
2026-09-07,10:00,options,USD.CNY,25D BF,3W,implied_vol_bid,0.075,pct,https://www.chinamoney.com.cn/chinese/bkcurvfqq/,2026-09-07T15:05:39+00:00,35a2f15ea3aa9e71a6bf100e3cc7f4720a49c730880ff7a4104130b27d9ab702,{}
2026-09-07,10:00,options,USD.CNY,25D BF,3W,implied_vol_mid,0.075,pct,https://www.chinamoney.com.cn/chinese/bkcurvfqq/,2026-09-07T15:05:39+00:00,35a2f15ea3aa9e71a6bf100e3cc7f4720a49c730880ff7a4104130b27d9ab702,{}
2026-09-07,10:00,options,USD.CNY,25D BF,3Y,implied_vol_ask,0.35,pct,https://www.chinamoney.com.cn/chinese/bkcurvfqq/,2026-09-07T15:05:39+00:00,35a2f15ea3aa9e71a6bf100e3cc7f4720a49c730880ff7a4104130b27d9ab702,{}
2026-09-07,10:00,options,USD.CNY,25D BF,3Y,implied_vol_bid,0.1,pct,https://www.chinamoney.com.cn/chinese/bkcurvfqq/,2026-09-07T15:05:39+00:00,35a2f15ea3aa9e71a6bf100e3cc7f4720a49c730880ff7a4104130b27d9ab702,{}
2026-09-07,10:00,options,USD.CNY,25D BF,3Y,implied_vol_mid,0.225,pct,https://www.chinamoney.com.cn/chinese/bkcurvfqq/,2026-09-07T15:05:39+00:00,35a2f15ea3aa9e71a6bf100e3cc7f4720a49c730880ff7a4104130b27d9ab702,{}
2026-09-07,10:00,options,USD.CNY,25D BF,6M,implied_vol_ask,0.1425,pct,https://www.chinamoney.com.cn/chinese/bkcurvfqq/,2026-09-07T15:05:39+00:00,35a2f15ea3aa9e71a6bf100e3cc7f4720a49c730880ff7a4104130b27d9ab702,{}
2026-09-07,10:00,options,USD.CNY,25D BF,6M,implied_vol_bid,0.1375,pct,https://www.chinamoney.com.cn/chinese/bkcurvfqq/,2026-09-07T15:05:39+00:00,35a2f15ea3aa9e71a6bf100e3cc7f4720a49c730880ff7a4104130b27d9ab702,{}
2026-09-07,10:00,options,USD.CNY,25D BF,6M,implied_vol_mid,0.14,pct,https://www.chinamoney.com.cn/chinese/bkcurvfqq/,2026-09-07T15:05:39+00:00,35a2f15ea3aa9e71a6bf100e3cc7f4720a49c730880ff7a4104130b27d9ab702,{}
2026-09-07,10:00,options,USD.CNY,25D BF,9M,implied_vol_ask,0.1675,pct,https://www.chinamoney.com.cn/chinese/bkcurvfqq/,2026-09-07T15:05:39+00:00,35a2f15ea3aa9e71a6bf100e3cc7f4720a49c730880ff7a4104130b27d9ab702,{}
2026-09-07,10:00,options,USD.CNY,25D BF,9M,implied_vol_bid,0.1625,pct,https://www.chinamoney.com.cn/chinese/bkcurvfqq/,2026-09-07T15:05:39+00:00,35a2f15ea3aa9e71a6bf100e3cc7f4720a49c730880ff7a4104130b27d9ab702,{}
2026-09-07,10:00,options,USD.CNY,25D BF,9M,implied_vol_mid,0.165,pct,https://www.chinamoney.com.cn/chinese/bkcurvfqq/,2026-09-07T15:05:39+00:00,35a2f15ea3aa9e71a6bf100e3cc7f4720a49c730880ff7a4104130b27d9ab702,{}
2026-09-07,10:00,options,USD.CNY,25D RR,18M,implied_vol_ask,0.5,pct,https://www.chinamoney.com.cn/chinese/bkcurvfqq/,2026-09-07T15:05:39+00:00,d493f61a91777e04ffc1aa052a77ab63cc423c6644ab0997078d4393c815db1e,{}
2026-09-07,10:00,options,USD.CNY,25D RR,18M,implied_vol_bid,-0.5,pct,https://www.chinamoney.com.cn/chinese/bkcurvfqq/,2026-09-07T15:05:39+00:00,d493f61a91777e04ffc1aa052a77ab63cc423c6644ab0997078d4393c815db1e,{}
2026-09-07,10:00,options,USD.CNY,25D RR,18M,implied_vol_mid,0.0,pct,https://www.chinamoney.com.cn/chinese/bkcurvfqq/,2026-09-07T15:05:39+00:00,d493f61a91777e04ffc1aa052a77ab63cc423c6644ab0997078d4393c815db1e,{}
2026-09-07,10:00,options,USD.CNY,25D RR,1D,implied_vol_ask,-0.05,pct,https://www.chinamoney.com.cn/chinese/bkcurvfqq/,2026-09-07T15:05:39+00:00,d493f61a91777e04ffc1aa052a77ab63cc423c6644ab0997078d4393c815db1e,{}
2026-09-07,10:00,options,USD.CNY,25D RR,1D,implied_vol_bid,-0.05,pct,https://www.chinamoney.com.cn/chinese/bkcurvfqq/,2026-09-07T15:05:39+00:00,d493f61a91777e04ffc1aa052a77ab63cc423c6644ab0997078d4393c815db1e,{}
2026-09-07,10:00,options,USD.CNY,25D RR,1D,implied_vol_mid,-0.05,pct,https://www.chinamoney.com.cn/chinese/bkcurvfqq/,2026-09-07T15:05:39+00:00,d493f61a91777e04ffc1aa052a77ab63cc423c6644ab0997078d4393c815db1e,{}
2026-09-07,10:00,options,USD.CNY,25D RR,1M,implied_vol_ask,-0.05,pct,https://www.chinamoney.com.cn/chinese/bkcurvfqq/,2026-09-07T15:05:39+00:00,d493f61a91777e04ffc1aa052a77ab63cc423c6644ab0997078d4393c815db1e,{}
2026-09-07,10:00,options,USD.CNY,25D RR,1M,implied_vol_bid,-0.05,pct,https://www.chinamoney.com.cn/chinese/bkcurvfqq/,2026-09-07T15:05:39+00:00,d493f61a91777e04ffc1aa052a77ab63cc423c6644ab0997078d4393c815db1e,{}
2026-09-07,10:00,options,USD.CNY,25D RR,1M,implied_vol_mid,-0.05,pct,https://www.chinamoney.com.cn/chinese/bkcurvfqq/,2026-09-07T15:05:39+00:00,d493f61a91777e04ffc1aa052a77ab63cc423c6644ab0997078d4393c815db1e,{}
2026-09-07,10:00,options,USD.CNY,25D RR,1W,implied_vol_ask,-0.1,pct,https://www.chinamoney.com.cn/chinese/bkcurvfqq/,2026-09-07T15:05:39+00:00,d493f61a91777e04ffc1aa052a77ab63cc423c6644ab0997078d4393c815db1e,{}
2026-09-07,10:00,options,USD.CNY,25D RR,1W,implied_vol_bid,-0.1,pct,https://www.chinamoney.com.cn/chinese/bkcurvfqq/,2026-09-07T15:05:39+00:00,d493f61a91777e04ffc1aa052a77ab63cc423c6644ab0997078d4393c815db1e,{}
2026-09-07,10:00,options,USD.CNY,25D RR,1W,implied_vol_mid,-0.1,pct,https://www.chinamoney.com.cn/chinese/bkcurvfqq/,2026-09-07T15:05:39+00:00,d493f61a91777e04ffc1aa052a77ab63cc423c6644ab0997078d4393c815db1e,{}
2026-09-07,10:00,options,USD.CNY,25D RR,1Y,implied_vol_ask,-0.025,pct,https://www.chinamoney.com.cn/chinese/bkcurvfqq/,2026-09-07T15:05:39+00:00,d493f61a91777e04ffc1aa052a77ab63cc423c6644ab0997078d4393c815db1e,{}
2026-09-07,10:00,options,USD.CNY,25D RR,1Y,implied_vol_bid,-0.025,pct,https://www.chinamoney.com.cn/chinese/bkcurvfqq/,2026-09-07T15:05:39+00:00,d493f61a91777e04ffc1aa052a77ab63cc423c6644ab0997078d4393c815db1e,{}
2026-09-07,10:00,options,USD.CNY,25D RR,1Y,implied_vol_mid,-0.025,pct,https://www.chinamoney.com.cn/chinese/bkcurvfqq/,2026-09-07T15:05:39+00:00,d493f61a91777e04ffc1aa052a77ab63cc423c6644ab0997078d4393c815db1e,{}
2026-09-07,10:00,options,USD.CNY,25D RR,2M,implied_vol_ask,-0.025,pct,https://www.chinamoney.com.cn/chinese/bkcurvfqq/,2026-09-07T15:05:39+00:00,d493f61a91777e04ffc1aa052a77ab63cc423c6644ab0997078d4393c815db1e,{}
2026-09-07,10:00,options,USD.CNY,25D RR,2M,implied_vol_bid,-0.07,pct,https://www.chinamoney.com.cn/chinese/bkcurvfqq/,2026-09-07T15:05:39+00:00,d493f61a91777e04ffc1aa052a77ab63cc423c6644ab0997078d4393c815db1e,{}
2026-09-07,10:00,options,USD.CNY,25D RR,2M,implied_vol_mid,-0.05,pct,https://www.chinamoney.com.cn/chinese/bkcurvfqq/,2026-09-07T15:05:39+00:00,d493f61a91777e04ffc1aa052a77ab63cc423c6644ab0997078d4393c815db1e,{}
2026-09-07,10:00,options,USD.CNY,25D RR,2W,implied_vol_ask,-0.1,pct,https://www.chinamoney.com.cn/chinese/bkcurvfqq/,2026-09-07T15:05:39+00:00,d493f61a91777e04ffc1aa052a77ab63cc423c6644ab0997078d4393c815db1e,{}
2026-09-07,10:00,options,USD.CNY,25D RR,2W,implied_vol_bid,-0.1,pct,https://www.chinamoney.com.cn/chinese/bkcurvfqq/,2026-09-07T15:05:39+00:00,d493f61a91777e04ffc1aa052a77ab63cc423c6644ab0997078d4393c815db1e,{}
2026-09-07,10:00,options,USD.CNY,25D RR,2W,implied_vol_mid,-0.1,pct,https://www.chinamoney.com.cn/chinese/bkcurvfqq/,2026-09-07T15:05:39+00:00,d493f61a91777e04ffc1aa052a77ab63cc423c6644ab0997078d4393c815db1e,{}
2026-09-07,10:00,options,USD.CNY,25D RR,2Y,implied_vol_ask,0.5,pct,https://www.chinamoney.com.cn/chinese/bkcurvfqq/,2026-09-07T15:05:39+00:00,d493f61a91777e04ffc1aa052a77ab63cc423c6644ab0997078d4393c815db1e,{}
2026-09-07,10:00,options,USD.CNY,25D RR,2Y,implied_vol_bid,-0.5,pct,https://www.chinamoney.com.cn/chinese/bkcurvfqq/,2026-09-07T15:05:39+00:00,d493f61a91777e04ffc1aa052a77ab63cc423c6644ab0997078d4393c815db1e,{}
2026-09-07,10:00,options,USD.CNY,25D RR,2Y,implied_vol_mid,0.0,pct,https://www.chinamoney.com.cn/chinese/bkcurvfqq/,2026-09-07T15:05:39+00:00,d493f61a91777e04ffc1aa052a77ab63cc423c6644ab0997078d4393c815db1e,{}
2026-09-07,10:00,options,USD.CNY,25D RR,3M,implied_vol_ask,0.0,pct,https://www.chinamoney.com.cn/chinese/bkcurvfqq/,2026-09-07T15:05:39+00:00,d493f61a91777e04ffc1aa052a77ab63cc423c6644ab0997078d4393c815db1e,{}
2026-09-07,10:00,options,USD.CNY,25D RR,3M,implied_vol_bid,-0.07,pct,https://www.chinamoney.com.cn/chinese/bkcurvfqq/,2026-09-07T15:05:39+00:00,d493f61a91777e04ffc1aa052a77ab63cc423c6644ab0997078d4393c815db1e,{}
2026-09-07,10:00,options,USD.CNY,25D RR,3M,implied_vol_mid,-0.035,pct,https://www.chinamoney.com.cn/chinese/bkcurvfqq/,2026-09-07T15:05:39+00:00,d493f61a91777e04ffc1aa052a77ab63cc423c6644ab0997078d4393c815db1e,{}
2026-09-07,10:00,options,USD.CNY,25D RR,3W,implied_vol_ask,-0.1,pct,https://www.chinamoney.com.cn/chinese/bkcurvfqq/,2026-09-07T15:05:39+00:00,d493f61a91777e04ffc1aa052a77ab63cc423c6644ab0997078d4393c815db1e,{}
2026-09-07,10:00,options,USD.CNY,25D RR,3W,implied_vol_bid,-0.1,pct,https://www.chinamoney.com.cn/chinese/bkcurvfqq/,2026-09-07T15:05:39+00:00,d493f61a91777e04ffc1aa052a77ab63cc423c6644ab0997078d4393c815db1e,{}
2026-09-07,10:00,options,USD.CNY,25D RR,3W,implied_vol_mid,-0.1,pct,https://www.chinamoney.com.cn/chinese/bkcurvfqq/,2026-09-07T15:05:39+00:00,d493f61a91777e04ffc1aa052a77ab63cc423c6644ab0997078d4393c815db1e,{}
2026-09-07,10:00,options,USD.CNY,25D RR,3Y,implied_vol_ask,0.5,pct,https://www.chinamoney.com.cn/chinese/bkcurvfqq/,2026-09-07T15:05:39+00:00,d493f61a91777e04ffc1aa052a77ab63cc423c6644ab0997078d4393c815db1e,{}
2026-09-07,10:00,options,USD.CNY,25D RR,3Y,implied_vol_bid,-0.5,pct,https://www.chinamoney.com.cn/chinese/bkcurvfqq/,2026-09-07T15:05:39+00:00,d493f61a91777e04ffc1aa052a77ab63cc423c6644ab0997078d4393c815db1e,{}
2026-09-07,10:00,options,USD.CNY,25D RR,3Y,implied_vol_mid,0.0,pct,https://www.chinamoney.com.cn/chinese/bkcurvfqq/,2026-09-07T15:05:39+00:00,d493f61a91777e04ffc1aa052a77ab63cc423c6644ab0997078d4393c815db1e,{}
2026-09-07,10:00,options,USD.CNY,25D RR,6M,implied_vol_ask,0.0,pct,https://www.chinamoney.com.cn/chinese/bkcurvfqq/,2026-09-07T15:05:39+00:00,d493f61a91777e04ffc1aa052a77ab63cc423c6644ab0997078d4393c815db1e,{}
2026-09-07,10:00,options,USD.CNY,25D RR,6M,implied_vol_bid,-0.05,pct,https://www.chinamoney.com.cn/chinese/bkcurvfqq/,2026-09-07T15:05:39+00:00,d493f61a91777e04ffc1aa052a77ab63cc423c6644ab0997078d4393c815db1e,{}
2026-09-07,10:00,options,USD.CNY,25D RR,6M,implied_vol_mid,-0.025,pct,https://www.chinamoney.com.cn/chinese/bkcurvfqq/,2026-09-07T15:05:39+00:00,d493f61a91777e04ffc1aa052a77ab63cc423c6644ab0997078d4393c815db1e,{}
2026-09-07,10:00,options,USD.CNY,25D RR,9M,implied_vol_ask,0.0,pct,https://www.chinamoney.com.cn/chinese/bkcurvfqq/,2026-09-07T15:05:39+00:00,d493f61a91777e04ffc1aa052a77ab63cc423c6644ab0997078d4393c815db1e,{}
2026-09-07,10:00,options,USD.CNY,25D RR,9M,implied_vol_bid,-0.05,pct,https://www.chinamoney.com.cn/chinese/bkcurvfqq/,2026-09-07T15:05:39+00:00,d493f61a91777e04ffc1aa052a77ab63cc423c6644ab0997078d4393c815db1e,{}
2026-09-07,10:00,options,USD.CNY,25D RR,9M,implied_vol_mid,-0.025,pct,https://www.chinamoney.com.cn/chinese/bkcurvfqq/,2026-09-07T15:05:39+00:00,d493f61a91777e04ffc1aa052a77ab63cc423c6644ab0997078d4393c815db1e,{}
2026-09-07,10:00,options,USD.CNY,ATM,18M,implied_vol_ask,3.4,pct,https://www.chinamoney.com.cn/chinese/bkcurvfqq/,2026-09-07T15:05:39+00:00,8f4fa17e3db4f4c097049dd090b8f083749b64f1fe120c13d3502998bf51f182,{}
2026-09-07,10:00,options,USD.CNY,ATM,18M,implied_vol_bid,3.0,pct,https://www.chinamoney.com.cn/chinese/bkcurvfqq/,2026-09-07T15:05:39+00:00,8f4fa17e3db4f4c097049dd090b8f083749b64f1fe120c13d3502998bf51f182,{}
2026-09-07,10:00,options,USD.CNY,ATM,18M,implied_vol_mid,3.2,pct,https://www.chinamoney.com.cn/chinese/bkcurvfqq/,2026-09-07T15:05:39+00:00,8f4fa17e3db4f4c097049dd090b8f083749b64f1fe120c13d3502998bf51f182,{}
2026-09-07,10:00,options,USD.CNY,ATM,1D,implied_vol_ask,1.5,pct,https://www.chinamoney.com.cn/chinese/bkcurvfqq/,2026-09-07T15:05:39+00:00,8f4fa17e3db4f4c097049dd090b8f083749b64f1fe120c13d3502998bf51f182,{}
2026-09-07,10:00,options,USD.CNY,ATM,1D,implied_vol_bid,1.5,pct,https://www.chinamoney.com.cn/chinese/bkcurvfqq/,2026-09-07T15:05:39+00:00,8f4fa17e3db4f4c097049dd090b8f083749b64f1fe120c13d3502998bf51f182,{}
2026-09-07,10:00,options,USD.CNY,ATM,1D,implied_vol_mid,1.5,pct,https://www.chinamoney.com.cn/chinese/bkcurvfqq/,2026-09-07T15:05:39+00:00,8f4fa17e3db4f4c097049dd090b8f083749b64f1fe120c13d3502998bf51f182,{}
2026-09-07,10:00,options,USD.CNY,ATM,1M,implied_vol_ask,1.575,pct,https://www.chinamoney.com.cn/chinese/bkcurvfqq/,2026-09-07T15:05:39+00:00,8f4fa17e3db4f4c097049dd090b8f083749b64f1fe120c13d3502998bf51f182,{}
2026-09-07,10:00,options,USD.CNY,ATM,1M,implied_vol_bid,1.575,pct,https://www.chinamoney.com.cn/chinese/bkcurvfqq/,2026-09-07T15:05:39+00:00,8f4fa17e3db4f4c097049dd090b8f083749b64f1fe120c13d3502998bf51f182,{}
2026-09-07,10:00,options,USD.CNY,ATM,1M,implied_vol_mid,1.575,pct,https://www.chinamoney.com.cn/chinese/bkcurvfqq/,2026-09-07T15:05:39+00:00,8f4fa17e3db4f4c097049dd090b8f083749b64f1fe120c13d3502998bf51f182,{}
2026-09-07,10:00,options,USD.CNY,ATM,1W,implied_vol_ask,1.4714,pct,https://www.chinamoney.com.cn/chinese/bkcurvfqq/,2026-09-07T15:05:39+00:00,8f4fa17e3db4f4c097049dd090b8f083749b64f1fe120c13d3502998bf51f182,{}
2026-09-07,10:00,options,USD.CNY,ATM,1W,implied_vol_bid,1.4714,pct,https://www.chinamoney.com.cn/chinese/bkcurvfqq/,2026-09-07T15:05:39+00:00,8f4fa17e3db4f4c097049dd090b8f083749b64f1fe120c13d3502998bf51f182,{}
2026-09-07,10:00,options,USD.CNY,ATM,1W,implied_vol_mid,1.4714,pct,https://www.chinamoney.com.cn/chinese/bkcurvfqq/,2026-09-07T15:05:39+00:00,8f4fa17e3db4f4c097049dd090b8f083749b64f1fe120c13d3502998bf51f182,{}
2026-09-07,10:00,options,USD.CNY,ATM,1Y,implied_vol_ask,3.0376,pct,https://www.chinamoney.com.cn/chinese/bkcurvfqq/,2026-09-07T15:05:39+00:00,8f4fa17e3db4f4c097049dd090b8f083749b64f1fe120c13d3502998bf51f182,{}
2026-09-07,10:00,options,USD.CNY,ATM,1Y,implied_vol_bid,3.0376,pct,https://www.chinamoney.com.cn/chinese/bkcurvfqq/,2026-09-07T15:05:39+00:00,8f4fa17e3db4f4c097049dd090b8f083749b64f1fe120c13d3502998bf51f182,{}
2026-09-07,10:00,options,USD.CNY,ATM,1Y,implied_vol_mid,3.0376,pct,https://www.chinamoney.com.cn/chinese/bkcurvfqq/,2026-09-07T15:05:39+00:00,8f4fa17e3db4f4c097049dd090b8f083749b64f1fe120c13d3502998bf51f182,{}
2026-09-07,10:00,options,USD.CNY,ATM,2M,implied_vol_ask,1.95,pct,https://www.chinamoney.com.cn/chinese/bkcurvfqq/,2026-09-07T15:05:39+00:00,8f4fa17e3db4f4c097049dd090b8f083749b64f1fe120c13d3502998bf51f182,{}
2026-09-07,10:00,options,USD.CNY,ATM,2M,implied_vol_bid,1.85,pct,https://www.chinamoney.com.cn/chinese/bkcurvfqq/,2026-09-07T15:05:39+00:00,8f4fa17e3db4f4c097049dd090b8f083749b64f1fe120c13d3502998bf51f182,{}
2026-09-07,10:00,options,USD.CNY,ATM,2M,implied_vol_mid,1.9,pct,https://www.chinamoney.com.cn/chinese/bkcurvfqq/,2026-09-07T15:05:39+00:00,8f4fa17e3db4f4c097049dd090b8f083749b64f1fe120c13d3502998bf51f182,{}
2026-09-07,10:00,options,USD.CNY,ATM,2W,implied_vol_ask,1.4793,pct,https://www.chinamoney.com.cn/chinese/bkcurvfqq/,2026-09-07T15:05:39+00:00,8f4fa17e3db4f4c097049dd090b8f083749b64f1fe120c13d3502998bf51f182,{}
2026-09-07,10:00,options,USD.CNY,ATM,2W,implied_vol_bid,1.4793,pct,https://www.chinamoney.com.cn/chinese/bkcurvfqq/,2026-09-07T15:05:39+00:00,8f4fa17e3db4f4c097049dd090b8f083749b64f1fe120c13d3502998bf51f182,{}
2026-09-07,10:00,options,USD.CNY,ATM,2W,implied_vol_mid,1.4793,pct,https://www.chinamoney.com.cn/chinese/bkcurvfqq/,2026-09-07T15:05:39+00:00,8f4fa17e3db4f4c097049dd090b8f083749b64f1fe120c13d3502998bf51f182,{}
2026-09-07,10:00,options,USD.CNY,ATM,2Y,implied_vol_ask,3.6,pct,https://www.chinamoney.com.cn/chinese/bkcurvfqq/,2026-09-07T15:05:39+00:00,8f4fa17e3db4f4c097049dd090b8f083749b64f1fe120c13d3502998bf51f182,{}
2026-09-07,10:00,options,USD.CNY,ATM,2Y,implied_vol_bid,3.15,pct,https://www.chinamoney.com.cn/chinese/bkcurvfqq/,2026-09-07T15:05:39+00:00,8f4fa17e3db4f4c097049dd090b8f083749b64f1fe120c13d3502998bf51f182,{}
2026-09-07,10:00,options,USD.CNY,ATM,2Y,implied_vol_mid,3.375,pct,https://www.chinamoney.com.cn/chinese/bkcurvfqq/,2026-09-07T15:05:39+00:00,8f4fa17e3db4f4c097049dd090b8f083749b64f1fe120c13d3502998bf51f182,{}
2026-09-07,10:00,options,USD.CNY,ATM,3M,implied_vol_ask,2.15,pct,https://www.chinamoney.com.cn/chinese/bkcurvfqq/,2026-09-07T15:05:39+00:00,8f4fa17e3db4f4c097049dd090b8f083749b64f1fe120c13d3502998bf51f182,{}
2026-09-07,10:00,options,USD.CNY,ATM,3M,implied_vol_bid,2.0,pct,https://www.chinamoney.com.cn/chinese/bkcurvfqq/,2026-09-07T15:05:39+00:00,8f4fa17e3db4f4c097049dd090b8f083749b64f1fe120c13d3502998bf51f182,{}
2026-09-07,10:00,options,USD.CNY,ATM,3M,implied_vol_mid,2.075,pct,https://www.chinamoney.com.cn/chinese/bkcurvfqq/,2026-09-07T15:05:39+00:00,8f4fa17e3db4f4c097049dd090b8f083749b64f1fe120c13d3502998bf51f182,{}
2026-09-07,10:00,options,USD.CNY,ATM,3W,implied_vol_ask,1.55,pct,https://www.chinamoney.com.cn/chinese/bkcurvfqq/,2026-09-07T15:05:39+00:00,8f4fa17e3db4f4c097049dd090b8f083749b64f1fe120c13d3502998bf51f182,{}
2026-09-07,10:00,options,USD.CNY,ATM,3W,implied_vol_bid,1.55,pct,https://www.chinamoney.com.cn/chinese/bkcurvfqq/,2026-09-07T15:05:39+00:00,8f4fa17e3db4f4c097049dd090b8f083749b64f1fe120c13d3502998bf51f182,{}
2026-09-07,10:00,options,USD.CNY,ATM,3W,implied_vol_mid,1.55,pct,https://www.chinamoney.com.cn/chinese/bkcurvfqq/,2026-09-07T15:05:39+00:00,8f4fa17e3db4f4c097049dd090b8f083749b64f1fe120c13d3502998bf51f182,{}
2026-09-07,10:00,options,USD.CNY,ATM,3Y,implied_vol_ask,3.8,pct,https://www.chinamoney.com.cn/chinese/bkcurvfqq/,2026-09-07T15:05:39+00:00,8f4fa17e3db4f4c097049dd090b8f083749b64f1fe120c13d3502998bf51f182,{}
2026-09-07,10:00,options,USD.CNY,ATM,3Y,implied_vol_bid,3.25,pct,https://www.chinamoney.com.cn/chinese/bkcurvfqq/,2026-09-07T15:05:39+00:00,8f4fa17e3db4f4c097049dd090b8f083749b64f1fe120c13d3502998bf51f182,{}
2026-09-07,10:00,options,USD.CNY,ATM,3Y,implied_vol_mid,3.525,pct,https://www.chinamoney.com.cn/chinese/bkcurvfqq/,2026-09-07T15:05:39+00:00,8f4fa17e3db4f4c097049dd090b8f083749b64f1fe120c13d3502998bf51f182,{}
2026-09-07,10:00,options,USD.CNY,ATM,6M,implied_vol_ask,2.55,pct,https://www.chinamoney.com.cn/chinese/bkcurvfqq/,2026-09-07T15:05:39+00:00,8f4fa17e3db4f4c097049dd090b8f083749b64f1fe120c13d3502998bf51f182,{}
2026-09-07,10:00,options,USD.CNY,ATM,6M,implied_vol_bid,2.5,pct,https://www.chinamoney.com.cn/chinese/bkcurvfqq/,2026-09-07T15:05:39+00:00,8f4fa17e3db4f4c097049dd090b8f083749b64f1fe120c13d3502998bf51f182,{}
2026-09-07,10:00,options,USD.CNY,ATM,6M,implied_vol_mid,2.525,pct,https://www.chinamoney.com.cn/chinese/bkcurvfqq/,2026-09-07T15:05:39+00:00,8f4fa17e3db4f4c097049dd090b8f083749b64f1fe120c13d3502998bf51f182,{}
2026-09-07,10:00,options,USD.CNY,ATM,9M,implied_vol_ask,2.85,pct,https://www.chinamoney.com.cn/chinese/bkcurvfqq/,2026-09-07T15:05:39+00:00,8f4fa17e3db4f4c097049dd090b8f083749b64f1fe120c13d3502998bf51f182,{}
2026-09-07,10:00,options,USD.CNY,ATM,9M,implied_vol_bid,2.825,pct,https://www.chinamoney.com.cn/chinese/bkcurvfqq/,2026-09-07T15:05:39+00:00,8f4fa17e3db4f4c097049dd090b8f083749b64f1fe120c13d3502998bf51f182,{}
2026-09-07,10:00,options,USD.CNY,ATM,9M,implied_vol_mid,2.825,pct,https://www.chinamoney.com.cn/chinese/bkcurvfqq/,2026-09-07T15:05:39+00:00,8f4fa17e3db4f4c097049dd090b8f083749b64f1fe120c13d3502998bf51f182,{}
2026-09-07,14:00,reference_rate,USD/CNY,,,reference_rate_14,6.7111,rate,https://www.chinamoney.com.cn/ags/ms/cm-u-bk-fx/RefRateHis,2026-09-07T15:05:39+00:00,a02b468bb2863382f440b8604b5d754916f09fd5c18cb2eff98a3b2af5bbf480,"{""14:00"": ""6.7111"", ""原始日期"": ""07 Sep 2026"", ""货币对"": ""USD/CNY""}"
2026-09-07,16:30,swaps,USD.CNY,,18M,forward_all_in,6.4326,rate,https://www.chinamoney.com.cn/chinese/bkcurvfsw/,2026-09-07T15:05:39+00:00,5c3b7cb4c9f9715ae4f3280fae17b27d0d528e981a338a30fc6aa5fa2e6f693f,{}
2026-09-07,16:30,swaps,USD.CNY,,18M,swap_points,-2780.0,pips,https://www.chinamoney.com.cn/chinese/bkcurvfsw/,2026-09-07T15:05:39+00:00,5c3b7cb4c9f9715ae4f3280fae17b27d0d528e981a338a30fc6aa5fa2e6f693f,{}
2026-09-07,16:30,swaps,USD.CNY,,1M,forward_all_in,6.6968,rate,https://www.chinamoney.com.cn/chinese/bkcurvfsw/,2026-09-07T15:05:39+00:00,5c3b7cb4c9f9715ae4f3280fae17b27d0d528e981a338a30fc6aa5fa2e6f693f,{}
2026-09-07,16:30,swaps,USD.CNY,,1M,swap_points,-137.4,pips,https://www.chinamoney.com.cn/chinese/bkcurvfsw/,2026-09-07T15:05:39+00:00,5c3b7cb4c9f9715ae4f3280fae17b27d0d528e981a338a30fc6aa5fa2e6f693f,{}
2026-09-07,16:30,swaps,USD.CNY,,1W,forward_all_in,6.7075,rate,https://www.chinamoney.com.cn/chinese/bkcurvfsw/,2026-09-07T15:05:39+00:00,5c3b7cb4c9f9715ae4f3280fae17b27d0d528e981a338a30fc6aa5fa2e6f693f,{}
2026-09-07,16:30,swaps,USD.CNY,,1W,swap_points,-31.0,pips,https://www.chinamoney.com.cn/chinese/bkcurvfsw/,2026-09-07T15:05:39+00:00,5c3b7cb4c9f9715ae4f3280fae17b27d0d528e981a338a30fc6aa5fa2e6f693f,{}
2026-09-07,16:30,swaps,USD.CNY,,1Y,forward_all_in,6.5277,rate,https://www.chinamoney.com.cn/chinese/bkcurvfsw/,2026-09-07T15:05:39+00:00,5c3b7cb4c9f9715ae4f3280fae17b27d0d528e981a338a30fc6aa5fa2e6f693f,{}
2026-09-07,16:30,swaps,USD.CNY,,1Y,swap_points,-1829.0,pips,https://www.chinamoney.com.cn/chinese/bkcurvfsw/,2026-09-07T15:05:39+00:00,5c3b7cb4c9f9715ae4f3280fae17b27d0d528e981a338a30fc6aa5fa2e6f693f,{}
2026-09-07,16:30,swaps,USD.CNY,,2M,forward_all_in,6.6823,rate,https://www.chinamoney.com.cn/chinese/bkcurvfsw/,2026-09-07T15:05:39+00:00,5c3b7cb4c9f9715ae4f3280fae17b27d0d528e981a338a30fc6aa5fa2e6f693f,{}
2026-09-07,16:30,swaps,USD.CNY,,2M,swap_points,-283.0,pips,https://www.chinamoney.com.cn/chinese/bkcurvfsw/,2026-09-07T15:05:39+00:00,5c3b7cb4c9f9715ae4f3280fae17b27d0d528e981a338a30fc6aa5fa2e6f693f,{}
2026-09-07,16:30,swaps,USD.CNY,,2W,forward_all_in,6.7043,rate,https://www.chinamoney.com.cn/chinese/bkcurvfsw/,2026-09-07T15:05:39+00:00,5c3b7cb4c9f9715ae4f3280fae17b27d0d528e981a338a30fc6aa5fa2e6f693f,{}
2026-09-07,16:30,swaps,USD.CNY,,2W,swap_points,-62.68,pips,https://www.chinamoney.com.cn/chinese/bkcurvfsw/,2026-09-07T15:05:39+00:00,5c3b7cb4c9f9715ae4f3280fae17b27d0d528e981a338a30fc6aa5fa2e6f693f,{}
2026-09-07,16:30,swaps,USD.CNY,,2Y,forward_all_in,6.3396,rate,https://www.chinamoney.com.cn/chinese/bkcurvfsw/,2026-09-07T15:05:39+00:00,5c3b7cb4c9f9715ae4f3280fae17b27d0d528e981a338a30fc6aa5fa2e6f693f,{}
2026-09-07,16:30,swaps,USD.CNY,,2Y,swap_points,-3710.0,pips,https://www.chinamoney.com.cn/chinese/bkcurvfsw/,2026-09-07T15:05:39+00:00,5c3b7cb4c9f9715ae4f3280fae17b27d0d528e981a338a30fc6aa5fa2e6f693f,{}
2026-09-07,16:30,swaps,USD.CNY,,3M,forward_all_in,6.6681,rate,https://www.chinamoney.com.cn/chinese/bkcurvfsw/,2026-09-07T15:05:39+00:00,5c3b7cb4c9f9715ae4f3280fae17b27d0d528e981a338a30fc6aa5fa2e6f693f,{}
2026-09-07,16:30,swaps,USD.CNY,,3M,swap_points,-424.5,pips,https://www.chinamoney.com.cn/chinese/bkcurvfsw/,2026-09-07T15:05:39+00:00,5c3b7cb4c9f9715ae4f3280fae17b27d0d528e981a338a30fc6aa5fa2e6f693f,{}
2026-09-07,16:30,swaps,USD.CNY,,3W,forward_all_in,6.7011,rate,https://www.chinamoney.com.cn/chinese/bkcurvfsw/,2026-09-07T15:05:39+00:00,5c3b7cb4c9f9715ae4f3280fae17b27d0d528e981a338a30fc6aa5fa2e6f693f,{}
2026-09-07,16:30,swaps,USD.CNY,,3W,swap_points,-94.7,pips,https://www.chinamoney.com.cn/chinese/bkcurvfsw/,2026-09-07T15:05:39+00:00,5c3b7cb4c9f9715ae4f3280fae17b27d0d528e981a338a30fc6aa5fa2e6f693f,{}
2026-09-07,16:30,swaps,USD.CNY,,3Y,forward_all_in,6.1558,rate,https://www.chinamoney.com.cn/chinese/bkcurvfsw/,2026-09-07T15:05:39+00:00,5c3b7cb4c9f9715ae4f3280fae17b27d0d528e981a338a30fc6aa5fa2e6f693f,{}
2026-09-07,16:30,swaps,USD.CNY,,3Y,swap_points,-5547.5,pips,https://www.chinamoney.com.cn/chinese/bkcurvfsw/,2026-09-07T15:05:39+00:00,5c3b7cb4c9f9715ae4f3280fae17b27d0d528e981a338a30fc6aa5fa2e6f693f,{}
2026-09-07,16:30,swaps,USD.CNY,,4M,forward_all_in,6.6519,rate,https://www.chinamoney.com.cn/chinese/bkcurvfsw/,2026-09-07T15:05:39+00:00,5c3b7cb4c9f9715ae4f3280fae17b27d0d528e981a338a30fc6aa5fa2e6f693f,{}
2026-09-07,16:30,swaps,USD.CNY,,4M,swap_points,-587.0,pips,https://www.chinamoney.com.cn/chinese/bkcurvfsw/,2026-09-07T15:05:39+00:00,5c3b7cb4c9f9715ae4f3280fae17b27d0d528e981a338a30fc6aa5fa2e6f693f,{}
2026-09-07,16:30,swaps,USD.CNY,,4Y,forward_all_in,5.9756,rate,https://www.chinamoney.com.cn/chinese/bkcurvfsw/,2026-09-07T15:05:39+00:00,5c3b7cb4c9f9715ae4f3280fae17b27d0d528e981a338a30fc6aa5fa2e6f693f,{}
2026-09-07,16:30,swaps,USD.CNY,,4Y,swap_points,-7350.0,pips,https://www.chinamoney.com.cn/chinese/bkcurvfsw/,2026-09-07T15:05:39+00:00,5c3b7cb4c9f9715ae4f3280fae17b27d0d528e981a338a30fc6aa5fa2e6f693f,{}
2026-09-07,16:30,swaps,USD.CNY,,5M,forward_all_in,6.6341,rate,https://www.chinamoney.com.cn/chinese/bkcurvfsw/,2026-09-07T15:05:39+00:00,5c3b7cb4c9f9715ae4f3280fae17b27d0d528e981a338a30fc6aa5fa2e6f693f,{}
2026-09-07,16:30,swaps,USD.CNY,,5M,swap_points,-764.5,pips,https://www.chinamoney.com.cn/chinese/bkcurvfsw/,2026-09-07T15:05:39+00:00,5c3b7cb4c9f9715ae4f3280fae17b27d0d528e981a338a30fc6aa5fa2e6f693f,{}
2026-09-07,16:30,swaps,USD.CNY,,5Y,forward_all_in,5.8006,rate,https://www.chinamoney.com.cn/chinese/bkcurvfsw/,2026-09-07T15:05:39+00:00,5c3b7cb4c9f9715ae4f3280fae17b27d0d528e981a338a30fc6aa5fa2e6f693f,{}
2026-09-07,16:30,swaps,USD.CNY,,5Y,swap_points,-9100.0,pips,https://www.chinamoney.com.cn/chinese/bkcurvfsw/,2026-09-07T15:05:39+00:00,5c3b7cb4c9f9715ae4f3280fae17b27d0d528e981a338a30fc6aa5fa2e6f693f,{}
2026-09-07,16:30,swaps,USD.CNY,,6M,forward_all_in,6.6236,rate,https://www.chinamoney.com.cn/chinese/bkcurvfsw/,2026-09-07T15:05:39+00:00,5c3b7cb4c9f9715ae4f3280fae17b27d0d528e981a338a30fc6aa5fa2e6f693f,{}
2026-09-07,16:30,swaps,USD.CNY,,6M,swap_points,-870.0,pips,https://www.chinamoney.com.cn/chinese/bkcurvfsw/,2026-09-07T15:05:39+00:00,5c3b7cb4c9f9715ae4f3280fae17b27d0d528e981a338a30fc6aa5fa2e6f693f,{}
2026-09-07,16:30,swaps,USD.CNY,,9M,forward_all_in,6.5759,rate,https://www.chinamoney.com.cn/chinese/bkcurvfsw/,2026-09-07T15:05:39+00:00,5c3b7cb4c9f9715ae4f3280fae17b27d0d528e981a338a30fc6aa5fa2e6f693f,{}
2026-09-07,16:30,swaps,USD.CNY,,9M,swap_points,-1347.0,pips,https://www.chinamoney.com.cn/chinese/bkcurvfsw/,2026-09-07T15:05:39+00:00,5c3b7cb4c9f9715ae4f3280fae17b27d0d528e981a338a30fc6aa5fa2e6f693f,{}
2026-09-07,16:30,swaps,USD.CNY,,ON,forward_all_in,6.7114,rate,https://www.chinamoney.com.cn/chinese/bkcurvfsw/,2026-09-07T15:05:39+00:00,5c3b7cb4c9f9715ae4f3280fae17b27d0d528e981a338a30fc6aa5fa2e6f693f,{}
2026-09-07,16:30,swaps,USD.CNY,,ON,swap_points,-4.4,pips,https://www.chinamoney.com.cn/chinese/bkcurvfsw/,2026-09-07T15:05:39+00:00,5c3b7cb4c9f9715ae4f3280fae17b27d0d528e981a338a30fc6aa5fa2e6f693f,{}
2026-09-07,16:30,swaps,USD.CNY,,SN,forward_all_in,6.7101,rate,https://www.chinamoney.com.cn/chinese/bkcurvfsw/,2026-09-07T15:05:39+00:00,5c3b7cb4c9f9715ae4f3280fae17b27d0d528e981a338a30fc6aa5fa2e6f693f,{}
2026-09-07,16:30,swaps,USD.CNY,,SN,swap_points,-4.39,pips,https://www.chinamoney.com.cn/chinese/bkcurvfsw/,2026-09-07T15:05:39+00:00,5c3b7cb4c9f9715ae4f3280fae17b27d0d528e981a338a30fc6aa5fa2e6f693f,{}
2026-09-07,16:30,swaps,USD.CNY,,TN,forward_all_in,6.711,rate,https://www.chinamoney.com.cn/chinese/bkcurvfsw/,2026-09-07T15:05:39+00:00,5c3b7cb4c9f9715ae4f3280fae17b27d0d528e981a338a30fc6aa5fa2e6f693f,{}
2026-09-07,16:30,swaps,USD.CNY,,TN,swap_points,-4.4,pips,https://www.chinamoney.com.cn/chinese/bkcurvfsw/,2026-09-07T15:05:39+00:00,5c3b7cb4c9f9715ae4f3280fae17b27d0d528e981a338a30fc6aa5fa2e6f693f,{}
2026-09-08,,implied_rates,USD,,18M,implied_usd_rate,4.2675,pct,https://www.chinamoney.com.cn/chinese/bkcurvuir/,2026-09-08T13:40:38+00:00,97df9fd5732e8ca28caa1e1232e068d6ed50896731e4125560080b7ddff5f5fc,"{""人民币利率(%)"": ""1.4637"", ""即期汇率"": ""6.7804"", ""期限"": ""18M"", ""远/掉期点(Pips)"": ""-2790.00"", ""隐含利率(%)"": ""4.2675""}"
2026-09-08,,implied_rates,USD,,1D,implied_usd_rate,3.7368,pct,https://www.chinamoney.com.cn/chinese/bkcurvuir/,2026-09-08T13:40:38+00:00,97df9fd5732e8ca28caa1e1232e068d6ed50896731e4125560080b7ddff5f5fc,"{""人民币利率(%)"": ""1.4005"", ""即期汇率"": ""6.7804"", ""期限"": ""1D"", ""远/掉期点(Pips)"": ""-4.34"", ""隐含利率(%)"": ""3.7368""}"
2026-09-08,,implied_rates,USD,,1M,implied_usd_rate,3.9224,pct,https://www.chinamoney.com.cn/chinese/bkcurvuir/,2026-09-08T13:40:38+00:00,97df9fd5732e8ca28caa1e1232e068d6ed50896731e4125560080b7ddff5f5fc,"{""人民币利率(%)"": ""1.4417"", ""即期汇率"": ""6.7804"", ""期限"": ""1M"", ""远/掉期点(Pips)"": ""-151.90"", ""隐含利率(%)"": ""3.9224""}"
2026-09-08,,implied_rates,USD,,1W,implied_usd_rate,3.7876,pct,https://www.chinamoney.com.cn/chinese/bkcurvuir/,2026-09-08T13:40:38+00:00,97df9fd5732e8ca28caa1e1232e068d6ed50896731e4125560080b7ddff5f5fc,"{""人民币利率(%)"": ""1.4069"", ""即期汇率"": ""6.7804"", ""期限"": ""1W"", ""远/掉期点(Pips)"": ""-30.95"", ""隐含利率(%)"": ""3.7876""}"
2026-09-08,,implied_rates,USD,,1Y,implied_usd_rate,4.2024,pct,https://www.chinamoney.com.cn/chinese/bkcurvuir/,2026-09-08T13:40:38+00:00,97df9fd5732e8ca28caa1e1232e068d6ed50896731e4125560080b7ddff5f5fc,"{""人民币利率(%)"": ""1.4625"", ""即期汇率"": ""6.7804"", ""期限"": ""1Y"", ""远/掉期点(Pips)"": ""-1832.50"", ""隐含利率(%)"": ""4.2024""}"
2026-09-08,,implied_rates,USD,,2M,implied_usd_rate,3.9617,pct,https://www.chinamoney.com.cn/chinese/bkcurvuir/,2026-09-08T13:40:38+00:00,97df9fd5732e8ca28caa1e1232e068d6ed50896731e4125560080b7ddff5f5fc,"{""人民币利率(%)"": ""1.4466"", ""即期汇率"": ""6.7804"", ""期限"": ""2M"", ""远/掉期点(Pips)"": ""-284.40"", ""隐含利率(%)"": ""3.9617""}"
2026-09-08,,implied_rates,USD,,2W,implied_usd_rate,3.8321,pct,https://www.chinamoney.com.cn/chinese/bkcurvuir/,2026-09-08T13:40:38+00:00,97df9fd5732e8ca28caa1e1232e068d6ed50896731e4125560080b7ddff5f5fc,"{""人民币利率(%)"": ""1.4201"", ""即期汇率"": ""6.7804"", ""期限"": ""2W"", ""远/掉期点(Pips)"": ""-62.70"", ""隐含利率(%)"": ""3.8321""}"
2026-09-08,,implied_rates,USD,,2Y,implied_usd_rate,4.2864,pct,https://www.chinamoney.com.cn/chinese/bkcurvuir/,2026-09-08T13:40:38+00:00,97df9fd5732e8ca28caa1e1232e068d6ed50896731e4125560080b7ddff5f5fc,"{""人民币利率(%)"": ""1.4650"", ""即期汇率"": ""6.7804"", ""期限"": ""2Y"", ""远/掉期点(Pips)"": ""-3730.00"", ""隐含利率(%)"": ""4.2864""}"
2026-09-08,,implied_rates,USD,,3M,implied_usd_rate,3.98,pct,https://www.chinamoney.com.cn/chinese/bkcurvuir/,2026-09-08T13:40:38+00:00,97df9fd5732e8ca28caa1e1232e068d6ed50896731e4125560080b7ddff5f5fc,"{""人民币利率(%)"": ""1.4490"", ""即期汇率"": ""6.7804"", ""期限"": ""3M"", ""远/掉期点(Pips)"": ""-426.50"", ""隐含利率(%)"": ""3.9800""}"
2026-09-08,,implied_rates,USD,,3W,implied_usd_rate,3.9184,pct,https://www.chinamoney.com.cn/chinese/bkcurvuir/,2026-09-08T13:40:38+00:00,97df9fd5732e8ca28caa1e1232e068d6ed50896731e4125560080b7ddff5f5fc,"{""人民币利率(%)"": ""1.4398"", ""即期汇率"": ""6.7804"", ""期限"": ""3W"", ""远/掉期点(Pips)"": ""-128.80"", ""隐含利率(%)"": ""3.9184""}"
2026-09-08,,implied_rates,USD,,3Y,implied_usd_rate,4.3241,pct,https://www.chinamoney.com.cn/chinese/bkcurvuir/,2026-09-08T13:40:38+00:00,97df9fd5732e8ca28caa1e1232e068d6ed50896731e4125560080b7ddff5f5fc,"{""人民币利率(%)"": ""1.4801"", ""即期汇率"": ""6.7804"", ""期限"": ""3Y"", ""远/掉期点(Pips)"": ""-5550.00"", ""隐含利率(%)"": ""4.3241""}"
2026-09-08,,implied_rates,USD,,6M,implied_usd_rate,4.082,pct,https://www.chinamoney.com.cn/chinese/bkcurvuir/,2026-09-08T13:40:38+00:00,97df9fd5732e8ca28caa1e1232e068d6ed50896731e4125560080b7ddff5f5fc,"{""人民币利率(%)"": ""1.4627"", ""即期汇率"": ""6.7804"", ""期限"": ""6M"", ""远/掉期点(Pips)"": ""-875.00"", ""隐含利率(%)"": ""4.0820""}"
2026-09-08,,implied_rates,USD,,9M,implied_usd_rate,4.1454,pct,https://www.chinamoney.com.cn/chinese/bkcurvuir/,2026-09-08T13:40:38+00:00,97df9fd5732e8ca28caa1e1232e068d6ed50896731e4125560080b7ddff5f5fc,"{""人民币利率(%)"": ""1.4626"", ""即期汇率"": ""6.7804"", ""期限"": ""9M"", ""远/掉期点(Pips)"": ""-1347.00"", ""隐含利率(%)"": ""4.1454""}"
2026-09-08,09:15,fixing,USD/CNY,,,fixing,6.7804,rate,https://www.chinamoney.com.cn/chinese/bkccpr/,2026-09-08T13:40:38+00:00,73a93d8c0644adac6e7dd51fe1c740d1f65d27ea41f1da9c97c47deff6ccc6c0,"{""中间价"": ""6.7804"", ""涨跌"": ""9.00"", ""货币对"": ""美元/人民币""}"
2026-09-08,10:00,options,USD.CNY,10D BF,18M,implied_vol_ask,0.75,pct,https://www.chinamoney.com.cn/chinese/bkcurvfqq/,2026-09-08T13:40:38+00:00,1bb57aba52f40e41b2dd700a6b43bd7491dad504d091378aa0959db855eff753,{}
2026-09-08,10:00,options,USD.CNY,10D BF,18M,implied_vol_bid,0.35,pct,https://www.chinamoney.com.cn/chinese/bkcurvfqq/,2026-09-08T13:40:38+00:00,1bb57aba52f40e41b2dd700a6b43bd7491dad504d091378aa0959db855eff753,{}
2026-09-08,10:00,options,USD.CNY,10D BF,18M,implied_vol_mid,0.55,pct,https://www.chinamoney.com.cn/chinese/bkcurvfqq/,2026-09-08T13:40:38+00:00,1bb57aba52f40e41b2dd700a6b43bd7491dad504d091378aa0959db855eff753,{}
2026-09-08,10:00,options,USD.CNY,10D BF,1D,implied_vol_ask,0.15,pct,https://www.chinamoney.com.cn/chinese/bkcurvfqq/,2026-09-08T13:40:38+00:00,1bb57aba52f40e41b2dd700a6b43bd7491dad504d091378aa0959db855eff753,{}
2026-09-08,10:00,options,USD.CNY,10D BF,1D,implied_vol_bid,0.15,pct,https://www.chinamoney.com.cn/chinese/bkcurvfqq/,2026-09-08T13:40:38+00:00,1bb57aba52f40e41b2dd700a6b43bd7491dad504d091378aa0959db855eff753,{}
2026-09-08,10:00,options,USD.CNY,10D BF,1D,implied_vol_mid,0.15,pct,https://www.chinamoney.com.cn/chinese/bkcurvfqq/,2026-09-08T13:40:38+00:00,1bb57aba52f40e41b2dd700a6b43bd7491dad504d091378aa0959db855eff753,{}
2026-09-08,10:00,options,USD.CNY,10D BF,1M,implied_vol_ask,0.1225,pct,https://www.chinamoney.com.cn/chinese/bkcurvfqq/,2026-09-08T13:40:38+00:00,1bb57aba52f40e41b2dd700a6b43bd7491dad504d091378aa0959db855eff753,{}
2026-09-08,10:00,options,USD.CNY,10D BF,1M,implied_vol_bid,0.1225,pct,https://www.chinamoney.com.cn/chinese/bkcurvfqq/,2026-09-08T13:40:38+00:00,1bb57aba52f40e41b2dd700a6b43bd7491dad504d091378aa0959db855eff753,{}
2026-09-08,10:00,options,USD.CNY,10D BF,1M,implied_vol_mid,0.1225,pct,https://www.chinamoney.com.cn/chinese/bkcurvfqq/,2026-09-08T13:40:38+00:00,1bb57aba52f40e41b2dd700a6b43bd7491dad504d091378aa0959db855eff753,{}
2026-09-08,10:00,options,USD.CNY,10D BF,1W,implied_vol_ask,0.2,pct,https://www.chinamoney.com.cn/chinese/bkcurvfqq/,2026-09-08T13:40:38+00:00,1bb57aba52f40e41b2dd700a6b43bd7491dad504d091378aa0959db855eff753,{}
2026-09-08,10:00,options,USD.CNY,10D BF,1W,implied_vol_bid,0.0,pct,https://www.chinamoney.com.cn/chinese/bkcurvfqq/,2026-09-08T13:40:38+00:00,1bb57aba52f40e41b2dd700a6b43bd7491dad504d091378aa0959db855eff753,{}
2026-09-08,10:00,options,USD.CNY,10D BF,1W,implied_vol_mid,0.1,pct,https://www.chinamoney.com.cn/chinese/bkcurvfqq/,2026-09-08T13:40:38+00:00,1bb57aba52f40e41b2dd700a6b43bd7491dad504d091378aa0959db855eff753,{}
2026-09-08,10:00,options,USD.CNY,10D BF,1Y,implied_vol_ask,0.76,pct,https://www.chinamoney.com.cn/chinese/bkcurvfqq/,2026-09-08T13:40:38+00:00,1bb57aba52f40e41b2dd700a6b43bd7491dad504d091378aa0959db855eff753,{}
2026-09-08,10:00,options,USD.CNY,10D BF,1Y,implied_vol_bid,0.3,pct,https://www.chinamoney.com.cn/chinese/bkcurvfqq/,2026-09-08T13:40:38+00:00,1bb57aba52f40e41b2dd700a6b43bd7491dad504d091378aa0959db855eff753,{}
2026-09-08,10:00,options,USD.CNY,10D BF,1Y,implied_vol_mid,0.53,pct,https://www.chinamoney.com.cn/chinese/bkcurvfqq/,2026-09-08T13:40:38+00:00,1bb57aba52f40e41b2dd700a6b43bd7491dad504d091378aa0959db855eff753,{}
2026-09-08,10:00,options,USD.CNY,10D BF,2M,implied_vol_ask,0.4,pct,https://www.chinamoney.com.cn/chinese/bkcurvfqq/,2026-09-08T13:40:38+00:00,1bb57aba52f40e41b2dd700a6b43bd7491dad504d091378aa0959db855eff753,{}
2026-09-08,10:00,options,USD.CNY,10D BF,2M,implied_vol_bid,0.04,pct,https://www.chinamoney.com.cn/chinese/bkcurvfqq/,2026-09-08T13:40:38+00:00,1bb57aba52f40e41b2dd700a6b43bd7491dad504d091378aa0959db855eff753,{}
2026-09-08,10:00,options,USD.CNY,10D BF,2M,implied_vol_mid,0.22,pct,https://www.chinamoney.com.cn/chinese/bkcurvfqq/,2026-09-08T13:40:38+00:00,1bb57aba52f40e41b2dd700a6b43bd7491dad504d091378aa0959db855eff753,{}
2026-09-08,10:00,options,USD.CNY,10D BF,2W,implied_vol_ask,0.2,pct,https://www.chinamoney.com.cn/chinese/bkcurvfqq/,2026-09-08T13:40:38+00:00,1bb57aba52f40e41b2dd700a6b43bd7491dad504d091378aa0959db855eff753,{}
2026-09-08,10:00,options,USD.CNY,10D BF,2W,implied_vol_bid,0.0,pct,https://www.chinamoney.com.cn/chinese/bkcurvfqq/,2026-09-08T13:40:38+00:00,1bb57aba52f40e41b2dd700a6b43bd7491dad504d091378aa0959db855eff753,{}
2026-09-08,10:00,options,USD.CNY,10D BF,2W,implied_vol_mid,0.1,pct,https://www.chinamoney.com.cn/chinese/bkcurvfqq/,2026-09-08T13:40:38+00:00,1bb57aba52f40e41b2dd700a6b43bd7491dad504d091378aa0959db855eff753,{}
2026-09-08,10:00,options,USD.CNY,10D BF,2Y,implied_vol_ask,0.75,pct,https://www.chinamoney.com.cn/chinese/bkcurvfqq/,2026-09-08T13:40:38+00:00,1bb57aba52f40e41b2dd700a6b43bd7491dad504d091378aa0959db855eff753,{}
2026-09-08,10:00,options,USD.CNY,10D BF,2Y,implied_vol_bid,0.35,pct,https://www.chinamoney.com.cn/chinese/bkcurvfqq/,2026-09-08T13:40:38+00:00,1bb57aba52f40e41b2dd700a6b43bd7491dad504d091378aa0959db855eff753,{}
2026-09-08,10:00,options,USD.CNY,10D BF,2Y,implied_vol_mid,0.55,pct,https://www.chinamoney.com.cn/chinese/bkcurvfqq/,2026-09-08T13:40:38+00:00,1bb57aba52f40e41b2dd700a6b43bd7491dad504d091378aa0959db855eff753,{}
2026-09-08,10:00,options,USD.CNY,10D BF,3M,implied_vol_ask,0.49,pct,https://www.chinamoney.com.cn/chinese/bkcurvfqq/,2026-09-08T13:40:38+00:00,1bb57aba52f40e41b2dd700a6b43bd7491dad504d091378aa0959db855eff753,{}
2026-09-08,10:00,options,USD.CNY,10D BF,3M,implied_vol_bid,0.16,pct,https://www.chinamoney.com.cn/chinese/bkcurvfqq/,2026-09-08T13:40:38+00:00,1bb57aba52f40e41b2dd700a6b43bd7491dad504d091378aa0959db855eff753,{}
2026-09-08,10:00,options,USD.CNY,10D BF,3M,implied_vol_mid,0.325,pct,https://www.chinamoney.com.cn/chinese/bkcurvfqq/,2026-09-08T13:40:38+00:00,1bb57aba52f40e41b2dd700a6b43bd7491dad504d091378aa0959db855eff753,{}
2026-09-08,10:00,options,USD.CNY,10D BF,3W,implied_vol_ask,0.1,pct,https://www.chinamoney.com.cn/chinese/bkcurvfqq/,2026-09-08T13:40:38+00:00,1bb57aba52f40e41b2dd700a6b43bd7491dad504d091378aa0959db855eff753,{}
2026-09-08,10:00,options,USD.CNY,10D BF,3W,implied_vol_bid,0.1,pct,https://www.chinamoney.com.cn/chinese/bkcurvfqq/,2026-09-08T13:40:38+00:00,1bb57aba52f40e41b2dd700a6b43bd7491dad504d091378aa0959db855eff753,{}
2026-09-08,10:00,options,USD.CNY,10D BF,3W,implied_vol_mid,0.1,pct,https://www.chinamoney.com.cn/chinese/bkcurvfqq/,2026-09-08T13:40:38+00:00,1bb57aba52f40e41b2dd700a6b43bd7491dad504d091378aa0959db855eff753,{}
2026-09-08,10:00,options,USD.CNY,10D BF,3Y,implied_vol_ask,0.8,pct,https://www.chinamoney.com.cn/chinese/bkcurvfqq/,2026-09-08T13:40:38+00:00,1bb57aba52f40e41b2dd700a6b43bd7491dad504d091378aa0959db855eff753,{}
2026-09-08,10:00,options,USD.CNY,10D BF,3Y,implied_vol_bid,0.4,pct,https://www.chinamoney.com.cn/chinese/bkcurvfqq/,2026-09-08T13:40:38+00:00,1bb57aba52f40e41b2dd700a6b43bd7491dad504d091378aa0959db855eff753,{}
2026-09-08,10:00,options,USD.CNY,10D BF,3Y,implied_vol_mid,0.6,pct,https://www.chinamoney.com.cn/chinese/bkcurvfqq/,2026-09-08T13:40:38+00:00,1bb57aba52f40e41b2dd700a6b43bd7491dad504d091378aa0959db855eff753,{}
2026-09-08,10:00,options,USD.CNY,10D BF,6M,implied_vol_ask,0.61,pct,https://www.chinamoney.com.cn/chinese/bkcurvfqq/,2026-09-08T13:40:38+00:00,1bb57aba52f40e41b2dd700a6b43bd7491dad504d091378aa0959db855eff753,{}
2026-09-08,10:00,options,USD.CNY,10D BF,6M,implied_vol_bid,0.26,pct,https://www.chinamoney.com.cn/chinese/bkcurvfqq/,2026-09-08T13:40:38+00:00,1bb57aba52f40e41b2dd700a6b43bd7491dad504d091378aa0959db855eff753,{}
2026-09-08,10:00,options,USD.CNY,10D BF,6M,implied_vol_mid,0.435,pct,https://www.chinamoney.com.cn/chinese/bkcurvfqq/,2026-09-08T13:40:38+00:00,1bb57aba52f40e41b2dd700a6b43bd7491dad504d091378aa0959db855eff753,{}
2026-09-08,10:00,options,USD.CNY,10D BF,9M,implied_vol_ask,0.73,pct,https://www.chinamoney.com.cn/chinese/bkcurvfqq/,2026-09-08T13:40:38+00:00,1bb57aba52f40e41b2dd700a6b43bd7491dad504d091378aa0959db855eff753,{}
2026-09-08,10:00,options,USD.CNY,10D BF,9M,implied_vol_bid,0.24,pct,https://www.chinamoney.com.cn/chinese/bkcurvfqq/,2026-09-08T13:40:38+00:00,1bb57aba52f40e41b2dd700a6b43bd7491dad504d091378aa0959db855eff753,{}
2026-09-08,10:00,options,USD.CNY,10D BF,9M,implied_vol_mid,0.485,pct,https://www.chinamoney.com.cn/chinese/bkcurvfqq/,2026-09-08T13:40:38+00:00,1bb57aba52f40e41b2dd700a6b43bd7491dad504d091378aa0959db855eff753,{}
2026-09-08,10:00,options,USD.CNY,25D BF,18M,implied_vol_ask,0.28,pct,https://www.chinamoney.com.cn/chinese/bkcurvfqq/,2026-09-08T13:40:38+00:00,5a9aaa5f5a37549848a51f5f7ec6b660339b83bb90a710b40b6e933dfe44780a,{}
2026-09-08,10:00,options,USD.CNY,25D BF,18M,implied_vol_bid,0.1,pct,https://www.chinamoney.com.cn/chinese/bkcurvfqq/,2026-09-08T13:40:38+00:00,5a9aaa5f5a37549848a51f5f7ec6b660339b83bb90a710b40b6e933dfe44780a,{}
2026-09-08,10:00,options,USD.CNY,25D BF,18M,implied_vol_mid,0.19,pct,https://www.chinamoney.com.cn/chinese/bkcurvfqq/,2026-09-08T13:40:38+00:00,5a9aaa5f5a37549848a51f5f7ec6b660339b83bb90a710b40b6e933dfe44780a,{}
2026-09-08,10:00,options,USD.CNY,25D BF,1D,implied_vol_ask,0.1,pct,https://www.chinamoney.com.cn/chinese/bkcurvfqq/,2026-09-08T13:40:38+00:00,5a9aaa5f5a37549848a51f5f7ec6b660339b83bb90a710b40b6e933dfe44780a,{}
2026-09-08,10:00,options,USD.CNY,25D BF,1D,implied_vol_bid,0.1,pct,https://www.chinamoney.com.cn/chinese/bkcurvfqq/,2026-09-08T13:40:38+00:00,5a9aaa5f5a37549848a51f5f7ec6b660339b83bb90a710b40b6e933dfe44780a,{}
2026-09-08,10:00,options,USD.CNY,25D BF,1D,implied_vol_mid,0.1,pct,https://www.chinamoney.com.cn/chinese/bkcurvfqq/,2026-09-08T13:40:38+00:00,5a9aaa5f5a37549848a51f5f7ec6b660339b83bb90a710b40b6e933dfe44780a,{}
2026-09-08,10:00,options,USD.CNY,25D BF,1M,implied_vol_ask,0.0725,pct,https://www.chinamoney.com.cn/chinese/bkcurvfqq/,2026-09-08T13:40:38+00:00,5a9aaa5f5a37549848a51f5f7ec6b660339b83bb90a710b40b6e933dfe44780a,{}
2026-09-08,10:00,options,USD.CNY,25D BF,1M,implied_vol_bid,0.0725,pct,https://www.chinamoney.com.cn/chinese/bkcurvfqq/,2026-09-08T13:40:38+00:00,5a9aaa5f5a37549848a51f5f7ec6b660339b83bb90a710b40b6e933dfe44780a,{}
2026-09-08,10:00,options,USD.CNY,25D BF,1M,implied_vol_mid,0.0725,pct,https://www.chinamoney.com.cn/chinese/bkcurvfqq/,2026-09-08T13:40:38+00:00,5a9aaa5f5a37549848a51f5f7ec6b660339b83bb90a710b40b6e933dfe44780a,{}
2026-09-08,10:00,options,USD.CNY,25D BF,1W,implied_vol_ask,0.1,pct,https://www.chinamoney.com.cn/chinese/bkcurvfqq/,2026-09-08T13:40:38+00:00,5a9aaa5f5a37549848a51f5f7ec6b660339b83bb90a710b40b6e933dfe44780a,{}
2026-09-08,10:00,options,USD.CNY,25D BF,1W,implied_vol_bid,0.0,pct,https://www.chinamoney.com.cn/chinese/bkcurvfqq/,2026-09-08T13:40:38+00:00,5a9aaa5f5a37549848a51f5f7ec6b660339b83bb90a710b40b6e933dfe44780a,{}
2026-09-08,10:00,options,USD.CNY,25D BF,1W,implied_vol_mid,0.0625,pct,https://www.chinamoney.com.cn/chinese/bkcurvfqq/,2026-09-08T13:40:38+00:00,5a9aaa5f5a37549848a51f5f7ec6b660339b83bb90a710b40b6e933dfe44780a,{}
2026-09-08,10:00,options,USD.CNY,25D BF,1Y,implied_vol_ask,0.28,pct,https://www.chinamoney.com.cn/chinese/bkcurvfqq/,2026-09-08T13:40:38+00:00,5a9aaa5f5a37549848a51f5f7ec6b660339b83bb90a710b40b6e933dfe44780a,{}
2026-09-08,10:00,options,USD.CNY,25D BF,1Y,implied_vol_bid,0.07,pct,https://www.chinamoney.com.cn/chinese/bkcurvfqq/,2026-09-08T13:40:38+00:00,5a9aaa5f5a37549848a51f5f7ec6b660339b83bb90a710b40b6e933dfe44780a,{}
2026-09-08,10:00,options,USD.CNY,25D BF,1Y,implied_vol_mid,0.175,pct,https://www.chinamoney.com.cn/chinese/bkcurvfqq/,2026-09-08T13:40:38+00:00,5a9aaa5f5a37549848a51f5f7ec6b660339b83bb90a710b40b6e933dfe44780a,{}
2026-09-08,10:00,options,USD.CNY,25D BF,2M,implied_vol_ask,0.17,pct,https://www.chinamoney.com.cn/chinese/bkcurvfqq/,2026-09-08T13:40:38+00:00,5a9aaa5f5a37549848a51f5f7ec6b660339b83bb90a710b40b6e933dfe44780a,{}
2026-09-08,10:00,options,USD.CNY,25D BF,2M,implied_vol_bid,0.0,pct,https://www.chinamoney.com.cn/chinese/bkcurvfqq/,2026-09-08T13:40:38+00:00,5a9aaa5f5a37549848a51f5f7ec6b660339b83bb90a710b40b6e933dfe44780a,{}
2026-09-08,10:00,options,USD.CNY,25D BF,2M,implied_vol_mid,0.085,pct,https://www.chinamoney.com.cn/chinese/bkcurvfqq/,2026-09-08T13:40:38+00:00,5a9aaa5f5a37549848a51f5f7ec6b660339b83bb90a710b40b6e933dfe44780a,{}
2026-09-08,10:00,options,USD.CNY,25D BF,2W,implied_vol_ask,0.07,pct,https://www.chinamoney.com.cn/chinese/bkcurvfqq/,2026-09-08T13:40:38+00:00,5a9aaa5f5a37549848a51f5f7ec6b660339b83bb90a710b40b6e933dfe44780a,{}
2026-09-08,10:00,options,USD.CNY,25D BF,2W,implied_vol_bid,0.06,pct,https://www.chinamoney.com.cn/chinese/bkcurvfqq/,2026-09-08T13:40:38+00:00,5a9aaa5f5a37549848a51f5f7ec6b660339b83bb90a710b40b6e933dfe44780a,{}
2026-09-08,10:00,options,USD.CNY,25D BF,2W,implied_vol_mid,0.061,pct,https://www.chinamoney.com.cn/chinese/bkcurvfqq/,2026-09-08T13:40:38+00:00,5a9aaa5f5a37549848a51f5f7ec6b660339b83bb90a710b40b6e933dfe44780a,{}
2026-09-08,10:00,options,USD.CNY,25D BF,2Y,implied_vol_ask,0.32,pct,https://www.chinamoney.com.cn/chinese/bkcurvfqq/,2026-09-08T13:40:38+00:00,5a9aaa5f5a37549848a51f5f7ec6b660339b83bb90a710b40b6e933dfe44780a,{}
2026-09-08,10:00,options,USD.CNY,25D BF,2Y,implied_vol_bid,0.1,pct,https://www.chinamoney.com.cn/chinese/bkcurvfqq/,2026-09-08T13:40:38+00:00,5a9aaa5f5a37549848a51f5f7ec6b660339b83bb90a710b40b6e933dfe44780a,{}
2026-09-08,10:00,options,USD.CNY,25D BF,2Y,implied_vol_mid,0.21,pct,https://www.chinamoney.com.cn/chinese/bkcurvfqq/,2026-09-08T13:40:38+00:00,5a9aaa5f5a37549848a51f5f7ec6b660339b83bb90a710b40b6e933dfe44780a,{}
2026-09-08,10:00,options,USD.CNY,25D BF,3M,implied_vol_ask,0.18,pct,https://www.chinamoney.com.cn/chinese/bkcurvfqq/,2026-09-08T13:40:38+00:00,5a9aaa5f5a37549848a51f5f7ec6b660339b83bb90a710b40b6e933dfe44780a,{}
2026-09-08,10:00,options,USD.CNY,25D BF,3M,implied_vol_bid,0.0,pct,https://www.chinamoney.com.cn/chinese/bkcurvfqq/,2026-09-08T13:40:38+00:00,5a9aaa5f5a37549848a51f5f7ec6b660339b83bb90a710b40b6e933dfe44780a,{}
2026-09-08,10:00,options,USD.CNY,25D BF,3M,implied_vol_mid,0.09,pct,https://www.chinamoney.com.cn/chinese/bkcurvfqq/,2026-09-08T13:40:38+00:00,5a9aaa5f5a37549848a51f5f7ec6b660339b83bb90a710b40b6e933dfe44780a,{}
2026-09-08,10:00,options,USD.CNY,25D BF,3W,implied_vol_ask,0.05,pct,https://www.chinamoney.com.cn/chinese/bkcurvfqq/,2026-09-08T13:40:38+00:00,5a9aaa5f5a37549848a51f5f7ec6b660339b83bb90a710b40b6e933dfe44780a,{}
2026-09-08,10:00,options,USD.CNY,25D BF,3W,implied_vol_bid,0.05,pct,https://www.chinamoney.com.cn/chinese/bkcurvfqq/,2026-09-08T13:40:38+00:00,5a9aaa5f5a37549848a51f5f7ec6b660339b83bb90a710b40b6e933dfe44780a,{}
2026-09-08,10:00,options,USD.CNY,25D BF,3W,implied_vol_mid,0.05,pct,https://www.chinamoney.com.cn/chinese/bkcurvfqq/,2026-09-08T13:40:38+00:00,5a9aaa5f5a37549848a51f5f7ec6b660339b83bb90a710b40b6e933dfe44780a,{}
2026-09-08,10:00,options,USD.CNY,25D BF,3Y,implied_vol_ask,0.35,pct,https://www.chinamoney.com.cn/chinese/bkcurvfqq/,2026-09-08T13:40:38+00:00,5a9aaa5f5a37549848a51f5f7ec6b660339b83bb90a710b40b6e933dfe44780a,{}
2026-09-08,10:00,options,USD.CNY,25D BF,3Y,implied_vol_bid,0.1,pct,https://www.chinamoney.com.cn/chinese/bkcurvfqq/,2026-09-08T13:40:38+00:00,5a9aaa5f5a37549848a51f5f7ec6b660339b83bb90a710b40b6e933dfe44780a,{}
2026-09-08,10:00,options,USD.CNY,25D BF,3Y,implied_vol_mid,0.225,pct,https://www.chinamoney.com.cn/chinese/bkcurvfqq/,2026-09-08T13:40:38+00:00,5a9aaa5f5a37549848a51f5f7ec6b660339b83bb90a710b40b6e933dfe44780a,{}
2026-09-08,10:00,options,USD.CNY,25D BF,6M,implied_vol_ask,0.23,pct,https://www.chinamoney.com.cn/chinese/bkcurvfqq/,2026-09-08T13:40:38+00:00,5a9aaa5f5a37549848a51f5f7ec6b660339b83bb90a710b40b6e933dfe44780a,{}
2026-09-08,10:00,options,USD.CNY,25D BF,6M,implied_vol_bid,0.04,pct,https://www.chinamoney.com.cn/chinese/bkcurvfqq/,2026-09-08T13:40:38+00:00,5a9aaa5f5a37549848a51f5f7ec6b660339b83bb90a710b40b6e933dfe44780a,{}
2026-09-08,10:00,options,USD.CNY,25D BF,6M,implied_vol_mid,0.135,pct,https://www.chinamoney.com.cn/chinese/bkcurvfqq/,2026-09-08T13:40:38+00:00,5a9aaa5f5a37549848a51f5f7ec6b660339b83bb90a710b40b6e933dfe44780a,{}
2026-09-08,10:00,options,USD.CNY,25D BF,9M,implied_vol_ask,0.26,pct,https://www.chinamoney.com.cn/chinese/bkcurvfqq/,2026-09-08T13:40:38+00:00,5a9aaa5f5a37549848a51f5f7ec6b660339b83bb90a710b40b6e933dfe44780a,{}
2026-09-08,10:00,options,USD.CNY,25D BF,9M,implied_vol_bid,0.07,pct,https://www.chinamoney.com.cn/chinese/bkcurvfqq/,2026-09-08T13:40:38+00:00,5a9aaa5f5a37549848a51f5f7ec6b660339b83bb90a710b40b6e933dfe44780a,{}
2026-09-08,10:00,options,USD.CNY,25D BF,9M,implied_vol_mid,0.165,pct,https://www.chinamoney.com.cn/chinese/bkcurvfqq/,2026-09-08T13:40:38+00:00,5a9aaa5f5a37549848a51f5f7ec6b660339b83bb90a710b40b6e933dfe44780a,{}
2026-09-08,10:00,options,USD.CNY,25D RR,18M,implied_vol_ask,0.5,pct,https://www.chinamoney.com.cn/chinese/bkcurvfqq/,2026-09-08T13:40:38+00:00,a64e08a92c1e23bb47cf151bb320a39ce8298539389abc7279dbbb2bf7290bbf,{}
2026-09-08,10:00,options,USD.CNY,25D RR,18M,implied_vol_bid,-0.5,pct,https://www.chinamoney.com.cn/chinese/bkcurvfqq/,2026-09-08T13:40:38+00:00,a64e08a92c1e23bb47cf151bb320a39ce8298539389abc7279dbbb2bf7290bbf,{}
2026-09-08,10:00,options,USD.CNY,25D RR,18M,implied_vol_mid,0.0,pct,https://www.chinamoney.com.cn/chinese/bkcurvfqq/,2026-09-08T13:40:38+00:00,a64e08a92c1e23bb47cf151bb320a39ce8298539389abc7279dbbb2bf7290bbf,{}
2026-09-08,10:00,options,USD.CNY,25D RR,1D,implied_vol_ask,-0.05,pct,https://www.chinamoney.com.cn/chinese/bkcurvfqq/,2026-09-08T13:40:38+00:00,a64e08a92c1e23bb47cf151bb320a39ce8298539389abc7279dbbb2bf7290bbf,{}
2026-09-08,10:00,options,USD.CNY,25D RR,1D,implied_vol_bid,-0.05,pct,https://www.chinamoney.com.cn/chinese/bkcurvfqq/,2026-09-08T13:40:38+00:00,a64e08a92c1e23bb47cf151bb320a39ce8298539389abc7279dbbb2bf7290bbf,{}
2026-09-08,10:00,options,USD.CNY,25D RR,1D,implied_vol_mid,-0.05,pct,https://www.chinamoney.com.cn/chinese/bkcurvfqq/,2026-09-08T13:40:38+00:00,a64e08a92c1e23bb47cf151bb320a39ce8298539389abc7279dbbb2bf7290bbf,{}
2026-09-08,10:00,options,USD.CNY,25D RR,1M,implied_vol_ask,-0.05,pct,https://www.chinamoney.com.cn/chinese/bkcurvfqq/,2026-09-08T13:40:38+00:00,a64e08a92c1e23bb47cf151bb320a39ce8298539389abc7279dbbb2bf7290bbf,{}
2026-09-08,10:00,options,USD.CNY,25D RR,1M,implied_vol_bid,-0.05,pct,https://www.chinamoney.com.cn/chinese/bkcurvfqq/,2026-09-08T13:40:38+00:00,a64e08a92c1e23bb47cf151bb320a39ce8298539389abc7279dbbb2bf7290bbf,{}
2026-09-08,10:00,options,USD.CNY,25D RR,1M,implied_vol_mid,-0.05,pct,https://www.chinamoney.com.cn/chinese/bkcurvfqq/,2026-09-08T13:40:38+00:00,a64e08a92c1e23bb47cf151bb320a39ce8298539389abc7279dbbb2bf7290bbf,{}
2026-09-08,10:00,options,USD.CNY,25D RR,1W,implied_vol_ask,0.3,pct,https://www.chinamoney.com.cn/chinese/bkcurvfqq/,2026-09-08T13:40:38+00:00,a64e08a92c1e23bb47cf151bb320a39ce8298539389abc7279dbbb2bf7290bbf,{}
2026-09-08,10:00,options,USD.CNY,25D RR,1W,implied_vol_bid,-0.5,pct,https://www.chinamoney.com.cn/chinese/bkcurvfqq/,2026-09-08T13:40:38+00:00,a64e08a92c1e23bb47cf151bb320a39ce8298539389abc7279dbbb2bf7290bbf,{}
2026-09-08,10:00,options,USD.CNY,25D RR,1W,implied_vol_mid,-0.1,pct,https://www.chinamoney.com.cn/chinese/bkcurvfqq/,2026-09-08T13:40:38+00:00,a64e08a92c1e23bb47cf151bb320a39ce8298539389abc7279dbbb2bf7290bbf,{}
2026-09-08,10:00,options,USD.CNY,25D RR,1Y,implied_vol_ask,-0.01,pct,https://www.chinamoney.com.cn/chinese/bkcurvfqq/,2026-09-08T13:40:38+00:00,a64e08a92c1e23bb47cf151bb320a39ce8298539389abc7279dbbb2bf7290bbf,{}
2026-09-08,10:00,options,USD.CNY,25D RR,1Y,implied_vol_bid,-0.035,pct,https://www.chinamoney.com.cn/chinese/bkcurvfqq/,2026-09-08T13:40:38+00:00,a64e08a92c1e23bb47cf151bb320a39ce8298539389abc7279dbbb2bf7290bbf,{}
2026-09-08,10:00,options,USD.CNY,25D RR,1Y,implied_vol_mid,-0.025,pct,https://www.chinamoney.com.cn/chinese/bkcurvfqq/,2026-09-08T13:40:38+00:00,a64e08a92c1e23bb47cf151bb320a39ce8298539389abc7279dbbb2bf7290bbf,{}
2026-09-08,10:00,options,USD.CNY,25D RR,2M,implied_vol_ask,-0.03,pct,https://www.chinamoney.com.cn/chinese/bkcurvfqq/,2026-09-08T13:40:38+00:00,a64e08a92c1e23bb47cf151bb320a39ce8298539389abc7279dbbb2bf7290bbf,{}
2026-09-08,10:00,options,USD.CNY,25D RR,2M,implied_vol_bid,-0.05,pct,https://www.chinamoney.com.cn/chinese/bkcurvfqq/,2026-09-08T13:40:38+00:00,a64e08a92c1e23bb47cf151bb320a39ce8298539389abc7279dbbb2bf7290bbf,{}
2026-09-08,10:00,options,USD.CNY,25D RR,2M,implied_vol_mid,-0.035,pct,https://www.chinamoney.com.cn/chinese/bkcurvfqq/,2026-09-08T13:40:38+00:00,a64e08a92c1e23bb47cf151bb320a39ce8298539389abc7279dbbb2bf7290bbf,{}
2026-09-08,10:00,options,USD.CNY,25D RR,2W,implied_vol_ask,0.3,pct,https://www.chinamoney.com.cn/chinese/bkcurvfqq/,2026-09-08T13:40:38+00:00,a64e08a92c1e23bb47cf151bb320a39ce8298539389abc7279dbbb2bf7290bbf,{}
2026-09-08,10:00,options,USD.CNY,25D RR,2W,implied_vol_bid,-0.5,pct,https://www.chinamoney.com.cn/chinese/bkcurvfqq/,2026-09-08T13:40:38+00:00,a64e08a92c1e23bb47cf151bb320a39ce8298539389abc7279dbbb2bf7290bbf,{}
2026-09-08,10:00,options,USD.CNY,25D RR,2W,implied_vol_mid,-0.14,pct,https://www.chinamoney.com.cn/chinese/bkcurvfqq/,2026-09-08T13:40:38+00:00,a64e08a92c1e23bb47cf151bb320a39ce8298539389abc7279dbbb2bf7290bbf,{}
2026-09-08,10:00,options,USD.CNY,25D RR,2Y,implied_vol_ask,0.5,pct,https://www.chinamoney.com.cn/chinese/bkcurvfqq/,2026-09-08T13:40:38+00:00,a64e08a92c1e23bb47cf151bb320a39ce8298539389abc7279dbbb2bf7290bbf,{}
2026-09-08,10:00,options,USD.CNY,25D RR,2Y,implied_vol_bid,-0.5,pct,https://www.chinamoney.com.cn/chinese/bkcurvfqq/,2026-09-08T13:40:38+00:00,a64e08a92c1e23bb47cf151bb320a39ce8298539389abc7279dbbb2bf7290bbf,{}
2026-09-08,10:00,options,USD.CNY,25D RR,2Y,implied_vol_mid,0.0,pct,https://www.chinamoney.com.cn/chinese/bkcurvfqq/,2026-09-08T13:40:38+00:00,a64e08a92c1e23bb47cf151bb320a39ce8298539389abc7279dbbb2bf7290bbf,{}
2026-09-08,10:00,options,USD.CNY,25D RR,3M,implied_vol_ask,0.3,pct,https://www.chinamoney.com.cn/chinese/bkcurvfqq/,2026-09-08T13:40:38+00:00,a64e08a92c1e23bb47cf151bb320a39ce8298539389abc7279dbbb2bf7290bbf,{}
2026-09-08,10:00,options,USD.CNY,25D RR,3M,implied_vol_bid,-0.4,pct,https://www.chinamoney.com.cn/chinese/bkcurvfqq/,2026-09-08T13:40:38+00:00,a64e08a92c1e23bb47cf151bb320a39ce8298539389abc7279dbbb2bf7290bbf,{}
2026-09-08,10:00,options,USD.CNY,25D RR,3M,implied_vol_mid,-0.05,pct,https://www.chinamoney.com.cn/chinese/bkcurvfqq/,2026-09-08T13:40:38+00:00,a64e08a92c1e23bb47cf151bb320a39ce8298539389abc7279dbbb2bf7290bbf,{}
2026-09-08,10:00,options,USD.CNY,25D RR,3W,implied_vol_ask,-0.1,pct,https://www.chinamoney.com.cn/chinese/bkcurvfqq/,2026-09-08T13:40:38+00:00,a64e08a92c1e23bb47cf151bb320a39ce8298539389abc7279dbbb2bf7290bbf,{}
2026-09-08,10:00,options,USD.CNY,25D RR,3W,implied_vol_bid,-0.1,pct,https://www.chinamoney.com.cn/chinese/bkcurvfqq/,2026-09-08T13:40:38+00:00,a64e08a92c1e23bb47cf151bb320a39ce8298539389abc7279dbbb2bf7290bbf,{}
2026-09-08,10:00,options,USD.CNY,25D RR,3W,implied_vol_mid,-0.1,pct,https://www.chinamoney.com.cn/chinese/bkcurvfqq/,2026-09-08T13:40:38+00:00,a64e08a92c1e23bb47cf151bb320a39ce8298539389abc7279dbbb2bf7290bbf,{}
2026-09-08,10:00,options,USD.CNY,25D RR,3Y,implied_vol_ask,0.5,pct,https://www.chinamoney.com.cn/chinese/bkcurvfqq/,2026-09-08T13:40:38+00:00,a64e08a92c1e23bb47cf151bb320a39ce8298539389abc7279dbbb2bf7290bbf,{}
2026-09-08,10:00,options,USD.CNY,25D RR,3Y,implied_vol_bid,-0.5,pct,https://www.chinamoney.com.cn/chinese/bkcurvfqq/,2026-09-08T13:40:38+00:00,a64e08a92c1e23bb47cf151bb320a39ce8298539389abc7279dbbb2bf7290bbf,{}
2026-09-08,10:00,options,USD.CNY,25D RR,3Y,implied_vol_mid,0.0,pct,https://www.chinamoney.com.cn/chinese/bkcurvfqq/,2026-09-08T13:40:38+00:00,a64e08a92c1e23bb47cf151bb320a39ce8298539389abc7279dbbb2bf7290bbf,{}
2026-09-08,10:00,options,USD.CNY,25D RR,6M,implied_vol_ask,-0.01,pct,https://www.chinamoney.com.cn/chinese/bkcurvfqq/,2026-09-08T13:40:38+00:00,a64e08a92c1e23bb47cf151bb320a39ce8298539389abc7279dbbb2bf7290bbf,{}
2026-09-08,10:00,options,USD.CNY,25D RR,6M,implied_vol_bid,-0.075,pct,https://www.chinamoney.com.cn/chinese/bkcurvfqq/,2026-09-08T13:40:38+00:00,a64e08a92c1e23bb47cf151bb320a39ce8298539389abc7279dbbb2bf7290bbf,{}
2026-09-08,10:00,options,USD.CNY,25D RR,6M,implied_vol_mid,-0.0425,pct,https://www.chinamoney.com.cn/chinese/bkcurvfqq/,2026-09-08T13:40:38+00:00,a64e08a92c1e23bb47cf151bb320a39ce8298539389abc7279dbbb2bf7290bbf,{}
2026-09-08,10:00,options,USD.CNY,25D RR,9M,implied_vol_ask,-0.01,pct,https://www.chinamoney.com.cn/chinese/bkcurvfqq/,2026-09-08T13:40:38+00:00,a64e08a92c1e23bb47cf151bb320a39ce8298539389abc7279dbbb2bf7290bbf,{}
2026-09-08,10:00,options,USD.CNY,25D RR,9M,implied_vol_bid,-0.035,pct,https://www.chinamoney.com.cn/chinese/bkcurvfqq/,2026-09-08T13:40:38+00:00,a64e08a92c1e23bb47cf151bb320a39ce8298539389abc7279dbbb2bf7290bbf,{}
2026-09-08,10:00,options,USD.CNY,25D RR,9M,implied_vol_mid,-0.025,pct,https://www.chinamoney.com.cn/chinese/bkcurvfqq/,2026-09-08T13:40:38+00:00,a64e08a92c1e23bb47cf151bb320a39ce8298539389abc7279dbbb2bf7290bbf,{}
2026-09-08,10:00,options,USD.CNY,ATM,18M,implied_vol_ask,3.4,pct,https://www.chinamoney.com.cn/chinese/bkcurvfqq/,2026-09-08T13:40:38+00:00,b7f391dd4d9ef719e9895bc565491b76b3b16a89c455cbaf090244b0818ba2fa,{}
2026-09-08,10:00,options,USD.CNY,ATM,18M,implied_vol_bid,3.0,pct,https://www.chinamoney.com.cn/chinese/bkcurvfqq/,2026-09-08T13:40:38+00:00,b7f391dd4d9ef719e9895bc565491b76b3b16a89c455cbaf090244b0818ba2fa,{}
2026-09-08,10:00,options,USD.CNY,ATM,18M,implied_vol_mid,3.2,pct,https://www.chinamoney.com.cn/chinese/bkcurvfqq/,2026-09-08T13:40:38+00:00,b7f391dd4d9ef719e9895bc565491b76b3b16a89c455cbaf090244b0818ba2fa,{}
2026-09-08,10:00,options,USD.CNY,ATM,1D,implied_vol_ask,1.5,pct,https://www.chinamoney.com.cn/chinese/bkcurvfqq/,2026-09-08T13:40:38+00:00,b7f391dd4d9ef719e9895bc565491b76b3b16a89c455cbaf090244b0818ba2fa,{}
2026-09-08,10:00,options,USD.CNY,ATM,1D,implied_vol_bid,1.5,pct,https://www.chinamoney.com.cn/chinese/bkcurvfqq/,2026-09-08T13:40:38+00:00,b7f391dd4d9ef719e9895bc565491b76b3b16a89c455cbaf090244b0818ba2fa,{}
2026-09-08,10:00,options,USD.CNY,ATM,1D,implied_vol_mid,1.5,pct,https://www.chinamoney.com.cn/chinese/bkcurvfqq/,2026-09-08T13:40:38+00:00,b7f391dd4d9ef719e9895bc565491b76b3b16a89c455cbaf090244b0818ba2fa,{}
2026-09-08,10:00,options,USD.CNY,ATM,1M,implied_vol_ask,1.6624,pct,https://www.chinamoney.com.cn/chinese/bkcurvfqq/,2026-09-08T13:40:38+00:00,b7f391dd4d9ef719e9895bc565491b76b3b16a89c455cbaf090244b0818ba2fa,{}
2026-09-08,10:00,options,USD.CNY,ATM,1M,implied_vol_bid,1.6624,pct,https://www.chinamoney.com.cn/chinese/bkcurvfqq/,2026-09-08T13:40:38+00:00,b7f391dd4d9ef719e9895bc565491b76b3b16a89c455cbaf090244b0818ba2fa,{}
2026-09-08,10:00,options,USD.CNY,ATM,1M,implied_vol_mid,1.6624,pct,https://www.chinamoney.com.cn/chinese/bkcurvfqq/,2026-09-08T13:40:38+00:00,b7f391dd4d9ef719e9895bc565491b76b3b16a89c455cbaf090244b0818ba2fa,{}
2026-09-08,10:00,options,USD.CNY,ATM,1W,implied_vol_ask,1.65,pct,https://www.chinamoney.com.cn/chinese/bkcurvfqq/,2026-09-08T13:40:38+00:00,b7f391dd4d9ef719e9895bc565491b76b3b16a89c455cbaf090244b0818ba2fa,{}
2026-09-08,10:00,options,USD.CNY,ATM,1W,implied_vol_bid,1.25,pct,https://www.chinamoney.com.cn/chinese/bkcurvfqq/,2026-09-08T13:40:38+00:00,b7f391dd4d9ef719e9895bc565491b76b3b16a89c455cbaf090244b0818ba2fa,{}
2026-09-08,10:00,options,USD.CNY,ATM,1W,implied_vol_mid,1.4618,pct,https://www.chinamoney.com.cn/chinese/bkcurvfqq/,2026-09-08T13:40:38+00:00,b7f391dd4d9ef719e9895bc565491b76b3b16a89c455cbaf090244b0818ba2fa,{}
2026-09-08,10:00,options,USD.CNY,ATM,1Y,implied_vol_ask,3.075,pct,https://www.chinamoney.com.cn/chinese/bkcurvfqq/,2026-09-08T13:40:38+00:00,b7f391dd4d9ef719e9895bc565491b76b3b16a89c455cbaf090244b0818ba2fa,{}
2026-09-08,10:00,options,USD.CNY,ATM,1Y,implied_vol_bid,3.05,pct,https://www.chinamoney.com.cn/chinese/bkcurvfqq/,2026-09-08T13:40:38+00:00,b7f391dd4d9ef719e9895bc565491b76b3b16a89c455cbaf090244b0818ba2fa,{}
2026-09-08,10:00,options,USD.CNY,ATM,1Y,implied_vol_mid,3.0686,pct,https://www.chinamoney.com.cn/chinese/bkcurvfqq/,2026-09-08T13:40:38+00:00,b7f391dd4d9ef719e9895bc565491b76b3b16a89c455cbaf090244b0818ba2fa,{}
2026-09-08,10:00,options,USD.CNY,ATM,2M,implied_vol_ask,1.975,pct,https://www.chinamoney.com.cn/chinese/bkcurvfqq/,2026-09-08T13:40:38+00:00,b7f391dd4d9ef719e9895bc565491b76b3b16a89c455cbaf090244b0818ba2fa,{}
2026-09-08,10:00,options,USD.CNY,ATM,2M,implied_vol_bid,1.875,pct,https://www.chinamoney.com.cn/chinese/bkcurvfqq/,2026-09-08T13:40:38+00:00,b7f391dd4d9ef719e9895bc565491b76b3b16a89c455cbaf090244b0818ba2fa,{}
2026-09-08,10:00,options,USD.CNY,ATM,2M,implied_vol_mid,1.935,pct,https://www.chinamoney.com.cn/chinese/bkcurvfqq/,2026-09-08T13:40:38+00:00,b7f391dd4d9ef719e9895bc565491b76b3b16a89c455cbaf090244b0818ba2fa,{}
2026-09-08,10:00,options,USD.CNY,ATM,2W,implied_vol_ask,1.7,pct,https://www.chinamoney.com.cn/chinese/bkcurvfqq/,2026-09-08T13:40:38+00:00,b7f391dd4d9ef719e9895bc565491b76b3b16a89c455cbaf090244b0818ba2fa,{}
2026-09-08,10:00,options,USD.CNY,ATM,2W,implied_vol_bid,1.3,pct,https://www.chinamoney.com.cn/chinese/bkcurvfqq/,2026-09-08T13:40:38+00:00,b7f391dd4d9ef719e9895bc565491b76b3b16a89c455cbaf090244b0818ba2fa,{}
2026-09-08,10:00,options,USD.CNY,ATM,2W,implied_vol_mid,1.4946,pct,https://www.chinamoney.com.cn/chinese/bkcurvfqq/,2026-09-08T13:40:38+00:00,b7f391dd4d9ef719e9895bc565491b76b3b16a89c455cbaf090244b0818ba2fa,{}
2026-09-08,10:00,options,USD.CNY,ATM,2Y,implied_vol_ask,3.6,pct,https://www.chinamoney.com.cn/chinese/bkcurvfqq/,2026-09-08T13:40:38+00:00,b7f391dd4d9ef719e9895bc565491b76b3b16a89c455cbaf090244b0818ba2fa,{}
2026-09-08,10:00,options,USD.CNY,ATM,2Y,implied_vol_bid,3.15,pct,https://www.chinamoney.com.cn/chinese/bkcurvfqq/,2026-09-08T13:40:38+00:00,b7f391dd4d9ef719e9895bc565491b76b3b16a89c455cbaf090244b0818ba2fa,{}
2026-09-08,10:00,options,USD.CNY,ATM,2Y,implied_vol_mid,3.375,pct,https://www.chinamoney.com.cn/chinese/bkcurvfqq/,2026-09-08T13:40:38+00:00,b7f391dd4d9ef719e9895bc565491b76b3b16a89c455cbaf090244b0818ba2fa,{}
2026-09-08,10:00,options,USD.CNY,ATM,3M,implied_vol_ask,2.25,pct,https://www.chinamoney.com.cn/chinese/bkcurvfqq/,2026-09-08T13:40:38+00:00,b7f391dd4d9ef719e9895bc565491b76b3b16a89c455cbaf090244b0818ba2fa,{}
2026-09-08,10:00,options,USD.CNY,ATM,3M,implied_vol_bid,1.9,pct,https://www.chinamoney.com.cn/chinese/bkcurvfqq/,2026-09-08T13:40:38+00:00,b7f391dd4d9ef719e9895bc565491b76b3b16a89c455cbaf090244b0818ba2fa,{}
2026-09-08,10:00,options,USD.CNY,ATM,3M,implied_vol_mid,2.075,pct,https://www.chinamoney.com.cn/chinese/bkcurvfqq/,2026-09-08T13:40:38+00:00,b7f391dd4d9ef719e9895bc565491b76b3b16a89c455cbaf090244b0818ba2fa,{}
2026-09-08,10:00,options,USD.CNY,ATM,3W,implied_vol_ask,1.5526,pct,https://www.chinamoney.com.cn/chinese/bkcurvfqq/,2026-09-08T13:40:38+00:00,b7f391dd4d9ef719e9895bc565491b76b3b16a89c455cbaf090244b0818ba2fa,{}
2026-09-08,10:00,options,USD.CNY,ATM,3W,implied_vol_bid,1.5526,pct,https://www.chinamoney.com.cn/chinese/bkcurvfqq/,2026-09-08T13:40:38+00:00,b7f391dd4d9ef719e9895bc565491b76b3b16a89c455cbaf090244b0818ba2fa,{}
2026-09-08,10:00,options,USD.CNY,ATM,3W,implied_vol_mid,1.5526,pct,https://www.chinamoney.com.cn/chinese/bkcurvfqq/,2026-09-08T13:40:38+00:00,b7f391dd4d9ef719e9895bc565491b76b3b16a89c455cbaf090244b0818ba2fa,{}
2026-09-08,10:00,options,USD.CNY,ATM,3Y,implied_vol_ask,3.8,pct,https://www.chinamoney.com.cn/chinese/bkcurvfqq/,2026-09-08T13:40:38+00:00,b7f391dd4d9ef719e9895bc565491b76b3b16a89c455cbaf090244b0818ba2fa,{}
2026-09-08,10:00,options,USD.CNY,ATM,3Y,implied_vol_bid,3.25,pct,https://www.chinamoney.com.cn/chinese/bkcurvfqq/,2026-09-08T13:40:38+00:00,b7f391dd4d9ef719e9895bc565491b76b3b16a89c455cbaf090244b0818ba2fa,{}
2026-09-08,10:00,options,USD.CNY,ATM,3Y,implied_vol_mid,3.525,pct,https://www.chinamoney.com.cn/chinese/bkcurvfqq/,2026-09-08T13:40:38+00:00,b7f391dd4d9ef719e9895bc565491b76b3b16a89c455cbaf090244b0818ba2fa,{}
2026-09-08,10:00,options,USD.CNY,ATM,6M,implied_vol_ask,2.6,pct,https://www.chinamoney.com.cn/chinese/bkcurvfqq/,2026-09-08T13:40:38+00:00,b7f391dd4d9ef719e9895bc565491b76b3b16a89c455cbaf090244b0818ba2fa,{}
2026-09-08,10:00,options,USD.CNY,ATM,6M,implied_vol_bid,2.55,pct,https://www.chinamoney.com.cn/chinese/bkcurvfqq/,2026-09-08T13:40:38+00:00,b7f391dd4d9ef719e9895bc565491b76b3b16a89c455cbaf090244b0818ba2fa,{}
2026-09-08,10:00,options,USD.CNY,ATM,6M,implied_vol_mid,2.575,pct,https://www.chinamoney.com.cn/chinese/bkcurvfqq/,2026-09-08T13:40:38+00:00,b7f391dd4d9ef719e9895bc565491b76b3b16a89c455cbaf090244b0818ba2fa,{}
2026-09-08,10:00,options,USD.CNY,ATM,9M,implied_vol_ask,2.875,pct,https://www.chinamoney.com.cn/chinese/bkcurvfqq/,2026-09-08T13:40:38+00:00,b7f391dd4d9ef719e9895bc565491b76b3b16a89c455cbaf090244b0818ba2fa,{}
2026-09-08,10:00,options,USD.CNY,ATM,9M,implied_vol_bid,2.85,pct,https://www.chinamoney.com.cn/chinese/bkcurvfqq/,2026-09-08T13:40:38+00:00,b7f391dd4d9ef719e9895bc565491b76b3b16a89c455cbaf090244b0818ba2fa,{}
2026-09-08,10:00,options,USD.CNY,ATM,9M,implied_vol_mid,2.85,pct,https://www.chinamoney.com.cn/chinese/bkcurvfqq/,2026-09-08T13:40:38+00:00,b7f391dd4d9ef719e9895bc565491b76b3b16a89c455cbaf090244b0818ba2fa,{}
2026-09-08,14:00,reference_rate,USD/CNY,,,reference_rate_14,6.7108,rate,https://www.chinamoney.com.cn/ags/ms/cm-u-bk-fx/RefRateHis,2026-09-08T13:40:38+00:00,ecb161a6046b8c36613f06be98c23272628ba4a931fbcd054aa9b760c46c5f86,"{""14:00"": ""6.7108"", ""原始日期"": ""08 Sep 2026"", ""货币对"": ""USD/CNY""}"
2026-09-08,16:30,swaps,USD.CNY,,18M,forward_all_in,6.4319,rate,https://www.chinamoney.com.cn/chinese/bkcurvfsw/,2026-09-08T13:40:38+00:00,3172a20aa4b31025fdea3d4f7445b4d2459aede5c91269fef3803d2e751691aa,{}
2026-09-08,16:30,swaps,USD.CNY,,18M,swap_points,-2790.0,pips,https://www.chinamoney.com.cn/chinese/bkcurvfsw/,2026-09-08T13:40:38+00:00,3172a20aa4b31025fdea3d4f7445b4d2459aede5c91269fef3803d2e751691aa,{}
2026-09-08,16:30,swaps,USD.CNY,,1M,forward_all_in,6.6957,rate,https://www.chinamoney.com.cn/chinese/bkcurvfsw/,2026-09-08T13:40:38+00:00,3172a20aa4b31025fdea3d4f7445b4d2459aede5c91269fef3803d2e751691aa,{}
2026-09-08,16:30,swaps,USD.CNY,,1M,swap_points,-151.9,pips,https://www.chinamoney.com.cn/chinese/bkcurvfsw/,2026-09-08T13:40:38+00:00,3172a20aa4b31025fdea3d4f7445b4d2459aede5c91269fef3803d2e751691aa,{}
2026-09-08,16:30,swaps,USD.CNY,,1W,forward_all_in,6.7078,rate,https://www.chinamoney.com.cn/chinese/bkcurvfsw/,2026-09-08T13:40:38+00:00,3172a20aa4b31025fdea3d4f7445b4d2459aede5c91269fef3803d2e751691aa,{}
2026-09-08,16:30,swaps,USD.CNY,,1W,swap_points,-30.95,pips,https://www.chinamoney.com.cn/chinese/bkcurvfsw/,2026-09-08T13:40:38+00:00,3172a20aa4b31025fdea3d4f7445b4d2459aede5c91269fef3803d2e751691aa,{}
2026-09-08,16:30,swaps,USD.CNY,,1Y,forward_all_in,6.5276,rate,https://www.chinamoney.com.cn/chinese/bkcurvfsw/,2026-09-08T13:40:38+00:00,3172a20aa4b31025fdea3d4f7445b4d2459aede5c91269fef3803d2e751691aa,{}
2026-09-08,16:30,swaps,USD.CNY,,1Y,swap_points,-1833.0,pips,https://www.chinamoney.com.cn/chinese/bkcurvfsw/,2026-09-08T13:40:38+00:00,3172a20aa4b31025fdea3d4f7445b4d2459aede5c91269fef3803d2e751691aa,{}
2026-09-08,16:30,swaps,USD.CNY,,2M,forward_all_in,6.6824,rate,https://www.chinamoney.com.cn/chinese/bkcurvfsw/,2026-09-08T13:40:38+00:00,3172a20aa4b31025fdea3d4f7445b4d2459aede5c91269fef3803d2e751691aa,{}
2026-09-08,16:30,swaps,USD.CNY,,2M,swap_points,-284.4,pips,https://www.chinamoney.com.cn/chinese/bkcurvfsw/,2026-09-08T13:40:38+00:00,3172a20aa4b31025fdea3d4f7445b4d2459aede5c91269fef3803d2e751691aa,{}
2026-09-08,16:30,swaps,USD.CNY,,2W,forward_all_in,6.7046,rate,https://www.chinamoney.com.cn/chinese/bkcurvfsw/,2026-09-08T13:40:38+00:00,3172a20aa4b31025fdea3d4f7445b4d2459aede5c91269fef3803d2e751691aa,{}
2026-09-08,16:30,swaps,USD.CNY,,2W,swap_points,-62.7,pips,https://www.chinamoney.com.cn/chinese/bkcurvfsw/,2026-09-08T13:40:38+00:00,3172a20aa4b31025fdea3d4f7445b4d2459aede5c91269fef3803d2e751691aa,{}
2026-09-08,16:30,swaps,USD.CNY,,2Y,forward_all_in,6.3379,rate,https://www.chinamoney.com.cn/chinese/bkcurvfsw/,2026-09-08T13:40:38+00:00,3172a20aa4b31025fdea3d4f7445b4d2459aede5c91269fef3803d2e751691aa,{}
2026-09-08,16:30,swaps,USD.CNY,,2Y,swap_points,-3730.0,pips,https://www.chinamoney.com.cn/chinese/bkcurvfsw/,2026-09-08T13:40:38+00:00,3172a20aa4b31025fdea3d4f7445b4d2459aede5c91269fef3803d2e751691aa,{}
2026-09-08,16:30,swaps,USD.CNY,,3M,forward_all_in,6.6682,rate,https://www.chinamoney.com.cn/chinese/bkcurvfsw/,2026-09-08T13:40:38+00:00,3172a20aa4b31025fdea3d4f7445b4d2459aede5c91269fef3803d2e751691aa,{}
2026-09-08,16:30,swaps,USD.CNY,,3M,swap_points,-427.0,pips,https://www.chinamoney.com.cn/chinese/bkcurvfsw/,2026-09-08T13:40:38+00:00,3172a20aa4b31025fdea3d4f7445b4d2459aede5c91269fef3803d2e751691aa,{}
2026-09-08,16:30,swaps,USD.CNY,,3W,forward_all_in,6.698,rate,https://www.chinamoney.com.cn/chinese/bkcurvfsw/,2026-09-08T13:40:38+00:00,3172a20aa4b31025fdea3d4f7445b4d2459aede5c91269fef3803d2e751691aa,{}
2026-09-08,16:30,swaps,USD.CNY,,3W,swap_points,-128.8,pips,https://www.chinamoney.com.cn/chinese/bkcurvfsw/,2026-09-08T13:40:38+00:00,3172a20aa4b31025fdea3d4f7445b4d2459aede5c91269fef3803d2e751691aa,{}
2026-09-08,16:30,swaps,USD.CNY,,3Y,forward_all_in,6.1559,rate,https://www.chinamoney.com.cn/chinese/bkcurvfsw/,2026-09-08T13:40:38+00:00,3172a20aa4b31025fdea3d4f7445b4d2459aede5c91269fef3803d2e751691aa,{}
2026-09-08,16:30,swaps,USD.CNY,,3Y,swap_points,-5550.0,pips,https://www.chinamoney.com.cn/chinese/bkcurvfsw/,2026-09-08T13:40:38+00:00,3172a20aa4b31025fdea3d4f7445b4d2459aede5c91269fef3803d2e751691aa,{}
2026-09-08,16:30,swaps,USD.CNY,,4M,forward_all_in,6.6523,rate,https://www.chinamoney.com.cn/chinese/bkcurvfsw/,2026-09-08T13:40:38+00:00,3172a20aa4b31025fdea3d4f7445b4d2459aede5c91269fef3803d2e751691aa,{}
2026-09-08,16:30,swaps,USD.CNY,,4M,swap_points,-586.0,pips,https://www.chinamoney.com.cn/chinese/bkcurvfsw/,2026-09-08T13:40:38+00:00,3172a20aa4b31025fdea3d4f7445b4d2459aede5c91269fef3803d2e751691aa,{}
2026-09-08,16:30,swaps,USD.CNY,,4Y,forward_all_in,5.9759,rate,https://www.chinamoney.com.cn/chinese/bkcurvfsw/,2026-09-08T13:40:38+00:00,3172a20aa4b31025fdea3d4f7445b4d2459aede5c91269fef3803d2e751691aa,{}
2026-09-08,16:30,swaps,USD.CNY,,4Y,swap_points,-7350.0,pips,https://www.chinamoney.com.cn/chinese/bkcurvfsw/,2026-09-08T13:40:38+00:00,3172a20aa4b31025fdea3d4f7445b4d2459aede5c91269fef3803d2e751691aa,{}
2026-09-08,16:30,swaps,USD.CNY,,5M,forward_all_in,6.6344,rate,https://www.chinamoney.com.cn/chinese/bkcurvfsw/,2026-09-08T13:40:38+00:00,3172a20aa4b31025fdea3d4f7445b4d2459aede5c91269fef3803d2e751691aa,{}
2026-09-08,16:30,swaps,USD.CNY,,5M,swap_points,-764.01,pips,https://www.chinamoney.com.cn/chinese/bkcurvfsw/,2026-09-08T13:40:38+00:00,3172a20aa4b31025fdea3d4f7445b4d2459aede5c91269fef3803d2e751691aa,{}
2026-09-08,16:30,swaps,USD.CNY,,5Y,forward_all_in,5.8009,rate,https://www.chinamoney.com.cn/chinese/bkcurvfsw/,2026-09-08T13:40:38+00:00,3172a20aa4b31025fdea3d4f7445b4d2459aede5c91269fef3803d2e751691aa,{}
2026-09-08,16:30,swaps,USD.CNY,,5Y,swap_points,-9100.0,pips,https://www.chinamoney.com.cn/chinese/bkcurvfsw/,2026-09-08T13:40:38+00:00,3172a20aa4b31025fdea3d4f7445b4d2459aede5c91269fef3803d2e751691aa,{}
2026-09-08,16:30,swaps,USD.CNY,,6M,forward_all_in,6.6234,rate,https://www.chinamoney.com.cn/chinese/bkcurvfsw/,2026-09-08T13:40:38+00:00,3172a20aa4b31025fdea3d4f7445b4d2459aede5c91269fef3803d2e751691aa,{}
2026-09-08,16:30,swaps,USD.CNY,,6M,swap_points,-875.0,pips,https://www.chinamoney.com.cn/chinese/bkcurvfsw/,2026-09-08T13:40:38+00:00,3172a20aa4b31025fdea3d4f7445b4d2459aede5c91269fef3803d2e751691aa,{}
2026-09-08,16:30,swaps,USD.CNY,,9M,forward_all_in,6.5762,rate,https://www.chinamoney.com.cn/chinese/bkcurvfsw/,2026-09-08T13:40:38+00:00,3172a20aa4b31025fdea3d4f7445b4d2459aede5c91269fef3803d2e751691aa,{}
2026-09-08,16:30,swaps,USD.CNY,,9M,swap_points,-1347.0,pips,https://www.chinamoney.com.cn/chinese/bkcurvfsw/,2026-09-08T13:40:38+00:00,3172a20aa4b31025fdea3d4f7445b4d2459aede5c91269fef3803d2e751691aa,{}
2026-09-08,16:30,swaps,USD.CNY,,ON,forward_all_in,6.7117,rate,https://www.chinamoney.com.cn/chinese/bkcurvfsw/,2026-09-08T13:40:38+00:00,3172a20aa4b31025fdea3d4f7445b4d2459aede5c91269fef3803d2e751691aa,{}
2026-09-08,16:30,swaps,USD.CNY,,ON,swap_points,-4.15,pips,https://www.chinamoney.com.cn/chinese/bkcurvfsw/,2026-09-08T13:40:38+00:00,3172a20aa4b31025fdea3d4f7445b4d2459aede5c91269fef3803d2e751691aa,{}
2026-09-08,16:30,swaps,USD.CNY,,SN,forward_all_in,6.7104,rate,https://www.chinamoney.com.cn/chinese/bkcurvfsw/,2026-09-08T13:40:38+00:00,3172a20aa4b31025fdea3d4f7445b4d2459aede5c91269fef3803d2e751691aa,{}
2026-09-08,16:30,swaps,USD.CNY,,SN,swap_points,-4.35,pips,https://www.chinamoney.com.cn/chinese/bkcurvfsw/,2026-09-08T13:40:38+00:00,3172a20aa4b31025fdea3d4f7445b4d2459aede5c91269fef3803d2e751691aa,{}
2026-09-08,16:30,swaps,USD.CNY,,TN,forward_all_in,6.7113,rate,https://www.chinamoney.com.cn/chinese/bkcurvfsw/,2026-09-08T13:40:38+00:00,3172a20aa4b31025fdea3d4f7445b4d2459aede5c91269fef3803d2e751691aa,{}
2026-09-08,16:30,swaps,USD.CNY,,TN,swap_points,-4.35,pips,https://www.chinamoney.com.cn/chinese/bkcurvfsw/,2026-09-08T13:40:38+00:00,3172a20aa4b31025fdea3d4f7445b4d2459aede5c91269fef3803d2e751691aa,{}
2026-09-09,,implied_rates,USD,,18M,implied_usd_rate,4.2895,pct,https://www.chinamoney.com.cn/chinese/bkcurvuir/,2026-09-09T13:46:26+00:00,9b7ee8a07ebf004863b66bd7fdee9031762b34c42dcfa428c9166e7ebfb04c20,"{""人民币利率(%)"": ""1.4637"", ""即期汇率"": ""6.7769"", ""期限"": ""18M"", ""远/掉期点(Pips)"": ""-2820.00"", ""隐含利率(%)"": ""4.2895""}"
2026-09-09,,implied_rates,USD,,1D,implied_usd_rate,3.7772,pct,https://www.chinamoney.com.cn/chinese/bkcurvuir/,2026-09-09T13:46:26+00:00,9b7ee8a07ebf004863b66bd7fdee9031762b34c42dcfa428c9166e7ebfb04c20,"{""人民币利率(%)"": ""1.4143"", ""即期汇率"": ""6.7769"", ""期限"": ""1D"", ""远/掉期点(Pips)"": ""-13.16"", ""隐含利率(%)"": ""3.7772""}"
2026-09-09,,implied_rates,USD,,1M,implied_usd_rate,3.9532,pct,https://www.chinamoney.com.cn/chinese/bkcurvuir/,2026-09-09T13:46:26+00:00,9b7ee8a07ebf004863b66bd7fdee9031762b34c42dcfa428c9166e7ebfb04c20,"{""人民币利率(%)"": ""1.4409"", ""即期汇率"": ""6.7769"", ""期限"": ""1M"", ""远/掉期点(Pips)"": ""-149.10"", ""隐含利率(%)"": ""3.9532""}"
2026-09-09,,implied_rates,USD,,1W,implied_usd_rate,3.8231,pct,https://www.chinamoney.com.cn/chinese/bkcurvuir/,2026-09-09T13:46:26+00:00,9b7ee8a07ebf004863b66bd7fdee9031762b34c42dcfa428c9166e7ebfb04c20,"{""人民币利率(%)"": ""1.4150"", ""即期汇率"": ""6.7769"", ""期限"": ""1W"", ""远/掉期点(Pips)"": ""-31.29"", ""隐含利率(%)"": ""3.8231""}"
2026-09-09,,implied_rates,USD,,1Y,implied_usd_rate,4.2241,pct,https://www.chinamoney.com.cn/chinese/bkcurvuir/,2026-09-09T13:46:26+00:00,9b7ee8a07ebf004863b66bd7fdee9031762b34c42dcfa428c9166e7ebfb04c20,"{""人民币利率(%)"": ""1.4638"", ""即期汇率"": ""6.7769"", ""期限"": ""1Y"", ""远/掉期点(Pips)"": ""-1855.00"", ""隐含利率(%)"": ""4.2241""}"
2026-09-09,,implied_rates,USD,,2M,implied_usd_rate,3.9868,pct,https://www.chinamoney.com.cn/chinese/bkcurvuir/,2026-09-09T13:46:26+00:00,9b7ee8a07ebf004863b66bd7fdee9031762b34c42dcfa428c9166e7ebfb04c20,"{""人民币利率(%)"": ""1.4464"", ""即期汇率"": ""6.7769"", ""期限"": ""2M"", ""远/掉期点(Pips)"": ""-291.80"", ""隐含利率(%)"": ""3.9868""}"
2026-09-09,,implied_rates,USD,,2W,implied_usd_rate,3.8688,pct,https://www.chinamoney.com.cn/chinese/bkcurvuir/,2026-09-09T13:46:26+00:00,9b7ee8a07ebf004863b66bd7fdee9031762b34c42dcfa428c9166e7ebfb04c20,"{""人民币利率(%)"": ""1.4279"", ""即期汇率"": ""6.7769"", ""期限"": ""2W"", ""远/掉期点(Pips)"": ""-77.00"", ""隐含利率(%)"": ""3.8688""}"
2026-09-09,,implied_rates,USD,,2Y,implied_usd_rate,4.3217,pct,https://www.chinamoney.com.cn/chinese/bkcurvuir/,2026-09-09T13:46:26+00:00,9b7ee8a07ebf004863b66bd7fdee9031762b34c42dcfa428c9166e7ebfb04c20,"{""人民币利率(%)"": ""1.4638"", ""即期汇率"": ""6.7769"", ""期限"": ""2Y"", ""远/掉期点(Pips)"": ""-3770.00"", ""隐含利率(%)"": ""4.3217""}"
2026-09-09,,implied_rates,USD,,3M,implied_usd_rate,4.0121,pct,https://www.chinamoney.com.cn/chinese/bkcurvuir/,2026-09-09T13:46:26+00:00,9b7ee8a07ebf004863b66bd7fdee9031762b34c42dcfa428c9166e7ebfb04c20,"{""人民币利率(%)"": ""1.4488"", ""即期汇率"": ""6.7769"", ""期限"": ""3M"", ""远/掉期点(Pips)"": ""-431.70"", ""隐含利率(%)"": ""4.0121""}"
2026-09-09,,implied_rates,USD,,3W,implied_usd_rate,3.9484,pct,https://www.chinamoney.com.cn/chinese/bkcurvuir/,2026-09-09T13:46:26+00:00,9b7ee8a07ebf004863b66bd7fdee9031762b34c42dcfa428c9166e7ebfb04c20,"{""人民币利率(%)"": ""1.4386"", ""即期汇率"": ""6.7769"", ""期限"": ""3W"", ""远/掉期点(Pips)"": ""-125.70"", ""隐含利率(%)"": ""3.9484""}"
2026-09-09,,implied_rates,USD,,3Y,implied_usd_rate,4.3443,pct,https://www.chinamoney.com.cn/chinese/bkcurvuir/,2026-09-09T13:46:26+00:00,9b7ee8a07ebf004863b66bd7fdee9031762b34c42dcfa428c9166e7ebfb04c20,"{""人民币利率(%)"": ""1.4827"", ""即期汇率"": ""6.7769"", ""期限"": ""3Y"", ""远/掉期点(Pips)"": ""-5580.00"", ""隐含利率(%)"": ""4.3443""}"
2026-09-09,,implied_rates,USD,,6M,implied_usd_rate,4.1002,pct,https://www.chinamoney.com.cn/chinese/bkcurvuir/,2026-09-09T13:46:26+00:00,9b7ee8a07ebf004863b66bd7fdee9031762b34c42dcfa428c9166e7ebfb04c20,"{""人民币利率(%)"": ""1.4615"", ""即期汇率"": ""6.7769"", ""期限"": ""6M"", ""远/掉期点(Pips)"": ""-881.00"", ""隐含利率(%)"": ""4.1002""}"
2026-09-09,,implied_rates,USD,,9M,implied_usd_rate,4.1682,pct,https://www.chinamoney.com.cn/chinese/bkcurvuir/,2026-09-09T13:46:26+00:00,9b7ee8a07ebf004863b66bd7fdee9031762b34c42dcfa428c9166e7ebfb04c20,"{""人民币利率(%)"": ""1.4639"", ""即期汇率"": ""6.7769"", ""期限"": ""9M"", ""远/掉期点(Pips)"": ""-1357.00"", ""隐含利率(%)"": ""4.1682""}"
2026-09-09,09:15,fixing,USD/CNY,,,fixing,6.7769,rate,https://www.chinamoney.com.cn/chinese/bkccpr/,2026-09-09T13:46:26+00:00,1a9cd4cf4166c291d285a64ceb26731aed6d0e4e8ad9244bbe4892cb4a421c0c,"{""中间价"": ""6.7769"", ""涨跌"": ""35.00"", ""货币对"": ""美元/人民币""}"
2026-09-09,10:00,options,USD.CNY,10D BF,18M,implied_vol_ask,0.75,pct,https://www.chinamoney.com.cn/chinese/bkcurvfqq/,2026-09-09T13:46:26+00:00,66fdaa9e90aff5b1da7acb992767d905a7fecc959b01588641eee3dc673b9a69,{}
2026-09-09,10:00,options,USD.CNY,10D BF,18M,implied_vol_bid,0.35,pct,https://www.chinamoney.com.cn/chinese/bkcurvfqq/,2026-09-09T13:46:26+00:00,66fdaa9e90aff5b1da7acb992767d905a7fecc959b01588641eee3dc673b9a69,{}
2026-09-09,10:00,options,USD.CNY,10D BF,18M,implied_vol_mid,0.55,pct,https://www.chinamoney.com.cn/chinese/bkcurvfqq/,2026-09-09T13:46:26+00:00,66fdaa9e90aff5b1da7acb992767d905a7fecc959b01588641eee3dc673b9a69,{}
2026-09-09,10:00,options,USD.CNY,10D BF,1D,implied_vol_ask,0.15,pct,https://www.chinamoney.com.cn/chinese/bkcurvfqq/,2026-09-09T13:46:26+00:00,66fdaa9e90aff5b1da7acb992767d905a7fecc959b01588641eee3dc673b9a69,{}
2026-09-09,10:00,options,USD.CNY,10D BF,1D,implied_vol_bid,0.15,pct,https://www.chinamoney.com.cn/chinese/bkcurvfqq/,2026-09-09T13:46:26+00:00,66fdaa9e90aff5b1da7acb992767d905a7fecc959b01588641eee3dc673b9a69,{}
2026-09-09,10:00,options,USD.CNY,10D BF,1D,implied_vol_mid,0.15,pct,https://www.chinamoney.com.cn/chinese/bkcurvfqq/,2026-09-09T13:46:26+00:00,66fdaa9e90aff5b1da7acb992767d905a7fecc959b01588641eee3dc673b9a69,{}
2026-09-09,10:00,options,USD.CNY,10D BF,1M,implied_vol_ask,0.1225,pct,https://www.chinamoney.com.cn/chinese/bkcurvfqq/,2026-09-09T13:46:26+00:00,66fdaa9e90aff5b1da7acb992767d905a7fecc959b01588641eee3dc673b9a69,{}
2026-09-09,10:00,options,USD.CNY,10D BF,1M,implied_vol_bid,0.1225,pct,https://www.chinamoney.com.cn/chinese/bkcurvfqq/,2026-09-09T13:46:26+00:00,66fdaa9e90aff5b1da7acb992767d905a7fecc959b01588641eee3dc673b9a69,{}
2026-09-09,10:00,options,USD.CNY,10D BF,1M,implied_vol_mid,0.1225,pct,https://www.chinamoney.com.cn/chinese/bkcurvfqq/,2026-09-09T13:46:26+00:00,66fdaa9e90aff5b1da7acb992767d905a7fecc959b01588641eee3dc673b9a69,{}
2026-09-09,10:00,options,USD.CNY,10D BF,1W,implied_vol_ask,0.1,pct,https://www.chinamoney.com.cn/chinese/bkcurvfqq/,2026-09-09T13:46:26+00:00,66fdaa9e90aff5b1da7acb992767d905a7fecc959b01588641eee3dc673b9a69,{}
2026-09-09,10:00,options,USD.CNY,10D BF,1W,implied_vol_bid,0.1,pct,https://www.chinamoney.com.cn/chinese/bkcurvfqq/,2026-09-09T13:46:26+00:00,66fdaa9e90aff5b1da7acb992767d905a7fecc959b01588641eee3dc673b9a69,{}
2026-09-09,10:00,options,USD.CNY,10D BF,1W,implied_vol_mid,0.1,pct,https://www.chinamoney.com.cn/chinese/bkcurvfqq/,2026-09-09T13:46:26+00:00,66fdaa9e90aff5b1da7acb992767d905a7fecc959b01588641eee3dc673b9a69,{}
2026-09-09,10:00,options,USD.CNY,10D BF,1Y,implied_vol_ask,0.76,pct,https://www.chinamoney.com.cn/chinese/bkcurvfqq/,2026-09-09T13:46:26+00:00,66fdaa9e90aff5b1da7acb992767d905a7fecc959b01588641eee3dc673b9a69,{}
2026-09-09,10:00,options,USD.CNY,10D BF,1Y,implied_vol_bid,0.3,pct,https://www.chinamoney.com.cn/chinese/bkcurvfqq/,2026-09-09T13:46:26+00:00,66fdaa9e90aff5b1da7acb992767d905a7fecc959b01588641eee3dc673b9a69,{}
2026-09-09,10:00,options,USD.CNY,10D BF,1Y,implied_vol_mid,0.53,pct,https://www.chinamoney.com.cn/chinese/bkcurvfqq/,2026-09-09T13:46:26+00:00,66fdaa9e90aff5b1da7acb992767d905a7fecc959b01588641eee3dc673b9a69,{}
2026-09-09,10:00,options,USD.CNY,10D BF,2M,implied_vol_ask,0.4,pct,https://www.chinamoney.com.cn/chinese/bkcurvfqq/,2026-09-09T13:46:26+00:00,66fdaa9e90aff5b1da7acb992767d905a7fecc959b01588641eee3dc673b9a69,{}
2026-09-09,10:00,options,USD.CNY,10D BF,2M,implied_vol_bid,0.04,pct,https://www.chinamoney.com.cn/chinese/bkcurvfqq/,2026-09-09T13:46:26+00:00,66fdaa9e90aff5b1da7acb992767d905a7fecc959b01588641eee3dc673b9a69,{}
2026-09-09,10:00,options,USD.CNY,10D BF,2M,implied_vol_mid,0.22,pct,https://www.chinamoney.com.cn/chinese/bkcurvfqq/,2026-09-09T13:46:26+00:00,66fdaa9e90aff5b1da7acb992767d905a7fecc959b01588641eee3dc673b9a69,{}
2026-09-09,10:00,options,USD.CNY,10D BF,2W,implied_vol_ask,0.1,pct,https://www.chinamoney.com.cn/chinese/bkcurvfqq/,2026-09-09T13:46:26+00:00,66fdaa9e90aff5b1da7acb992767d905a7fecc959b01588641eee3dc673b9a69,{}
2026-09-09,10:00,options,USD.CNY,10D BF,2W,implied_vol_bid,0.1,pct,https://www.chinamoney.com.cn/chinese/bkcurvfqq/,2026-09-09T13:46:26+00:00,66fdaa9e90aff5b1da7acb992767d905a7fecc959b01588641eee3dc673b9a69,{}
2026-09-09,10:00,options,USD.CNY,10D BF,2W,implied_vol_mid,0.1,pct,https://www.chinamoney.com.cn/chinese/bkcurvfqq/,2026-09-09T13:46:26+00:00,66fdaa9e90aff5b1da7acb992767d905a7fecc959b01588641eee3dc673b9a69,{}
2026-09-09,10:00,options,USD.CNY,10D BF,2Y,implied_vol_ask,0.75,pct,https://www.chinamoney.com.cn/chinese/bkcurvfqq/,2026-09-09T13:46:26+00:00,66fdaa9e90aff5b1da7acb992767d905a7fecc959b01588641eee3dc673b9a69,{}
2026-09-09,10:00,options,USD.CNY,10D BF,2Y,implied_vol_bid,0.35,pct,https://www.chinamoney.com.cn/chinese/bkcurvfqq/,2026-09-09T13:46:26+00:00,66fdaa9e90aff5b1da7acb992767d905a7fecc959b01588641eee3dc673b9a69,{}
2026-09-09,10:00,options,USD.CNY,10D BF,2Y,implied_vol_mid,0.55,pct,https://www.chinamoney.com.cn/chinese/bkcurvfqq/,2026-09-09T13:46:26+00:00,66fdaa9e90aff5b1da7acb992767d905a7fecc959b01588641eee3dc673b9a69,{}
2026-09-09,10:00,options,USD.CNY,10D BF,3M,implied_vol_ask,0.49,pct,https://www.chinamoney.com.cn/chinese/bkcurvfqq/,2026-09-09T13:46:26+00:00,66fdaa9e90aff5b1da7acb992767d905a7fecc959b01588641eee3dc673b9a69,{}
2026-09-09,10:00,options,USD.CNY,10D BF,3M,implied_vol_bid,0.16,pct,https://www.chinamoney.com.cn/chinese/bkcurvfqq/,2026-09-09T13:46:26+00:00,66fdaa9e90aff5b1da7acb992767d905a7fecc959b01588641eee3dc673b9a69,{}
2026-09-09,10:00,options,USD.CNY,10D BF,3M,implied_vol_mid,0.325,pct,https://www.chinamoney.com.cn/chinese/bkcurvfqq/,2026-09-09T13:46:26+00:00,66fdaa9e90aff5b1da7acb992767d905a7fecc959b01588641eee3dc673b9a69,{}
2026-09-09,10:00,options,USD.CNY,10D BF,3W,implied_vol_ask,0.1,pct,https://www.chinamoney.com.cn/chinese/bkcurvfqq/,2026-09-09T13:46:26+00:00,66fdaa9e90aff5b1da7acb992767d905a7fecc959b01588641eee3dc673b9a69,{}
2026-09-09,10:00,options,USD.CNY,10D BF,3W,implied_vol_bid,0.1,pct,https://www.chinamoney.com.cn/chinese/bkcurvfqq/,2026-09-09T13:46:26+00:00,66fdaa9e90aff5b1da7acb992767d905a7fecc959b01588641eee3dc673b9a69,{}
2026-09-09,10:00,options,USD.CNY,10D BF,3W,implied_vol_mid,0.1,pct,https://www.chinamoney.com.cn/chinese/bkcurvfqq/,2026-09-09T13:46:26+00:00,66fdaa9e90aff5b1da7acb992767d905a7fecc959b01588641eee3dc673b9a69,{}
2026-09-09,10:00,options,USD.CNY,10D BF,3Y,implied_vol_ask,0.8,pct,https://www.chinamoney.com.cn/chinese/bkcurvfqq/,2026-09-09T13:46:26+00:00,66fdaa9e90aff5b1da7acb992767d905a7fecc959b01588641eee3dc673b9a69,{}
2026-09-09,10:00,options,USD.CNY,10D BF,3Y,implied_vol_bid,0.4,pct,https://www.chinamoney.com.cn/chinese/bkcurvfqq/,2026-09-09T13:46:26+00:00,66fdaa9e90aff5b1da7acb992767d905a7fecc959b01588641eee3dc673b9a69,{}
2026-09-09,10:00,options,USD.CNY,10D BF,3Y,implied_vol_mid,0.6,pct,https://www.chinamoney.com.cn/chinese/bkcurvfqq/,2026-09-09T13:46:26+00:00,66fdaa9e90aff5b1da7acb992767d905a7fecc959b01588641eee3dc673b9a69,{}
2026-09-09,10:00,options,USD.CNY,10D BF,6M,implied_vol_ask,0.61,pct,https://www.chinamoney.com.cn/chinese/bkcurvfqq/,2026-09-09T13:46:26+00:00,66fdaa9e90aff5b1da7acb992767d905a7fecc959b01588641eee3dc673b9a69,{}
2026-09-09,10:00,options,USD.CNY,10D BF,6M,implied_vol_bid,0.26,pct,https://www.chinamoney.com.cn/chinese/bkcurvfqq/,2026-09-09T13:46:26+00:00,66fdaa9e90aff5b1da7acb992767d905a7fecc959b01588641eee3dc673b9a69,{}
2026-09-09,10:00,options,USD.CNY,10D BF,6M,implied_vol_mid,0.435,pct,https://www.chinamoney.com.cn/chinese/bkcurvfqq/,2026-09-09T13:46:26+00:00,66fdaa9e90aff5b1da7acb992767d905a7fecc959b01588641eee3dc673b9a69,{}
2026-09-09,10:00,options,USD.CNY,10D BF,9M,implied_vol_ask,0.485,pct,https://www.chinamoney.com.cn/chinese/bkcurvfqq/,2026-09-09T13:46:26+00:00,66fdaa9e90aff5b1da7acb992767d905a7fecc959b01588641eee3dc673b9a69,{}
2026-09-09,10:00,options,USD.CNY,10D BF,9M,implied_vol_bid,0.485,pct,https://www.chinamoney.com.cn/chinese/bkcurvfqq/,2026-09-09T13:46:26+00:00,66fdaa9e90aff5b1da7acb992767d905a7fecc959b01588641eee3dc673b9a69,{}
2026-09-09,10:00,options,USD.CNY,10D BF,9M,implied_vol_mid,0.485,pct,https://www.chinamoney.com.cn/chinese/bkcurvfqq/,2026-09-09T13:46:26+00:00,66fdaa9e90aff5b1da7acb992767d905a7fecc959b01588641eee3dc673b9a69,{}
2026-09-09,10:00,options,USD.CNY,25D BF,18M,implied_vol_ask,0.28,pct,https://www.chinamoney.com.cn/chinese/bkcurvfqq/,2026-09-09T13:46:26+00:00,8533ab3285411e3e0c83fb8b7a996ea994e34b93733a62b944ff6e579b238ba1,{}
2026-09-09,10:00,options,USD.CNY,25D BF,18M,implied_vol_bid,0.1,pct,https://www.chinamoney.com.cn/chinese/bkcurvfqq/,2026-09-09T13:46:26+00:00,8533ab3285411e3e0c83fb8b7a996ea994e34b93733a62b944ff6e579b238ba1,{}
2026-09-09,10:00,options,USD.CNY,25D BF,18M,implied_vol_mid,0.19,pct,https://www.chinamoney.com.cn/chinese/bkcurvfqq/,2026-09-09T13:46:26+00:00,8533ab3285411e3e0c83fb8b7a996ea994e34b93733a62b944ff6e579b238ba1,{}
2026-09-09,10:00,options,USD.CNY,25D BF,1D,implied_vol_ask,0.1,pct,https://www.chinamoney.com.cn/chinese/bkcurvfqq/,2026-09-09T13:46:26+00:00,8533ab3285411e3e0c83fb8b7a996ea994e34b93733a62b944ff6e579b238ba1,{}
2026-09-09,10:00,options,USD.CNY,25D BF,1D,implied_vol_bid,0.1,pct,https://www.chinamoney.com.cn/chinese/bkcurvfqq/,2026-09-09T13:46:26+00:00,8533ab3285411e3e0c83fb8b7a996ea994e34b93733a62b944ff6e579b238ba1,{}
2026-09-09,10:00,options,USD.CNY,25D BF,1D,implied_vol_mid,0.1,pct,https://www.chinamoney.com.cn/chinese/bkcurvfqq/,2026-09-09T13:46:26+00:00,8533ab3285411e3e0c83fb8b7a996ea994e34b93733a62b944ff6e579b238ba1,{}
2026-09-09,10:00,options,USD.CNY,25D BF,1M,implied_vol_ask,0.065,pct,https://www.chinamoney.com.cn/chinese/bkcurvfqq/,2026-09-09T13:46:26+00:00,8533ab3285411e3e0c83fb8b7a996ea994e34b93733a62b944ff6e579b238ba1,{}
2026-09-09,10:00,options,USD.CNY,25D BF,1M,implied_vol_bid,0.065,pct,https://www.chinamoney.com.cn/chinese/bkcurvfqq/,2026-09-09T13:46:26+00:00,8533ab3285411e3e0c83fb8b7a996ea994e34b93733a62b944ff6e579b238ba1,{}
2026-09-09,10:00,options,USD.CNY,25D BF,1M,implied_vol_mid,0.065,pct,https://www.chinamoney.com.cn/chinese/bkcurvfqq/,2026-09-09T13:46:26+00:00,8533ab3285411e3e0c83fb8b7a996ea994e34b93733a62b944ff6e579b238ba1,{}
2026-09-09,10:00,options,USD.CNY,25D BF,1W,implied_vol_ask,0.06,pct,https://www.chinamoney.com.cn/chinese/bkcurvfqq/,2026-09-09T13:46:26+00:00,8533ab3285411e3e0c83fb8b7a996ea994e34b93733a62b944ff6e579b238ba1,{}
2026-09-09,10:00,options,USD.CNY,25D BF,1W,implied_vol_bid,0.06,pct,https://www.chinamoney.com.cn/chinese/bkcurvfqq/,2026-09-09T13:46:26+00:00,8533ab3285411e3e0c83fb8b7a996ea994e34b93733a62b944ff6e579b238ba1,{}
2026-09-09,10:00,options,USD.CNY,25D BF,1W,implied_vol_mid,0.06,pct,https://www.chinamoney.com.cn/chinese/bkcurvfqq/,2026-09-09T13:46:26+00:00,8533ab3285411e3e0c83fb8b7a996ea994e34b93733a62b944ff6e579b238ba1,{}
2026-09-09,10:00,options,USD.CNY,25D BF,1Y,implied_vol_ask,0.28,pct,https://www.chinamoney.com.cn/chinese/bkcurvfqq/,2026-09-09T13:46:26+00:00,8533ab3285411e3e0c83fb8b7a996ea994e34b93733a62b944ff6e579b238ba1,{}
2026-09-09,10:00,options,USD.CNY,25D BF,1Y,implied_vol_bid,0.07,pct,https://www.chinamoney.com.cn/chinese/bkcurvfqq/,2026-09-09T13:46:26+00:00,8533ab3285411e3e0c83fb8b7a996ea994e34b93733a62b944ff6e579b238ba1,{}
2026-09-09,10:00,options,USD.CNY,25D BF,1Y,implied_vol_mid,0.175,pct,https://www.chinamoney.com.cn/chinese/bkcurvfqq/,2026-09-09T13:46:26+00:00,8533ab3285411e3e0c83fb8b7a996ea994e34b93733a62b944ff6e579b238ba1,{}
2026-09-09,10:00,options,USD.CNY,25D BF,2M,implied_vol_ask,0.17,pct,https://www.chinamoney.com.cn/chinese/bkcurvfqq/,2026-09-09T13:46:26+00:00,8533ab3285411e3e0c83fb8b7a996ea994e34b93733a62b944ff6e579b238ba1,{}
2026-09-09,10:00,options,USD.CNY,25D BF,2M,implied_vol_bid,0.0,pct,https://www.chinamoney.com.cn/chinese/bkcurvfqq/,2026-09-09T13:46:26+00:00,8533ab3285411e3e0c83fb8b7a996ea994e34b93733a62b944ff6e579b238ba1,{}
2026-09-09,10:00,options,USD.CNY,25D BF,2M,implied_vol_mid,0.085,pct,https://www.chinamoney.com.cn/chinese/bkcurvfqq/,2026-09-09T13:46:26+00:00,8533ab3285411e3e0c83fb8b7a996ea994e34b93733a62b944ff6e579b238ba1,{}
2026-09-09,10:00,options,USD.CNY,25D BF,2W,implied_vol_ask,0.06,pct,https://www.chinamoney.com.cn/chinese/bkcurvfqq/,2026-09-09T13:46:26+00:00,8533ab3285411e3e0c83fb8b7a996ea994e34b93733a62b944ff6e579b238ba1,{}
2026-09-09,10:00,options,USD.CNY,25D BF,2W,implied_vol_bid,0.06,pct,https://www.chinamoney.com.cn/chinese/bkcurvfqq/,2026-09-09T13:46:26+00:00,8533ab3285411e3e0c83fb8b7a996ea994e34b93733a62b944ff6e579b238ba1,{}
2026-09-09,10:00,options,USD.CNY,25D BF,2W,implied_vol_mid,0.06,pct,https://www.chinamoney.com.cn/chinese/bkcurvfqq/,2026-09-09T13:46:26+00:00,8533ab3285411e3e0c83fb8b7a996ea994e34b93733a62b944ff6e579b238ba1,{}
2026-09-09,10:00,options,USD.CNY,25D BF,2Y,implied_vol_ask,0.32,pct,https://www.chinamoney.com.cn/chinese/bkcurvfqq/,2026-09-09T13:46:26+00:00,8533ab3285411e3e0c83fb8b7a996ea994e34b93733a62b944ff6e579b238ba1,{}
2026-09-09,10:00,options,USD.CNY,25D BF,2Y,implied_vol_bid,0.1,pct,https://www.chinamoney.com.cn/chinese/bkcurvfqq/,2026-09-09T13:46:26+00:00,8533ab3285411e3e0c83fb8b7a996ea994e34b93733a62b944ff6e579b238ba1,{}
2026-09-09,10:00,options,USD.CNY,25D BF,2Y,implied_vol_mid,0.21,pct,https://www.chinamoney.com.cn/chinese/bkcurvfqq/,2026-09-09T13:46:26+00:00,8533ab3285411e3e0c83fb8b7a996ea994e34b93733a62b944ff6e579b238ba1,{}
2026-09-09,10:00,options,USD.CNY,25D BF,3M,implied_vol_ask,0.18,pct,https://www.chinamoney.com.cn/chinese/bkcurvfqq/,2026-09-09T13:46:26+00:00,8533ab3285411e3e0c83fb8b7a996ea994e34b93733a62b944ff6e579b238ba1,{}
2026-09-09,10:00,options,USD.CNY,25D BF,3M,implied_vol_bid,0.0,pct,https://www.chinamoney.com.cn/chinese/bkcurvfqq/,2026-09-09T13:46:26+00:00,8533ab3285411e3e0c83fb8b7a996ea994e34b93733a62b944ff6e579b238ba1,{}
2026-09-09,10:00,options,USD.CNY,25D BF,3M,implied_vol_mid,0.09,pct,https://www.chinamoney.com.cn/chinese/bkcurvfqq/,2026-09-09T13:46:26+00:00,8533ab3285411e3e0c83fb8b7a996ea994e34b93733a62b944ff6e579b238ba1,{}
2026-09-09,10:00,options,USD.CNY,25D BF,3W,implied_vol_ask,0.05,pct,https://www.chinamoney.com.cn/chinese/bkcurvfqq/,2026-09-09T13:46:26+00:00,8533ab3285411e3e0c83fb8b7a996ea994e34b93733a62b944ff6e579b238ba1,{}
2026-09-09,10:00,options,USD.CNY,25D BF,3W,implied_vol_bid,0.05,pct,https://www.chinamoney.com.cn/chinese/bkcurvfqq/,2026-09-09T13:46:26+00:00,8533ab3285411e3e0c83fb8b7a996ea994e34b93733a62b944ff6e579b238ba1,{}
2026-09-09,10:00,options,USD.CNY,25D BF,3W,implied_vol_mid,0.05,pct,https://www.chinamoney.com.cn/chinese/bkcurvfqq/,2026-09-09T13:46:26+00:00,8533ab3285411e3e0c83fb8b7a996ea994e34b93733a62b944ff6e579b238ba1,{}
2026-09-09,10:00,options,USD.CNY,25D BF,3Y,implied_vol_ask,0.35,pct,https://www.chinamoney.com.cn/chinese/bkcurvfqq/,2026-09-09T13:46:26+00:00,8533ab3285411e3e0c83fb8b7a996ea994e34b93733a62b944ff6e579b238ba1,{}
2026-09-09,10:00,options,USD.CNY,25D BF,3Y,implied_vol_bid,0.1,pct,https://www.chinamoney.com.cn/chinese/bkcurvfqq/,2026-09-09T13:46:26+00:00,8533ab3285411e3e0c83fb8b7a996ea994e34b93733a62b944ff6e579b238ba1,{}
2026-09-09,10:00,options,USD.CNY,25D BF,3Y,implied_vol_mid,0.225,pct,https://www.chinamoney.com.cn/chinese/bkcurvfqq/,2026-09-09T13:46:26+00:00,8533ab3285411e3e0c83fb8b7a996ea994e34b93733a62b944ff6e579b238ba1,{}
2026-09-09,10:00,options,USD.CNY,25D BF,6M,implied_vol_ask,0.23,pct,https://www.chinamoney.com.cn/chinese/bkcurvfqq/,2026-09-09T13:46:26+00:00,8533ab3285411e3e0c83fb8b7a996ea994e34b93733a62b944ff6e579b238ba1,{}
2026-09-09,10:00,options,USD.CNY,25D BF,6M,implied_vol_bid,0.04,pct,https://www.chinamoney.com.cn/chinese/bkcurvfqq/,2026-09-09T13:46:26+00:00,8533ab3285411e3e0c83fb8b7a996ea994e34b93733a62b944ff6e579b238ba1,{}
2026-09-09,10:00,options,USD.CNY,25D BF,6M,implied_vol_mid,0.139,pct,https://www.chinamoney.com.cn/chinese/bkcurvfqq/,2026-09-09T13:46:26+00:00,8533ab3285411e3e0c83fb8b7a996ea994e34b93733a62b944ff6e579b238ba1,{}
2026-09-09,10:00,options,USD.CNY,25D BF,9M,implied_vol_ask,0.164,pct,https://www.chinamoney.com.cn/chinese/bkcurvfqq/,2026-09-09T13:46:26+00:00,8533ab3285411e3e0c83fb8b7a996ea994e34b93733a62b944ff6e579b238ba1,{}
2026-09-09,10:00,options,USD.CNY,25D BF,9M,implied_vol_bid,0.164,pct,https://www.chinamoney.com.cn/chinese/bkcurvfqq/,2026-09-09T13:46:26+00:00,8533ab3285411e3e0c83fb8b7a996ea994e34b93733a62b944ff6e579b238ba1,{}
2026-09-09,10:00,options,USD.CNY,25D BF,9M,implied_vol_mid,0.164,pct,https://www.chinamoney.com.cn/chinese/bkcurvfqq/,2026-09-09T13:46:26+00:00,8533ab3285411e3e0c83fb8b7a996ea994e34b93733a62b944ff6e579b238ba1,{}
2026-09-09,10:00,options,USD.CNY,25D RR,18M,implied_vol_ask,0.5,pct,https://www.chinamoney.com.cn/chinese/bkcurvfqq/,2026-09-09T13:46:26+00:00,76b1cf2889c183150871aa35a81654a12d30b12768b04a73e100d5108532418f,{}
2026-09-09,10:00,options,USD.CNY,25D RR,18M,implied_vol_bid,-0.5,pct,https://www.chinamoney.com.cn/chinese/bkcurvfqq/,2026-09-09T13:46:26+00:00,76b1cf2889c183150871aa35a81654a12d30b12768b04a73e100d5108532418f,{}
2026-09-09,10:00,options,USD.CNY,25D RR,18M,implied_vol_mid,0.0,pct,https://www.chinamoney.com.cn/chinese/bkcurvfqq/,2026-09-09T13:46:26+00:00,76b1cf2889c183150871aa35a81654a12d30b12768b04a73e100d5108532418f,{}
2026-09-09,10:00,options,USD.CNY,25D RR,1D,implied_vol_ask,-0.05,pct,https://www.chinamoney.com.cn/chinese/bkcurvfqq/,2026-09-09T13:46:26+00:00,76b1cf2889c183150871aa35a81654a12d30b12768b04a73e100d5108532418f,{}
2026-09-09,10:00,options,USD.CNY,25D RR,1D,implied_vol_bid,-0.05,pct,https://www.chinamoney.com.cn/chinese/bkcurvfqq/,2026-09-09T13:46:26+00:00,76b1cf2889c183150871aa35a81654a12d30b12768b04a73e100d5108532418f,{}
2026-09-09,10:00,options,USD.CNY,25D RR,1D,implied_vol_mid,-0.05,pct,https://www.chinamoney.com.cn/chinese/bkcurvfqq/,2026-09-09T13:46:26+00:00,76b1cf2889c183150871aa35a81654a12d30b12768b04a73e100d5108532418f,{}
2026-09-09,10:00,options,USD.CNY,25D RR,1M,implied_vol_ask,-0.05,pct,https://www.chinamoney.com.cn/chinese/bkcurvfqq/,2026-09-09T13:46:26+00:00,76b1cf2889c183150871aa35a81654a12d30b12768b04a73e100d5108532418f,{}
2026-09-09,10:00,options,USD.CNY,25D RR,1M,implied_vol_bid,-0.05,pct,https://www.chinamoney.com.cn/chinese/bkcurvfqq/,2026-09-09T13:46:26+00:00,76b1cf2889c183150871aa35a81654a12d30b12768b04a73e100d5108532418f,{}
2026-09-09,10:00,options,USD.CNY,25D RR,1M,implied_vol_mid,-0.05,pct,https://www.chinamoney.com.cn/chinese/bkcurvfqq/,2026-09-09T13:46:26+00:00,76b1cf2889c183150871aa35a81654a12d30b12768b04a73e100d5108532418f,{}
2026-09-09,10:00,options,USD.CNY,25D RR,1W,implied_vol_ask,-0.1,pct,https://www.chinamoney.com.cn/chinese/bkcurvfqq/,2026-09-09T13:46:26+00:00,76b1cf2889c183150871aa35a81654a12d30b12768b04a73e100d5108532418f,{}
2026-09-09,10:00,options,USD.CNY,25D RR,1W,implied_vol_bid,-0.1,pct,https://www.chinamoney.com.cn/chinese/bkcurvfqq/,2026-09-09T13:46:26+00:00,76b1cf2889c183150871aa35a81654a12d30b12768b04a73e100d5108532418f,{}
2026-09-09,10:00,options,USD.CNY,25D RR,1W,implied_vol_mid,-0.1,pct,https://www.chinamoney.com.cn/chinese/bkcurvfqq/,2026-09-09T13:46:26+00:00,76b1cf2889c183150871aa35a81654a12d30b12768b04a73e100d5108532418f,{}
2026-09-09,10:00,options,USD.CNY,25D RR,1Y,implied_vol_ask,-0.01,pct,https://www.chinamoney.com.cn/chinese/bkcurvfqq/,2026-09-09T13:46:26+00:00,76b1cf2889c183150871aa35a81654a12d30b12768b04a73e100d5108532418f,{}
2026-09-09,10:00,options,USD.CNY,25D RR,1Y,implied_vol_bid,-0.035,pct,https://www.chinamoney.com.cn/chinese/bkcurvfqq/,2026-09-09T13:46:26+00:00,76b1cf2889c183150871aa35a81654a12d30b12768b04a73e100d5108532418f,{}
2026-09-09,10:00,options,USD.CNY,25D RR,1Y,implied_vol_mid,-0.0225,pct,https://www.chinamoney.com.cn/chinese/bkcurvfqq/,2026-09-09T13:46:26+00:00,76b1cf2889c183150871aa35a81654a12d30b12768b04a73e100d5108532418f,{}
2026-09-09,10:00,options,USD.CNY,25D RR,2M,implied_vol_ask,-0.03,pct,https://www.chinamoney.com.cn/chinese/bkcurvfqq/,2026-09-09T13:46:26+00:00,76b1cf2889c183150871aa35a81654a12d30b12768b04a73e100d5108532418f,{}
2026-09-09,10:00,options,USD.CNY,25D RR,2M,implied_vol_bid,-0.075,pct,https://www.chinamoney.com.cn/chinese/bkcurvfqq/,2026-09-09T13:46:26+00:00,76b1cf2889c183150871aa35a81654a12d30b12768b04a73e100d5108532418f,{}
2026-09-09,10:00,options,USD.CNY,25D RR,2M,implied_vol_mid,-0.05,pct,https://www.chinamoney.com.cn/chinese/bkcurvfqq/,2026-09-09T13:46:26+00:00,76b1cf2889c183150871aa35a81654a12d30b12768b04a73e100d5108532418f,{}
2026-09-09,10:00,options,USD.CNY,25D RR,2W,implied_vol_ask,-0.1,pct,https://www.chinamoney.com.cn/chinese/bkcurvfqq/,2026-09-09T13:46:26+00:00,76b1cf2889c183150871aa35a81654a12d30b12768b04a73e100d5108532418f,{}
2026-09-09,10:00,options,USD.CNY,25D RR,2W,implied_vol_bid,-0.1,pct,https://www.chinamoney.com.cn/chinese/bkcurvfqq/,2026-09-09T13:46:26+00:00,76b1cf2889c183150871aa35a81654a12d30b12768b04a73e100d5108532418f,{}
2026-09-09,10:00,options,USD.CNY,25D RR,2W,implied_vol_mid,-0.1,pct,https://www.chinamoney.com.cn/chinese/bkcurvfqq/,2026-09-09T13:46:26+00:00,76b1cf2889c183150871aa35a81654a12d30b12768b04a73e100d5108532418f,{}
2026-09-09,10:00,options,USD.CNY,25D RR,2Y,implied_vol_ask,0.5,pct,https://www.chinamoney.com.cn/chinese/bkcurvfqq/,2026-09-09T13:46:26+00:00,76b1cf2889c183150871aa35a81654a12d30b12768b04a73e100d5108532418f,{}
2026-09-09,10:00,options,USD.CNY,25D RR,2Y,implied_vol_bid,-0.5,pct,https://www.chinamoney.com.cn/chinese/bkcurvfqq/,2026-09-09T13:46:26+00:00,76b1cf2889c183150871aa35a81654a12d30b12768b04a73e100d5108532418f,{}
2026-09-09,10:00,options,USD.CNY,25D RR,2Y,implied_vol_mid,0.0,pct,https://www.chinamoney.com.cn/chinese/bkcurvfqq/,2026-09-09T13:46:26+00:00,76b1cf2889c183150871aa35a81654a12d30b12768b04a73e100d5108532418f,{}
2026-09-09,10:00,options,USD.CNY,25D RR,3M,implied_vol_ask,-0.025,pct,https://www.chinamoney.com.cn/chinese/bkcurvfqq/,2026-09-09T13:46:26+00:00,76b1cf2889c183150871aa35a81654a12d30b12768b04a73e100d5108532418f,{}
2026-09-09,10:00,options,USD.CNY,25D RR,3M,implied_vol_bid,-0.05,pct,https://www.chinamoney.com.cn/chinese/bkcurvfqq/,2026-09-09T13:46:26+00:00,76b1cf2889c183150871aa35a81654a12d30b12768b04a73e100d5108532418f,{}
2026-09-09,10:00,options,USD.CNY,25D RR,3M,implied_vol_mid,-0.05,pct,https://www.chinamoney.com.cn/chinese/bkcurvfqq/,2026-09-09T13:46:26+00:00,76b1cf2889c183150871aa35a81654a12d30b12768b04a73e100d5108532418f,{}
2026-09-09,10:00,options,USD.CNY,25D RR,3W,implied_vol_ask,-0.1,pct,https://www.chinamoney.com.cn/chinese/bkcurvfqq/,2026-09-09T13:46:26+00:00,76b1cf2889c183150871aa35a81654a12d30b12768b04a73e100d5108532418f,{}
2026-09-09,10:00,options,USD.CNY,25D RR,3W,implied_vol_bid,-0.1,pct,https://www.chinamoney.com.cn/chinese/bkcurvfqq/,2026-09-09T13:46:26+00:00,76b1cf2889c183150871aa35a81654a12d30b12768b04a73e100d5108532418f,{}
2026-09-09,10:00,options,USD.CNY,25D RR,3W,implied_vol_mid,-0.1,pct,https://www.chinamoney.com.cn/chinese/bkcurvfqq/,2026-09-09T13:46:26+00:00,76b1cf2889c183150871aa35a81654a12d30b12768b04a73e100d5108532418f,{}
2026-09-09,10:00,options,USD.CNY,25D RR,3Y,implied_vol_ask,0.5,pct,https://www.chinamoney.com.cn/chinese/bkcurvfqq/,2026-09-09T13:46:26+00:00,76b1cf2889c183150871aa35a81654a12d30b12768b04a73e100d5108532418f,{}
2026-09-09,10:00,options,USD.CNY,25D RR,3Y,implied_vol_bid,-0.5,pct,https://www.chinamoney.com.cn/chinese/bkcurvfqq/,2026-09-09T13:46:26+00:00,76b1cf2889c183150871aa35a81654a12d30b12768b04a73e100d5108532418f,{}
2026-09-09,10:00,options,USD.CNY,25D RR,3Y,implied_vol_mid,0.0,pct,https://www.chinamoney.com.cn/chinese/bkcurvfqq/,2026-09-09T13:46:26+00:00,76b1cf2889c183150871aa35a81654a12d30b12768b04a73e100d5108532418f,{}
2026-09-09,10:00,options,USD.CNY,25D RR,6M,implied_vol_ask,0.35,pct,https://www.chinamoney.com.cn/chinese/bkcurvfqq/,2026-09-09T13:46:26+00:00,76b1cf2889c183150871aa35a81654a12d30b12768b04a73e100d5108532418f,{}
2026-09-09,10:00,options,USD.CNY,25D RR,6M,implied_vol_bid,-0.4,pct,https://www.chinamoney.com.cn/chinese/bkcurvfqq/,2026-09-09T13:46:26+00:00,76b1cf2889c183150871aa35a81654a12d30b12768b04a73e100d5108532418f,{}
2026-09-09,10:00,options,USD.CNY,25D RR,6M,implied_vol_mid,-0.025,pct,https://www.chinamoney.com.cn/chinese/bkcurvfqq/,2026-09-09T13:46:26+00:00,76b1cf2889c183150871aa35a81654a12d30b12768b04a73e100d5108532418f,{}
2026-09-09,10:00,options,USD.CNY,25D RR,9M,implied_vol_ask,-0.025,pct,https://www.chinamoney.com.cn/chinese/bkcurvfqq/,2026-09-09T13:46:26+00:00,76b1cf2889c183150871aa35a81654a12d30b12768b04a73e100d5108532418f,{}
2026-09-09,10:00,options,USD.CNY,25D RR,9M,implied_vol_bid,-0.025,pct,https://www.chinamoney.com.cn/chinese/bkcurvfqq/,2026-09-09T13:46:26+00:00,76b1cf2889c183150871aa35a81654a12d30b12768b04a73e100d5108532418f,{}
2026-09-09,10:00,options,USD.CNY,25D RR,9M,implied_vol_mid,-0.025,pct,https://www.chinamoney.com.cn/chinese/bkcurvfqq/,2026-09-09T13:46:26+00:00,76b1cf2889c183150871aa35a81654a12d30b12768b04a73e100d5108532418f,{}
2026-09-09,10:00,options,USD.CNY,ATM,18M,implied_vol_ask,3.4,pct,https://www.chinamoney.com.cn/chinese/bkcurvfqq/,2026-09-09T13:46:26+00:00,8eac4b2cf2176a7f4cbdf0b7d4c860bf4f3415794aafa0267fea71a1202e271c,{}
2026-09-09,10:00,options,USD.CNY,ATM,18M,implied_vol_bid,3.0,pct,https://www.chinamoney.com.cn/chinese/bkcurvfqq/,2026-09-09T13:46:26+00:00,8eac4b2cf2176a7f4cbdf0b7d4c860bf4f3415794aafa0267fea71a1202e271c,{}
2026-09-09,10:00,options,USD.CNY,ATM,18M,implied_vol_mid,3.2,pct,https://www.chinamoney.com.cn/chinese/bkcurvfqq/,2026-09-09T13:46:26+00:00,8eac4b2cf2176a7f4cbdf0b7d4c860bf4f3415794aafa0267fea71a1202e271c,{}
2026-09-09,10:00,options,USD.CNY,ATM,1D,implied_vol_ask,1.5,pct,https://www.chinamoney.com.cn/chinese/bkcurvfqq/,2026-09-09T13:46:26+00:00,8eac4b2cf2176a7f4cbdf0b7d4c860bf4f3415794aafa0267fea71a1202e271c,{}
2026-09-09,10:00,options,USD.CNY,ATM,1D,implied_vol_bid,1.5,pct,https://www.chinamoney.com.cn/chinese/bkcurvfqq/,2026-09-09T13:46:26+00:00,8eac4b2cf2176a7f4cbdf0b7d4c860bf4f3415794aafa0267fea71a1202e271c,{}
2026-09-09,10:00,options,USD.CNY,ATM,1D,implied_vol_mid,1.5,pct,https://www.chinamoney.com.cn/chinese/bkcurvfqq/,2026-09-09T13:46:26+00:00,8eac4b2cf2176a7f4cbdf0b7d4c860bf4f3415794aafa0267fea71a1202e271c,{}
2026-09-09,10:00,options,USD.CNY,ATM,1M,implied_vol_ask,1.6875,pct,https://www.chinamoney.com.cn/chinese/bkcurvfqq/,2026-09-09T13:46:26+00:00,8eac4b2cf2176a7f4cbdf0b7d4c860bf4f3415794aafa0267fea71a1202e271c,{}
2026-09-09,10:00,options,USD.CNY,ATM,1M,implied_vol_bid,1.6875,pct,https://www.chinamoney.com.cn/chinese/bkcurvfqq/,2026-09-09T13:46:26+00:00,8eac4b2cf2176a7f4cbdf0b7d4c860bf4f3415794aafa0267fea71a1202e271c,{}
2026-09-09,10:00,options,USD.CNY,ATM,1M,implied_vol_mid,1.6875,pct,https://www.chinamoney.com.cn/chinese/bkcurvfqq/,2026-09-09T13:46:26+00:00,8eac4b2cf2176a7f4cbdf0b7d4c860bf4f3415794aafa0267fea71a1202e271c,{}
2026-09-09,10:00,options,USD.CNY,ATM,1W,implied_vol_ask,1.5,pct,https://www.chinamoney.com.cn/chinese/bkcurvfqq/,2026-09-09T13:46:26+00:00,8eac4b2cf2176a7f4cbdf0b7d4c860bf4f3415794aafa0267fea71a1202e271c,{}
2026-09-09,10:00,options,USD.CNY,ATM,1W,implied_vol_bid,1.5,pct,https://www.chinamoney.com.cn/chinese/bkcurvfqq/,2026-09-09T13:46:26+00:00,8eac4b2cf2176a7f4cbdf0b7d4c860bf4f3415794aafa0267fea71a1202e271c,{}
2026-09-09,10:00,options,USD.CNY,ATM,1W,implied_vol_mid,1.5,pct,https://www.chinamoney.com.cn/chinese/bkcurvfqq/,2026-09-09T13:46:26+00:00,8eac4b2cf2176a7f4cbdf0b7d4c860bf4f3415794aafa0267fea71a1202e271c,{}
2026-09-09,10:00,options,USD.CNY,ATM,1Y,implied_vol_ask,3.1,pct,https://www.chinamoney.com.cn/chinese/bkcurvfqq/,2026-09-09T13:46:26+00:00,8eac4b2cf2176a7f4cbdf0b7d4c860bf4f3415794aafa0267fea71a1202e271c,{}
2026-09-09,10:00,options,USD.CNY,ATM,1Y,implied_vol_bid,3.075,pct,https://www.chinamoney.com.cn/chinese/bkcurvfqq/,2026-09-09T13:46:26+00:00,8eac4b2cf2176a7f4cbdf0b7d4c860bf4f3415794aafa0267fea71a1202e271c,{}
2026-09-09,10:00,options,USD.CNY,ATM,1Y,implied_vol_mid,3.0891,pct,https://www.chinamoney.com.cn/chinese/bkcurvfqq/,2026-09-09T13:46:26+00:00,8eac4b2cf2176a7f4cbdf0b7d4c860bf4f3415794aafa0267fea71a1202e271c,{}
2026-09-09,10:00,options,USD.CNY,ATM,2M,implied_vol_ask,2.1,pct,https://www.chinamoney.com.cn/chinese/bkcurvfqq/,2026-09-09T13:46:26+00:00,8eac4b2cf2176a7f4cbdf0b7d4c860bf4f3415794aafa0267fea71a1202e271c,{}
2026-09-09,10:00,options,USD.CNY,ATM,2M,implied_vol_bid,1.75,pct,https://www.chinamoney.com.cn/chinese/bkcurvfqq/,2026-09-09T13:46:26+00:00,8eac4b2cf2176a7f4cbdf0b7d4c860bf4f3415794aafa0267fea71a1202e271c,{}
2026-09-09,10:00,options,USD.CNY,ATM,2M,implied_vol_mid,1.925,pct,https://www.chinamoney.com.cn/chinese/bkcurvfqq/,2026-09-09T13:46:26+00:00,8eac4b2cf2176a7f4cbdf0b7d4c860bf4f3415794aafa0267fea71a1202e271c,{}
2026-09-09,10:00,options,USD.CNY,ATM,2W,implied_vol_ask,1.55,pct,https://www.chinamoney.com.cn/chinese/bkcurvfqq/,2026-09-09T13:46:26+00:00,8eac4b2cf2176a7f4cbdf0b7d4c860bf4f3415794aafa0267fea71a1202e271c,{}
2026-09-09,10:00,options,USD.CNY,ATM,2W,implied_vol_bid,1.55,pct,https://www.chinamoney.com.cn/chinese/bkcurvfqq/,2026-09-09T13:46:26+00:00,8eac4b2cf2176a7f4cbdf0b7d4c860bf4f3415794aafa0267fea71a1202e271c,{}
2026-09-09,10:00,options,USD.CNY,ATM,2W,implied_vol_mid,1.55,pct,https://www.chinamoney.com.cn/chinese/bkcurvfqq/,2026-09-09T13:46:26+00:00,8eac4b2cf2176a7f4cbdf0b7d4c860bf4f3415794aafa0267fea71a1202e271c,{}
2026-09-09,10:00,options,USD.CNY,ATM,2Y,implied_vol_ask,3.6,pct,https://www.chinamoney.com.cn/chinese/bkcurvfqq/,2026-09-09T13:46:26+00:00,8eac4b2cf2176a7f4cbdf0b7d4c860bf4f3415794aafa0267fea71a1202e271c,{}
2026-09-09,10:00,options,USD.CNY,ATM,2Y,implied_vol_bid,3.15,pct,https://www.chinamoney.com.cn/chinese/bkcurvfqq/,2026-09-09T13:46:26+00:00,8eac4b2cf2176a7f4cbdf0b7d4c860bf4f3415794aafa0267fea71a1202e271c,{}
2026-09-09,10:00,options,USD.CNY,ATM,2Y,implied_vol_mid,3.375,pct,https://www.chinamoney.com.cn/chinese/bkcurvfqq/,2026-09-09T13:46:26+00:00,8eac4b2cf2176a7f4cbdf0b7d4c860bf4f3415794aafa0267fea71a1202e271c,{}
2026-09-09,10:00,options,USD.CNY,ATM,3M,implied_vol_ask,2.25,pct,https://www.chinamoney.com.cn/chinese/bkcurvfqq/,2026-09-09T13:46:26+00:00,8eac4b2cf2176a7f4cbdf0b7d4c860bf4f3415794aafa0267fea71a1202e271c,{}
2026-09-09,10:00,options,USD.CNY,ATM,3M,implied_vol_bid,1.95,pct,https://www.chinamoney.com.cn/chinese/bkcurvfqq/,2026-09-09T13:46:26+00:00,8eac4b2cf2176a7f4cbdf0b7d4c860bf4f3415794aafa0267fea71a1202e271c,{}
2026-09-09,10:00,options,USD.CNY,ATM,3M,implied_vol_mid,2.1,pct,https://www.chinamoney.com.cn/chinese/bkcurvfqq/,2026-09-09T13:46:26+00:00,8eac4b2cf2176a7f4cbdf0b7d4c860bf4f3415794aafa0267fea71a1202e271c,{}
2026-09-09,10:00,options,USD.CNY,ATM,3W,implied_vol_ask,1.575,pct,https://www.chinamoney.com.cn/chinese/bkcurvfqq/,2026-09-09T13:46:26+00:00,8eac4b2cf2176a7f4cbdf0b7d4c860bf4f3415794aafa0267fea71a1202e271c,{}
2026-09-09,10:00,options,USD.CNY,ATM,3W,implied_vol_bid,1.575,pct,https://www.chinamoney.com.cn/chinese/bkcurvfqq/,2026-09-09T13:46:26+00:00,8eac4b2cf2176a7f4cbdf0b7d4c860bf4f3415794aafa0267fea71a1202e271c,{}
2026-09-09,10:00,options,USD.CNY,ATM,3W,implied_vol_mid,1.575,pct,https://www.chinamoney.com.cn/chinese/bkcurvfqq/,2026-09-09T13:46:26+00:00,8eac4b2cf2176a7f4cbdf0b7d4c860bf4f3415794aafa0267fea71a1202e271c,{}
2026-09-09,10:00,options,USD.CNY,ATM,3Y,implied_vol_ask,3.8,pct,https://www.chinamoney.com.cn/chinese/bkcurvfqq/,2026-09-09T13:46:26+00:00,8eac4b2cf2176a7f4cbdf0b7d4c860bf4f3415794aafa0267fea71a1202e271c,{}
2026-09-09,10:00,options,USD.CNY,ATM,3Y,implied_vol_bid,3.25,pct,https://www.chinamoney.com.cn/chinese/bkcurvfqq/,2026-09-09T13:46:26+00:00,8eac4b2cf2176a7f4cbdf0b7d4c860bf4f3415794aafa0267fea71a1202e271c,{}
2026-09-09,10:00,options,USD.CNY,ATM,3Y,implied_vol_mid,3.525,pct,https://www.chinamoney.com.cn/chinese/bkcurvfqq/,2026-09-09T13:46:26+00:00,8eac4b2cf2176a7f4cbdf0b7d4c860bf4f3415794aafa0267fea71a1202e271c,{}
2026-09-09,10:00,options,USD.CNY,ATM,6M,implied_vol_ask,2.8,pct,https://www.chinamoney.com.cn/chinese/bkcurvfqq/,2026-09-09T13:46:26+00:00,8eac4b2cf2176a7f4cbdf0b7d4c860bf4f3415794aafa0267fea71a1202e271c,{}
2026-09-09,10:00,options,USD.CNY,ATM,6M,implied_vol_bid,2.4,pct,https://www.chinamoney.com.cn/chinese/bkcurvfqq/,2026-09-09T13:46:26+00:00,8eac4b2cf2176a7f4cbdf0b7d4c860bf4f3415794aafa0267fea71a1202e271c,{}
2026-09-09,10:00,options,USD.CNY,ATM,6M,implied_vol_mid,2.55,pct,https://www.chinamoney.com.cn/chinese/bkcurvfqq/,2026-09-09T13:46:26+00:00,8eac4b2cf2176a7f4cbdf0b7d4c860bf4f3415794aafa0267fea71a1202e271c,{}
2026-09-09,10:00,options,USD.CNY,ATM,9M,implied_vol_ask,2.8813,pct,https://www.chinamoney.com.cn/chinese/bkcurvfqq/,2026-09-09T13:46:26+00:00,8eac4b2cf2176a7f4cbdf0b7d4c860bf4f3415794aafa0267fea71a1202e271c,{}
2026-09-09,10:00,options,USD.CNY,ATM,9M,implied_vol_bid,2.8813,pct,https://www.chinamoney.com.cn/chinese/bkcurvfqq/,2026-09-09T13:46:26+00:00,8eac4b2cf2176a7f4cbdf0b7d4c860bf4f3415794aafa0267fea71a1202e271c,{}
2026-09-09,10:00,options,USD.CNY,ATM,9M,implied_vol_mid,2.8813,pct,https://www.chinamoney.com.cn/chinese/bkcurvfqq/,2026-09-09T13:46:26+00:00,8eac4b2cf2176a7f4cbdf0b7d4c860bf4f3415794aafa0267fea71a1202e271c,{}
2026-09-09,14:00,reference_rate,USD/CNY,,,reference_rate_14,6.7076,rate,https://www.chinamoney.com.cn/ags/ms/cm-u-bk-fx/RefRateHis,2026-09-09T13:46:26+00:00,73f08c77d3c21588fa5290edb80b15be8e06079c51ea5eba8b5fe86a714f13f5,"{""14:00"": ""6.7076"", ""原始日期"": ""09 Sep 2026"", ""货币对"": ""USD/CNY""}"
2026-09-09,16:30,swaps,USD.CNY,,18M,forward_all_in,6.426,rate,https://www.chinamoney.com.cn/chinese/bkcurvfsw/,2026-09-09T13:46:26+00:00,c25888237b87db993398caea7d303d6734166117cccfea642ac9570a020a6717,{}
2026-09-09,16:30,swaps,USD.CNY,,18M,swap_points,-2820.0,pips,https://www.chinamoney.com.cn/chinese/bkcurvfsw/,2026-09-09T13:46:26+00:00,c25888237b87db993398caea7d303d6734166117cccfea642ac9570a020a6717,{}
2026-09-09,16:30,swaps,USD.CNY,,1M,forward_all_in,6.693,rate,https://www.chinamoney.com.cn/chinese/bkcurvfsw/,2026-09-09T13:46:26+00:00,c25888237b87db993398caea7d303d6734166117cccfea642ac9570a020a6717,{}
2026-09-09,16:30,swaps,USD.CNY,,1M,swap_points,-149.1,pips,https://www.chinamoney.com.cn/chinese/bkcurvfsw/,2026-09-09T13:46:26+00:00,c25888237b87db993398caea7d303d6734166117cccfea642ac9570a020a6717,{}
2026-09-09,16:30,swaps,USD.CNY,,1W,forward_all_in,6.7048,rate,https://www.chinamoney.com.cn/chinese/bkcurvfsw/,2026-09-09T13:46:26+00:00,c25888237b87db993398caea7d303d6734166117cccfea642ac9570a020a6717,{}
2026-09-09,16:30,swaps,USD.CNY,,1W,swap_points,-31.24,pips,https://www.chinamoney.com.cn/chinese/bkcurvfsw/,2026-09-09T13:46:26+00:00,c25888237b87db993398caea7d303d6734166117cccfea642ac9570a020a6717,{}
2026-09-09,16:30,swaps,USD.CNY,,1Y,forward_all_in,6.5225,rate,https://www.chinamoney.com.cn/chinese/bkcurvfsw/,2026-09-09T13:46:26+00:00,c25888237b87db993398caea7d303d6734166117cccfea642ac9570a020a6717,{}
2026-09-09,16:30,swaps,USD.CNY,,1Y,swap_points,-1855.0,pips,https://www.chinamoney.com.cn/chinese/bkcurvfsw/,2026-09-09T13:46:26+00:00,c25888237b87db993398caea7d303d6734166117cccfea642ac9570a020a6717,{}
2026-09-09,16:30,swaps,USD.CNY,,2M,forward_all_in,6.6788,rate,https://www.chinamoney.com.cn/chinese/bkcurvfsw/,2026-09-09T13:46:26+00:00,c25888237b87db993398caea7d303d6734166117cccfea642ac9570a020a6717,{}
2026-09-09,16:30,swaps,USD.CNY,,2M,swap_points,-291.8,pips,https://www.chinamoney.com.cn/chinese/bkcurvfsw/,2026-09-09T13:46:26+00:00,c25888237b87db993398caea7d303d6734166117cccfea642ac9570a020a6717,{}
2026-09-09,16:30,swaps,USD.CNY,,2W,forward_all_in,6.7003,rate,https://www.chinamoney.com.cn/chinese/bkcurvfsw/,2026-09-09T13:46:26+00:00,c25888237b87db993398caea7d303d6734166117cccfea642ac9570a020a6717,{}
2026-09-09,16:30,swaps,USD.CNY,,2W,swap_points,-77.0,pips,https://www.chinamoney.com.cn/chinese/bkcurvfsw/,2026-09-09T13:46:26+00:00,c25888237b87db993398caea7d303d6734166117cccfea642ac9570a020a6717,{}
2026-09-09,16:30,swaps,USD.CNY,,2Y,forward_all_in,6.331,rate,https://www.chinamoney.com.cn/chinese/bkcurvfsw/,2026-09-09T13:46:26+00:00,c25888237b87db993398caea7d303d6734166117cccfea642ac9570a020a6717,{}
2026-09-09,16:30,swaps,USD.CNY,,2Y,swap_points,-3770.0,pips,https://www.chinamoney.com.cn/chinese/bkcurvfsw/,2026-09-09T13:46:26+00:00,c25888237b87db993398caea7d303d6734166117cccfea642ac9570a020a6717,{}
2026-09-09,16:30,swaps,USD.CNY,,3M,forward_all_in,6.6648,rate,https://www.chinamoney.com.cn/chinese/bkcurvfsw/,2026-09-09T13:46:26+00:00,c25888237b87db993398caea7d303d6734166117cccfea642ac9570a020a6717,{}
2026-09-09,16:30,swaps,USD.CNY,,3M,swap_points,-431.7,pips,https://www.chinamoney.com.cn/chinese/bkcurvfsw/,2026-09-09T13:46:26+00:00,c25888237b87db993398caea7d303d6734166117cccfea642ac9570a020a6717,{}
2026-09-09,16:30,swaps,USD.CNY,,3W,forward_all_in,6.6954,rate,https://www.chinamoney.com.cn/chinese/bkcurvfsw/,2026-09-09T13:46:26+00:00,c25888237b87db993398caea7d303d6734166117cccfea642ac9570a020a6717,{}
2026-09-09,16:30,swaps,USD.CNY,,3W,swap_points,-125.7,pips,https://www.chinamoney.com.cn/chinese/bkcurvfsw/,2026-09-09T13:46:26+00:00,c25888237b87db993398caea7d303d6734166117cccfea642ac9570a020a6717,{}
2026-09-09,16:30,swaps,USD.CNY,,3Y,forward_all_in,6.1487,rate,https://www.chinamoney.com.cn/chinese/bkcurvfsw/,2026-09-09T13:46:26+00:00,c25888237b87db993398caea7d303d6734166117cccfea642ac9570a020a6717,{}
2026-09-09,16:30,swaps,USD.CNY,,3Y,swap_points,-5592.5,pips,https://www.chinamoney.com.cn/chinese/bkcurvfsw/,2026-09-09T13:46:26+00:00,c25888237b87db993398caea7d303d6734166117cccfea642ac9570a020a6717,{}
2026-09-09,16:30,swaps,USD.CNY,,4M,forward_all_in,6.6494,rate,https://www.chinamoney.com.cn/chinese/bkcurvfsw/,2026-09-09T13:46:26+00:00,c25888237b87db993398caea7d303d6734166117cccfea642ac9570a020a6717,{}
2026-09-09,16:30,swaps,USD.CNY,,4M,swap_points,-586.0,pips,https://www.chinamoney.com.cn/chinese/bkcurvfsw/,2026-09-09T13:46:26+00:00,c25888237b87db993398caea7d303d6734166117cccfea642ac9570a020a6717,{}
2026-09-09,16:30,swaps,USD.CNY,,4Y,forward_all_in,5.973,rate,https://www.chinamoney.com.cn/chinese/bkcurvfsw/,2026-09-09T13:46:26+00:00,c25888237b87db993398caea7d303d6734166117cccfea642ac9570a020a6717,{}
2026-09-09,16:30,swaps,USD.CNY,,4Y,swap_points,-7350.0,pips,https://www.chinamoney.com.cn/chinese/bkcurvfsw/,2026-09-09T13:46:26+00:00,c25888237b87db993398caea7d303d6734166117cccfea642ac9570a020a6717,{}
2026-09-09,16:30,swaps,USD.CNY,,5M,forward_all_in,6.6314,rate,https://www.chinamoney.com.cn/chinese/bkcurvfsw/,2026-09-09T13:46:26+00:00,c25888237b87db993398caea7d303d6734166117cccfea642ac9570a020a6717,{}
2026-09-09,16:30,swaps,USD.CNY,,5M,swap_points,-766.0,pips,https://www.chinamoney.com.cn/chinese/bkcurvfsw/,2026-09-09T13:46:26+00:00,c25888237b87db993398caea7d303d6734166117cccfea642ac9570a020a6717,{}
2026-09-09,16:30,swaps,USD.CNY,,5Y,forward_all_in,5.798,rate,https://www.chinamoney.com.cn/chinese/bkcurvfsw/,2026-09-09T13:46:26+00:00,c25888237b87db993398caea7d303d6734166117cccfea642ac9570a020a6717,{}
2026-09-09,16:30,swaps,USD.CNY,,5Y,swap_points,-9100.0,pips,https://www.chinamoney.com.cn/chinese/bkcurvfsw/,2026-09-09T13:46:26+00:00,c25888237b87db993398caea7d303d6734166117cccfea642ac9570a020a6717,{}
2026-09-09,16:30,swaps,USD.CNY,,6M,forward_all_in,6.6198,rate,https://www.chinamoney.com.cn/chinese/bkcurvfsw/,2026-09-09T13:46:26+00:00,c25888237b87db993398caea7d303d6734166117cccfea642ac9570a020a6717,{}
2026-09-09,16:30,swaps,USD.CNY,,6M,swap_points,-882.0,pips,https://www.chinamoney.com.cn/chinese/bkcurvfsw/,2026-09-09T13:46:26+00:00,c25888237b87db993398caea7d303d6734166117cccfea642ac9570a020a6717,{}
2026-09-09,16:30,swaps,USD.CNY,,9M,forward_all_in,6.5723,rate,https://www.chinamoney.com.cn/chinese/bkcurvfsw/,2026-09-09T13:46:26+00:00,c25888237b87db993398caea7d303d6734166117cccfea642ac9570a020a6717,{}
2026-09-09,16:30,swaps,USD.CNY,,9M,swap_points,-1357.0,pips,https://www.chinamoney.com.cn/chinese/bkcurvfsw/,2026-09-09T13:46:26+00:00,c25888237b87db993398caea7d303d6734166117cccfea642ac9570a020a6717,{}
2026-09-09,16:30,swaps,USD.CNY,,ON,forward_all_in,6.7088,rate,https://www.chinamoney.com.cn/chinese/bkcurvfsw/,2026-09-09T13:46:26+00:00,c25888237b87db993398caea7d303d6734166117cccfea642ac9570a020a6717,{}
2026-09-09,16:30,swaps,USD.CNY,,ON,swap_points,-4.1,pips,https://www.chinamoney.com.cn/chinese/bkcurvfsw/,2026-09-09T13:46:26+00:00,c25888237b87db993398caea7d303d6734166117cccfea642ac9570a020a6717,{}
2026-09-09,16:30,swaps,USD.CNY,,SN,forward_all_in,6.7066,rate,https://www.chinamoney.com.cn/chinese/bkcurvfsw/,2026-09-09T13:46:26+00:00,c25888237b87db993398caea7d303d6734166117cccfea642ac9570a020a6717,{}
2026-09-09,16:30,swaps,USD.CNY,,SN,swap_points,-13.17,pips,https://www.chinamoney.com.cn/chinese/bkcurvfsw/,2026-09-09T13:46:26+00:00,c25888237b87db993398caea7d303d6734166117cccfea642ac9570a020a6717,{}
2026-09-09,16:30,swaps,USD.CNY,,TN,forward_all_in,6.7084,rate,https://www.chinamoney.com.cn/chinese/bkcurvfsw/,2026-09-09T13:46:26+00:00,c25888237b87db993398caea7d303d6734166117cccfea642ac9570a020a6717,{}
2026-09-09,16:30,swaps,USD.CNY,,TN,swap_points,-4.35,pips,https://www.chinamoney.com.cn/chinese/bkcurvfsw/,2026-09-09T13:46:26+00:00,c25888237b87db993398caea7d303d6734166117cccfea642ac9570a020a6717,{}
2026-09-10,,implied_rates,USD,,18M,implied_usd_rate,4.3115,pct,https://www.chinamoney.com.cn/chinese/bkcurvuir/,2026-09-10T13:39:56+00:00,cb655d4efb2742292de13aac658d5e773510f93fdecde83a516d9d3ac8b9bd2c,"{""人民币利率(%)"": ""1.4625"", ""即期汇率"": ""6.7766"", ""期限"": ""18M"", ""远/掉期点(Pips)"": ""-2832.50"", ""隐含利率(%)"": ""4.3115""}"
2026-09-10,,implied_rates,USD,,1D,implied_usd_rate,3.8435,pct,https://www.chinamoney.com.cn/chinese/bkcurvuir/,2026-09-10T13:39:56+00:00,cb655d4efb2742292de13aac658d5e773510f93fdecde83a516d9d3ac8b9bd2c,"{""人民币利率(%)"": ""1.4304"", ""即期汇率"": ""6.7766"", ""期限"": ""1D"", ""远/掉期点(Pips)"": ""-4.48"", ""隐含利率(%)"": ""3.8435""}"
2026-09-10,,implied_rates,USD,,1M,implied_usd_rate,3.9678,pct,https://www.chinamoney.com.cn/chinese/bkcurvuir/,2026-09-10T13:39:56+00:00,cb655d4efb2742292de13aac658d5e773510f93fdecde83a516d9d3ac8b9bd2c,"{""人民币利率(%)"": ""1.4409"", ""即期汇率"": ""6.7766"", ""期限"": ""1M"", ""远/掉期点(Pips)"": ""-140.60"", ""隐含利率(%)"": ""3.9678""}"
2026-09-10,,implied_rates,USD,,1W,implied_usd_rate,3.8993,pct,https://www.chinamoney.com.cn/chinese/bkcurvuir/,2026-09-10T13:39:56+00:00,cb655d4efb2742292de13aac658d5e773510f93fdecde83a516d9d3ac8b9bd2c,"{""人民币利率(%)"": ""1.4250"", ""即期汇率"": ""6.7766"", ""期限"": ""1W"", ""远/掉期点(Pips)"": ""-32.15"", ""隐含利率(%)"": ""3.8993""}"
2026-09-10,,implied_rates,USD,,1Y,implied_usd_rate,4.2421,pct,https://www.chinamoney.com.cn/chinese/bkcurvuir/,2026-09-10T13:39:56+00:00,cb655d4efb2742292de13aac658d5e773510f93fdecde83a516d9d3ac8b9bd2c,"{""人民币利率(%)"": ""1.4651"", ""即期汇率"": ""6.7766"", ""期限"": ""1Y"", ""远/掉期点(Pips)"": ""-1855.99"", ""隐含利率(%)"": ""4.2421""}"
2026-09-10,,implied_rates,USD,,2M,implied_usd_rate,4.0043,pct,https://www.chinamoney.com.cn/chinese/bkcurvuir/,2026-09-10T13:39:56+00:00,cb655d4efb2742292de13aac658d5e773510f93fdecde83a516d9d3ac8b9bd2c,"{""人民币利率(%)"": ""1.4467"", ""即期汇率"": ""6.7766"", ""期限"": ""2M"", ""远/掉期点(Pips)"": ""-298.50"", ""隐含利率(%)"": ""4.0043""}"
2026-09-10,,implied_rates,USD,,2W,implied_usd_rate,3.9136,pct,https://www.chinamoney.com.cn/chinese/bkcurvuir/,2026-09-10T13:39:56+00:00,cb655d4efb2742292de13aac658d5e773510f93fdecde83a516d9d3ac8b9bd2c,"{""人民币利率(%)"": ""1.4309"", ""即期汇率"": ""6.7766"", ""期限"": ""2W"", ""远/掉期点(Pips)"": ""-64.50"", ""隐含利率(%)"": ""3.9136""}"
2026-09-10,,implied_rates,USD,,2Y,implied_usd_rate,4.3495,pct,https://www.chinamoney.com.cn/chinese/bkcurvuir/,2026-09-10T13:39:56+00:00,cb655d4efb2742292de13aac658d5e773510f93fdecde83a516d9d3ac8b9bd2c,"{""人民币利率(%)"": ""1.4602"", ""即期汇率"": ""6.7766"", ""期限"": ""2Y"", ""远/掉期点(Pips)"": ""-3810.00"", ""隐含利率(%)"": ""4.3495""}"
2026-09-10,,implied_rates,USD,,3M,implied_usd_rate,4.0234,pct,https://www.chinamoney.com.cn/chinese/bkcurvuir/,2026-09-10T13:39:56+00:00,cb655d4efb2742292de13aac658d5e773510f93fdecde83a516d9d3ac8b9bd2c,"{""人民币利率(%)"": ""1.4493"", ""即期汇率"": ""6.7766"", ""期限"": ""3M"", ""远/掉期点(Pips)"": ""-433.50"", ""隐含利率(%)"": ""4.0234""}"
2026-09-10,,implied_rates,USD,,3W,implied_usd_rate,3.9652,pct,https://www.chinamoney.com.cn/chinese/bkcurvuir/,2026-09-10T13:39:56+00:00,cb655d4efb2742292de13aac658d5e773510f93fdecde83a516d9d3ac8b9bd2c,"{""人民币利率(%)"": ""1.4384"", ""即期汇率"": ""6.7766"", ""期限"": ""3W"", ""远/掉期点(Pips)"": ""-112.50"", ""隐含利率(%)"": ""3.9652""}"
2026-09-10,,implied_rates,USD,,3Y,implied_usd_rate,4.3848,pct,https://www.chinamoney.com.cn/chinese/bkcurvuir/,2026-09-10T13:39:56+00:00,cb655d4efb2742292de13aac658d5e773510f93fdecde83a516d9d3ac8b9bd2c,"{""人民币利率(%)"": ""1.4855"", ""即期汇率"": ""6.7766"", ""期限"": ""3Y"", ""远/掉期点(Pips)"": ""-5650.00"", ""隐含利率(%)"": ""4.3848""}"
2026-09-10,,implied_rates,USD,,6M,implied_usd_rate,4.1131,pct,https://www.chinamoney.com.cn/chinese/bkcurvuir/,2026-09-10T13:39:56+00:00,cb655d4efb2742292de13aac658d5e773510f93fdecde83a516d9d3ac8b9bd2c,"{""人民币利率(%)"": ""1.4618"", ""即期汇率"": ""6.7766"", ""期限"": ""6M"", ""远/掉期点(Pips)"": ""-890.00"", ""隐含利率(%)"": ""4.1131""}"
2026-09-10,,implied_rates,USD,,9M,implied_usd_rate,4.1834,pct,https://www.chinamoney.com.cn/chinese/bkcurvuir/,2026-09-10T13:39:56+00:00,cb655d4efb2742292de13aac658d5e773510f93fdecde83a516d9d3ac8b9bd2c,"{""人民币利率(%)"": ""1.4628"", ""即期汇率"": ""6.7766"", ""期限"": ""9M"", ""远/掉期点(Pips)"": ""-1365.00"", ""隐含利率(%)"": ""4.1834""}"
2026-09-10,09:15,fixing,USD/CNY,,,fixing,6.7766,rate,https://www.chinamoney.com.cn/chinese/bkccpr/,2026-09-10T13:39:56+00:00,e10d6a35756207eed9b43406388114133c3fa9ab342013faabe120112519d69c,"{""中间价"": ""6.7766"", ""涨跌"": ""3.00"", ""货币对"": ""美元/人民币""}"
2026-09-10,10:00,options,USD.CNY,10D BF,18M,implied_vol_ask,0.75,pct,https://www.chinamoney.com.cn/chinese/bkcurvfqq/,2026-09-10T13:39:56+00:00,db25fe28200e176201708ce6627047b59229699bcafd3863157f4710163e517e,{}
2026-09-10,10:00,options,USD.CNY,10D BF,18M,implied_vol_bid,0.35,pct,https://www.chinamoney.com.cn/chinese/bkcurvfqq/,2026-09-10T13:39:56+00:00,db25fe28200e176201708ce6627047b59229699bcafd3863157f4710163e517e,{}
2026-09-10,10:00,options,USD.CNY,10D BF,18M,implied_vol_mid,0.55,pct,https://www.chinamoney.com.cn/chinese/bkcurvfqq/,2026-09-10T13:39:56+00:00,db25fe28200e176201708ce6627047b59229699bcafd3863157f4710163e517e,{}
2026-09-10,10:00,options,USD.CNY,10D BF,1D,implied_vol_ask,0.15,pct,https://www.chinamoney.com.cn/chinese/bkcurvfqq/,2026-09-10T13:39:56+00:00,db25fe28200e176201708ce6627047b59229699bcafd3863157f4710163e517e,{}
2026-09-10,10:00,options,USD.CNY,10D BF,1D,implied_vol_bid,0.15,pct,https://www.chinamoney.com.cn/chinese/bkcurvfqq/,2026-09-10T13:39:56+00:00,db25fe28200e176201708ce6627047b59229699bcafd3863157f4710163e517e,{}
2026-09-10,10:00,options,USD.CNY,10D BF,1D,implied_vol_mid,0.15,pct,https://www.chinamoney.com.cn/chinese/bkcurvfqq/,2026-09-10T13:39:56+00:00,db25fe28200e176201708ce6627047b59229699bcafd3863157f4710163e517e,{}
2026-09-10,10:00,options,USD.CNY,10D BF,1M,implied_vol_ask,0.1,pct,https://www.chinamoney.com.cn/chinese/bkcurvfqq/,2026-09-10T13:39:56+00:00,db25fe28200e176201708ce6627047b59229699bcafd3863157f4710163e517e,{}
2026-09-10,10:00,options,USD.CNY,10D BF,1M,implied_vol_bid,0.1,pct,https://www.chinamoney.com.cn/chinese/bkcurvfqq/,2026-09-10T13:39:56+00:00,db25fe28200e176201708ce6627047b59229699bcafd3863157f4710163e517e,{}
2026-09-10,10:00,options,USD.CNY,10D BF,1M,implied_vol_mid,0.1,pct,https://www.chinamoney.com.cn/chinese/bkcurvfqq/,2026-09-10T13:39:56+00:00,db25fe28200e176201708ce6627047b59229699bcafd3863157f4710163e517e,{}
2026-09-10,10:00,options,USD.CNY,10D BF,1W,implied_vol_ask,0.2,pct,https://www.chinamoney.com.cn/chinese/bkcurvfqq/,2026-09-10T13:39:56+00:00,db25fe28200e176201708ce6627047b59229699bcafd3863157f4710163e517e,{}
2026-09-10,10:00,options,USD.CNY,10D BF,1W,implied_vol_bid,0.0,pct,https://www.chinamoney.com.cn/chinese/bkcurvfqq/,2026-09-10T13:39:56+00:00,db25fe28200e176201708ce6627047b59229699bcafd3863157f4710163e517e,{}
2026-09-10,10:00,options,USD.CNY,10D BF,1W,implied_vol_mid,0.1,pct,https://www.chinamoney.com.cn/chinese/bkcurvfqq/,2026-09-10T13:39:56+00:00,db25fe28200e176201708ce6627047b59229699bcafd3863157f4710163e517e,{}
2026-09-10,10:00,options,USD.CNY,10D BF,1Y,implied_vol_ask,0.53,pct,https://www.chinamoney.com.cn/chinese/bkcurvfqq/,2026-09-10T13:39:56+00:00,db25fe28200e176201708ce6627047b59229699bcafd3863157f4710163e517e,{}
2026-09-10,10:00,options,USD.CNY,10D BF,1Y,implied_vol_bid,0.53,pct,https://www.chinamoney.com.cn/chinese/bkcurvfqq/,2026-09-10T13:39:56+00:00,db25fe28200e176201708ce6627047b59229699bcafd3863157f4710163e517e,{}
2026-09-10,10:00,options,USD.CNY,10D BF,1Y,implied_vol_mid,0.53,pct,https://www.chinamoney.com.cn/chinese/bkcurvfqq/,2026-09-10T13:39:56+00:00,db25fe28200e176201708ce6627047b59229699bcafd3863157f4710163e517e,{}
2026-09-10,10:00,options,USD.CNY,10D BF,2M,implied_vol_ask,0.22,pct,https://www.chinamoney.com.cn/chinese/bkcurvfqq/,2026-09-10T13:39:56+00:00,db25fe28200e176201708ce6627047b59229699bcafd3863157f4710163e517e,{}
2026-09-10,10:00,options,USD.CNY,10D BF,2M,implied_vol_bid,0.22,pct,https://www.chinamoney.com.cn/chinese/bkcurvfqq/,2026-09-10T13:39:56+00:00,db25fe28200e176201708ce6627047b59229699bcafd3863157f4710163e517e,{}
2026-09-10,10:00,options,USD.CNY,10D BF,2M,implied_vol_mid,0.22,pct,https://www.chinamoney.com.cn/chinese/bkcurvfqq/,2026-09-10T13:39:56+00:00,db25fe28200e176201708ce6627047b59229699bcafd3863157f4710163e517e,{}
2026-09-10,10:00,options,USD.CNY,10D BF,2W,implied_vol_ask,0.1,pct,https://www.chinamoney.com.cn/chinese/bkcurvfqq/,2026-09-10T13:39:56+00:00,db25fe28200e176201708ce6627047b59229699bcafd3863157f4710163e517e,{}
2026-09-10,10:00,options,USD.CNY,10D BF,2W,implied_vol_bid,0.1,pct,https://www.chinamoney.com.cn/chinese/bkcurvfqq/,2026-09-10T13:39:56+00:00,db25fe28200e176201708ce6627047b59229699bcafd3863157f4710163e517e,{}
2026-09-10,10:00,options,USD.CNY,10D BF,2W,implied_vol_mid,0.1,pct,https://www.chinamoney.com.cn/chinese/bkcurvfqq/,2026-09-10T13:39:56+00:00,db25fe28200e176201708ce6627047b59229699bcafd3863157f4710163e517e,{}
2026-09-10,10:00,options,USD.CNY,10D BF,2Y,implied_vol_ask,0.75,pct,https://www.chinamoney.com.cn/chinese/bkcurvfqq/,2026-09-10T13:39:56+00:00,db25fe28200e176201708ce6627047b59229699bcafd3863157f4710163e517e,{}
2026-09-10,10:00,options,USD.CNY,10D BF,2Y,implied_vol_bid,0.35,pct,https://www.chinamoney.com.cn/chinese/bkcurvfqq/,2026-09-10T13:39:56+00:00,db25fe28200e176201708ce6627047b59229699bcafd3863157f4710163e517e,{}
2026-09-10,10:00,options,USD.CNY,10D BF,2Y,implied_vol_mid,0.55,pct,https://www.chinamoney.com.cn/chinese/bkcurvfqq/,2026-09-10T13:39:56+00:00,db25fe28200e176201708ce6627047b59229699bcafd3863157f4710163e517e,{}
2026-09-10,10:00,options,USD.CNY,10D BF,3M,implied_vol_ask,0.325,pct,https://www.chinamoney.com.cn/chinese/bkcurvfqq/,2026-09-10T13:39:56+00:00,db25fe28200e176201708ce6627047b59229699bcafd3863157f4710163e517e,{}
2026-09-10,10:00,options,USD.CNY,10D BF,3M,implied_vol_bid,0.325,pct,https://www.chinamoney.com.cn/chinese/bkcurvfqq/,2026-09-10T13:39:56+00:00,db25fe28200e176201708ce6627047b59229699bcafd3863157f4710163e517e,{}
2026-09-10,10:00,options,USD.CNY,10D BF,3M,implied_vol_mid,0.325,pct,https://www.chinamoney.com.cn/chinese/bkcurvfqq/,2026-09-10T13:39:56+00:00,db25fe28200e176201708ce6627047b59229699bcafd3863157f4710163e517e,{}
2026-09-10,10:00,options,USD.CNY,10D BF,3W,implied_vol_ask,0.1,pct,https://www.chinamoney.com.cn/chinese/bkcurvfqq/,2026-09-10T13:39:56+00:00,db25fe28200e176201708ce6627047b59229699bcafd3863157f4710163e517e,{}
2026-09-10,10:00,options,USD.CNY,10D BF,3W,implied_vol_bid,0.1,pct,https://www.chinamoney.com.cn/chinese/bkcurvfqq/,2026-09-10T13:39:56+00:00,db25fe28200e176201708ce6627047b59229699bcafd3863157f4710163e517e,{}
2026-09-10,10:00,options,USD.CNY,10D BF,3W,implied_vol_mid,0.1,pct,https://www.chinamoney.com.cn/chinese/bkcurvfqq/,2026-09-10T13:39:56+00:00,db25fe28200e176201708ce6627047b59229699bcafd3863157f4710163e517e,{}
2026-09-10,10:00,options,USD.CNY,10D BF,3Y,implied_vol_ask,0.8,pct,https://www.chinamoney.com.cn/chinese/bkcurvfqq/,2026-09-10T13:39:56+00:00,db25fe28200e176201708ce6627047b59229699bcafd3863157f4710163e517e,{}
2026-09-10,10:00,options,USD.CNY,10D BF,3Y,implied_vol_bid,0.4,pct,https://www.chinamoney.com.cn/chinese/bkcurvfqq/,2026-09-10T13:39:56+00:00,db25fe28200e176201708ce6627047b59229699bcafd3863157f4710163e517e,{}
2026-09-10,10:00,options,USD.CNY,10D BF,3Y,implied_vol_mid,0.6,pct,https://www.chinamoney.com.cn/chinese/bkcurvfqq/,2026-09-10T13:39:56+00:00,db25fe28200e176201708ce6627047b59229699bcafd3863157f4710163e517e,{}
2026-09-10,10:00,options,USD.CNY,10D BF,6M,implied_vol_ask,0.435,pct,https://www.chinamoney.com.cn/chinese/bkcurvfqq/,2026-09-10T13:39:56+00:00,db25fe28200e176201708ce6627047b59229699bcafd3863157f4710163e517e,{}
2026-09-10,10:00,options,USD.CNY,10D BF,6M,implied_vol_bid,0.435,pct,https://www.chinamoney.com.cn/chinese/bkcurvfqq/,2026-09-10T13:39:56+00:00,db25fe28200e176201708ce6627047b59229699bcafd3863157f4710163e517e,{}
2026-09-10,10:00,options,USD.CNY,10D BF,6M,implied_vol_mid,0.435,pct,https://www.chinamoney.com.cn/chinese/bkcurvfqq/,2026-09-10T13:39:56+00:00,db25fe28200e176201708ce6627047b59229699bcafd3863157f4710163e517e,{}
2026-09-10,10:00,options,USD.CNY,10D BF,9M,implied_vol_ask,0.478,pct,https://www.chinamoney.com.cn/chinese/bkcurvfqq/,2026-09-10T13:39:56+00:00,db25fe28200e176201708ce6627047b59229699bcafd3863157f4710163e517e,{}
2026-09-10,10:00,options,USD.CNY,10D BF,9M,implied_vol_bid,0.478,pct,https://www.chinamoney.com.cn/chinese/bkcurvfqq/,2026-09-10T13:39:56+00:00,db25fe28200e176201708ce6627047b59229699bcafd3863157f4710163e517e,{}
2026-09-10,10:00,options,USD.CNY,10D BF,9M,implied_vol_mid,0.478,pct,https://www.chinamoney.com.cn/chinese/bkcurvfqq/,2026-09-10T13:39:56+00:00,db25fe28200e176201708ce6627047b59229699bcafd3863157f4710163e517e,{}
2026-09-10,10:00,options,USD.CNY,25D BF,18M,implied_vol_ask,0.28,pct,https://www.chinamoney.com.cn/chinese/bkcurvfqq/,2026-09-10T13:39:56+00:00,f67904a16017846eae98b7dd3c6ddd507ca4583c2b649698024ee0c1f1fce9db,{}
2026-09-10,10:00,options,USD.CNY,25D BF,18M,implied_vol_bid,0.1,pct,https://www.chinamoney.com.cn/chinese/bkcurvfqq/,2026-09-10T13:39:56+00:00,f67904a16017846eae98b7dd3c6ddd507ca4583c2b649698024ee0c1f1fce9db,{}
2026-09-10,10:00,options,USD.CNY,25D BF,18M,implied_vol_mid,0.19,pct,https://www.chinamoney.com.cn/chinese/bkcurvfqq/,2026-09-10T13:39:56+00:00,f67904a16017846eae98b7dd3c6ddd507ca4583c2b649698024ee0c1f1fce9db,{}
2026-09-10,10:00,options,USD.CNY,25D BF,1D,implied_vol_ask,0.1,pct,https://www.chinamoney.com.cn/chinese/bkcurvfqq/,2026-09-10T13:39:56+00:00,f67904a16017846eae98b7dd3c6ddd507ca4583c2b649698024ee0c1f1fce9db,{}
2026-09-10,10:00,options,USD.CNY,25D BF,1D,implied_vol_bid,0.1,pct,https://www.chinamoney.com.cn/chinese/bkcurvfqq/,2026-09-10T13:39:56+00:00,f67904a16017846eae98b7dd3c6ddd507ca4583c2b649698024ee0c1f1fce9db,{}
2026-09-10,10:00,options,USD.CNY,25D BF,1D,implied_vol_mid,0.1,pct,https://www.chinamoney.com.cn/chinese/bkcurvfqq/,2026-09-10T13:39:56+00:00,f67904a16017846eae98b7dd3c6ddd507ca4583c2b649698024ee0c1f1fce9db,{}
2026-09-10,10:00,options,USD.CNY,25D BF,1M,implied_vol_ask,0.065,pct,https://www.chinamoney.com.cn/chinese/bkcurvfqq/,2026-09-10T13:39:56+00:00,f67904a16017846eae98b7dd3c6ddd507ca4583c2b649698024ee0c1f1fce9db,{}
2026-09-10,10:00,options,USD.CNY,25D BF,1M,implied_vol_bid,0.065,pct,https://www.chinamoney.com.cn/chinese/bkcurvfqq/,2026-09-10T13:39:56+00:00,f67904a16017846eae98b7dd3c6ddd507ca4583c2b649698024ee0c1f1fce9db,{}
2026-09-10,10:00,options,USD.CNY,25D BF,1M,implied_vol_mid,0.065,pct,https://www.chinamoney.com.cn/chinese/bkcurvfqq/,2026-09-10T13:39:56+00:00,f67904a16017846eae98b7dd3c6ddd507ca4583c2b649698024ee0c1f1fce9db,{}
2026-09-10,10:00,options,USD.CNY,25D BF,1W,implied_vol_ask,0.1,pct,https://www.chinamoney.com.cn/chinese/bkcurvfqq/,2026-09-10T13:39:56+00:00,f67904a16017846eae98b7dd3c6ddd507ca4583c2b649698024ee0c1f1fce9db,{}
2026-09-10,10:00,options,USD.CNY,25D BF,1W,implied_vol_bid,0.0,pct,https://www.chinamoney.com.cn/chinese/bkcurvfqq/,2026-09-10T13:39:56+00:00,f67904a16017846eae98b7dd3c6ddd507ca4583c2b649698024ee0c1f1fce9db,{}
2026-09-10,10:00,options,USD.CNY,25D BF,1W,implied_vol_mid,0.05,pct,https://www.chinamoney.com.cn/chinese/bkcurvfqq/,2026-09-10T13:39:56+00:00,f67904a16017846eae98b7dd3c6ddd507ca4583c2b649698024ee0c1f1fce9db,{}
2026-09-10,10:00,options,USD.CNY,25D BF,1Y,implied_vol_ask,0.175,pct,https://www.chinamoney.com.cn/chinese/bkcurvfqq/,2026-09-10T13:39:56+00:00,f67904a16017846eae98b7dd3c6ddd507ca4583c2b649698024ee0c1f1fce9db,{}
2026-09-10,10:00,options,USD.CNY,25D BF,1Y,implied_vol_bid,0.175,pct,https://www.chinamoney.com.cn/chinese/bkcurvfqq/,2026-09-10T13:39:56+00:00,f67904a16017846eae98b7dd3c6ddd507ca4583c2b649698024ee0c1f1fce9db,{}
2026-09-10,10:00,options,USD.CNY,25D BF,1Y,implied_vol_mid,0.175,pct,https://www.chinamoney.com.cn/chinese/bkcurvfqq/,2026-09-10T13:39:56+00:00,f67904a16017846eae98b7dd3c6ddd507ca4583c2b649698024ee0c1f1fce9db,{}
2026-09-10,10:00,options,USD.CNY,25D BF,2M,implied_vol_ask,0.085,pct,https://www.chinamoney.com.cn/chinese/bkcurvfqq/,2026-09-10T13:39:56+00:00,f67904a16017846eae98b7dd3c6ddd507ca4583c2b649698024ee0c1f1fce9db,{}
2026-09-10,10:00,options,USD.CNY,25D BF,2M,implied_vol_bid,0.085,pct,https://www.chinamoney.com.cn/chinese/bkcurvfqq/,2026-09-10T13:39:56+00:00,f67904a16017846eae98b7dd3c6ddd507ca4583c2b649698024ee0c1f1fce9db,{}
2026-09-10,10:00,options,USD.CNY,25D BF,2M,implied_vol_mid,0.085,pct,https://www.chinamoney.com.cn/chinese/bkcurvfqq/,2026-09-10T13:39:56+00:00,f67904a16017846eae98b7dd3c6ddd507ca4583c2b649698024ee0c1f1fce9db,{}
2026-09-10,10:00,options,USD.CNY,25D BF,2W,implied_vol_ask,0.06,pct,https://www.chinamoney.com.cn/chinese/bkcurvfqq/,2026-09-10T13:39:56+00:00,f67904a16017846eae98b7dd3c6ddd507ca4583c2b649698024ee0c1f1fce9db,{}
2026-09-10,10:00,options,USD.CNY,25D BF,2W,implied_vol_bid,0.06,pct,https://www.chinamoney.com.cn/chinese/bkcurvfqq/,2026-09-10T13:39:56+00:00,f67904a16017846eae98b7dd3c6ddd507ca4583c2b649698024ee0c1f1fce9db,{}
2026-09-10,10:00,options,USD.CNY,25D BF,2W,implied_vol_mid,0.06,pct,https://www.chinamoney.com.cn/chinese/bkcurvfqq/,2026-09-10T13:39:56+00:00,f67904a16017846eae98b7dd3c6ddd507ca4583c2b649698024ee0c1f1fce9db,{}
2026-09-10,10:00,options,USD.CNY,25D BF,2Y,implied_vol_ask,0.32,pct,https://www.chinamoney.com.cn/chinese/bkcurvfqq/,2026-09-10T13:39:56+00:00,f67904a16017846eae98b7dd3c6ddd507ca4583c2b649698024ee0c1f1fce9db,{}
2026-09-10,10:00,options,USD.CNY,25D BF,2Y,implied_vol_bid,0.1,pct,https://www.chinamoney.com.cn/chinese/bkcurvfqq/,2026-09-10T13:39:56+00:00,f67904a16017846eae98b7dd3c6ddd507ca4583c2b649698024ee0c1f1fce9db,{}
2026-09-10,10:00,options,USD.CNY,25D BF,2Y,implied_vol_mid,0.21,pct,https://www.chinamoney.com.cn/chinese/bkcurvfqq/,2026-09-10T13:39:56+00:00,f67904a16017846eae98b7dd3c6ddd507ca4583c2b649698024ee0c1f1fce9db,{}
2026-09-10,10:00,options,USD.CNY,25D BF,3M,implied_vol_ask,0.09,pct,https://www.chinamoney.com.cn/chinese/bkcurvfqq/,2026-09-10T13:39:56+00:00,f67904a16017846eae98b7dd3c6ddd507ca4583c2b649698024ee0c1f1fce9db,{}
2026-09-10,10:00,options,USD.CNY,25D BF,3M,implied_vol_bid,0.09,pct,https://www.chinamoney.com.cn/chinese/bkcurvfqq/,2026-09-10T13:39:56+00:00,f67904a16017846eae98b7dd3c6ddd507ca4583c2b649698024ee0c1f1fce9db,{}
2026-09-10,10:00,options,USD.CNY,25D BF,3M,implied_vol_mid,0.09,pct,https://www.chinamoney.com.cn/chinese/bkcurvfqq/,2026-09-10T13:39:56+00:00,f67904a16017846eae98b7dd3c6ddd507ca4583c2b649698024ee0c1f1fce9db,{}
2026-09-10,10:00,options,USD.CNY,25D BF,3W,implied_vol_ask,0.05,pct,https://www.chinamoney.com.cn/chinese/bkcurvfqq/,2026-09-10T13:39:56+00:00,f67904a16017846eae98b7dd3c6ddd507ca4583c2b649698024ee0c1f1fce9db,{}
2026-09-10,10:00,options,USD.CNY,25D BF,3W,implied_vol_bid,0.05,pct,https://www.chinamoney.com.cn/chinese/bkcurvfqq/,2026-09-10T13:39:56+00:00,f67904a16017846eae98b7dd3c6ddd507ca4583c2b649698024ee0c1f1fce9db,{}
2026-09-10,10:00,options,USD.CNY,25D BF,3W,implied_vol_mid,0.05,pct,https://www.chinamoney.com.cn/chinese/bkcurvfqq/,2026-09-10T13:39:56+00:00,f67904a16017846eae98b7dd3c6ddd507ca4583c2b649698024ee0c1f1fce9db,{}
2026-09-10,10:00,options,USD.CNY,25D BF,3Y,implied_vol_ask,0.35,pct,https://www.chinamoney.com.cn/chinese/bkcurvfqq/,2026-09-10T13:39:56+00:00,f67904a16017846eae98b7dd3c6ddd507ca4583c2b649698024ee0c1f1fce9db,{}
2026-09-10,10:00,options,USD.CNY,25D BF,3Y,implied_vol_bid,0.1,pct,https://www.chinamoney.com.cn/chinese/bkcurvfqq/,2026-09-10T13:39:56+00:00,f67904a16017846eae98b7dd3c6ddd507ca4583c2b649698024ee0c1f1fce9db,{}
2026-09-10,10:00,options,USD.CNY,25D BF,3Y,implied_vol_mid,0.225,pct,https://www.chinamoney.com.cn/chinese/bkcurvfqq/,2026-09-10T13:39:56+00:00,f67904a16017846eae98b7dd3c6ddd507ca4583c2b649698024ee0c1f1fce9db,{}
2026-09-10,10:00,options,USD.CNY,25D BF,6M,implied_vol_ask,0.135,pct,https://www.chinamoney.com.cn/chinese/bkcurvfqq/,2026-09-10T13:39:56+00:00,f67904a16017846eae98b7dd3c6ddd507ca4583c2b649698024ee0c1f1fce9db,{}
2026-09-10,10:00,options,USD.CNY,25D BF,6M,implied_vol_bid,0.135,pct,https://www.chinamoney.com.cn/chinese/bkcurvfqq/,2026-09-10T13:39:56+00:00,f67904a16017846eae98b7dd3c6ddd507ca4583c2b649698024ee0c1f1fce9db,{}
2026-09-10,10:00,options,USD.CNY,25D BF,6M,implied_vol_mid,0.135,pct,https://www.chinamoney.com.cn/chinese/bkcurvfqq/,2026-09-10T13:39:56+00:00,f67904a16017846eae98b7dd3c6ddd507ca4583c2b649698024ee0c1f1fce9db,{}
2026-09-10,10:00,options,USD.CNY,25D BF,9M,implied_vol_ask,0.165,pct,https://www.chinamoney.com.cn/chinese/bkcurvfqq/,2026-09-10T13:39:56+00:00,f67904a16017846eae98b7dd3c6ddd507ca4583c2b649698024ee0c1f1fce9db,{}
2026-09-10,10:00,options,USD.CNY,25D BF,9M,implied_vol_bid,0.165,pct,https://www.chinamoney.com.cn/chinese/bkcurvfqq/,2026-09-10T13:39:56+00:00,f67904a16017846eae98b7dd3c6ddd507ca4583c2b649698024ee0c1f1fce9db,{}
2026-09-10,10:00,options,USD.CNY,25D BF,9M,implied_vol_mid,0.165,pct,https://www.chinamoney.com.cn/chinese/bkcurvfqq/,2026-09-10T13:39:56+00:00,f67904a16017846eae98b7dd3c6ddd507ca4583c2b649698024ee0c1f1fce9db,{}
2026-09-10,10:00,options,USD.CNY,25D RR,18M,implied_vol_ask,0.5,pct,https://www.chinamoney.com.cn/chinese/bkcurvfqq/,2026-09-10T13:39:56+00:00,d51e2922b3be76bfaa44f1b793e5284b5ebd73f0f92d3722e13471fa9af3d8e6,{}
2026-09-10,10:00,options,USD.CNY,25D RR,18M,implied_vol_bid,-0.5,pct,https://www.chinamoney.com.cn/chinese/bkcurvfqq/,2026-09-10T13:39:56+00:00,d51e2922b3be76bfaa44f1b793e5284b5ebd73f0f92d3722e13471fa9af3d8e6,{}
2026-09-10,10:00,options,USD.CNY,25D RR,18M,implied_vol_mid,0.0,pct,https://www.chinamoney.com.cn/chinese/bkcurvfqq/,2026-09-10T13:39:56+00:00,d51e2922b3be76bfaa44f1b793e5284b5ebd73f0f92d3722e13471fa9af3d8e6,{}
2026-09-10,10:00,options,USD.CNY,25D RR,1D,implied_vol_ask,-0.05,pct,https://www.chinamoney.com.cn/chinese/bkcurvfqq/,2026-09-10T13:39:56+00:00,d51e2922b3be76bfaa44f1b793e5284b5ebd73f0f92d3722e13471fa9af3d8e6,{}
2026-09-10,10:00,options,USD.CNY,25D RR,1D,implied_vol_bid,-0.05,pct,https://www.chinamoney.com.cn/chinese/bkcurvfqq/,2026-09-10T13:39:56+00:00,d51e2922b3be76bfaa44f1b793e5284b5ebd73f0f92d3722e13471fa9af3d8e6,{}
2026-09-10,10:00,options,USD.CNY,25D RR,1D,implied_vol_mid,-0.05,pct,https://www.chinamoney.com.cn/chinese/bkcurvfqq/,2026-09-10T13:39:56+00:00,d51e2922b3be76bfaa44f1b793e5284b5ebd73f0f92d3722e13471fa9af3d8e6,{}
2026-09-10,10:00,options,USD.CNY,25D RR,1M,implied_vol_ask,-0.05,pct,https://www.chinamoney.com.cn/chinese/bkcurvfqq/,2026-09-10T13:39:56+00:00,d51e2922b3be76bfaa44f1b793e5284b5ebd73f0f92d3722e13471fa9af3d8e6,{}
2026-09-10,10:00,options,USD.CNY,25D RR,1M,implied_vol_bid,-0.05,pct,https://www.chinamoney.com.cn/chinese/bkcurvfqq/,2026-09-10T13:39:56+00:00,d51e2922b3be76bfaa44f1b793e5284b5ebd73f0f92d3722e13471fa9af3d8e6,{}
2026-09-10,10:00,options,USD.CNY,25D RR,1M,implied_vol_mid,-0.05,pct,https://www.chinamoney.com.cn/chinese/bkcurvfqq/,2026-09-10T13:39:56+00:00,d51e2922b3be76bfaa44f1b793e5284b5ebd73f0f92d3722e13471fa9af3d8e6,{}
2026-09-10,10:00,options,USD.CNY,25D RR,1W,implied_vol_ask,0.3,pct,https://www.chinamoney.com.cn/chinese/bkcurvfqq/,2026-09-10T13:39:56+00:00,d51e2922b3be76bfaa44f1b793e5284b5ebd73f0f92d3722e13471fa9af3d8e6,{}
2026-09-10,10:00,options,USD.CNY,25D RR,1W,implied_vol_bid,-0.5,pct,https://www.chinamoney.com.cn/chinese/bkcurvfqq/,2026-09-10T13:39:56+00:00,d51e2922b3be76bfaa44f1b793e5284b5ebd73f0f92d3722e13471fa9af3d8e6,{}
2026-09-10,10:00,options,USD.CNY,25D RR,1W,implied_vol_mid,-0.1,pct,https://www.chinamoney.com.cn/chinese/bkcurvfqq/,2026-09-10T13:39:56+00:00,d51e2922b3be76bfaa44f1b793e5284b5ebd73f0f92d3722e13471fa9af3d8e6,{}
2026-09-10,10:00,options,USD.CNY,25D RR,1Y,implied_vol_ask,-0.025,pct,https://www.chinamoney.com.cn/chinese/bkcurvfqq/,2026-09-10T13:39:56+00:00,d51e2922b3be76bfaa44f1b793e5284b5ebd73f0f92d3722e13471fa9af3d8e6,{}
2026-09-10,10:00,options,USD.CNY,25D RR,1Y,implied_vol_bid,-0.025,pct,https://www.chinamoney.com.cn/chinese/bkcurvfqq/,2026-09-10T13:39:56+00:00,d51e2922b3be76bfaa44f1b793e5284b5ebd73f0f92d3722e13471fa9af3d8e6,{}
2026-09-10,10:00,options,USD.CNY,25D RR,1Y,implied_vol_mid,-0.025,pct,https://www.chinamoney.com.cn/chinese/bkcurvfqq/,2026-09-10T13:39:56+00:00,d51e2922b3be76bfaa44f1b793e5284b5ebd73f0f92d3722e13471fa9af3d8e6,{}
2026-09-10,10:00,options,USD.CNY,25D RR,2M,implied_vol_ask,-0.05,pct,https://www.chinamoney.com.cn/chinese/bkcurvfqq/,2026-09-10T13:39:56+00:00,d51e2922b3be76bfaa44f1b793e5284b5ebd73f0f92d3722e13471fa9af3d8e6,{}
2026-09-10,10:00,options,USD.CNY,25D RR,2M,implied_vol_bid,-0.05,pct,https://www.chinamoney.com.cn/chinese/bkcurvfqq/,2026-09-10T13:39:56+00:00,d51e2922b3be76bfaa44f1b793e5284b5ebd73f0f92d3722e13471fa9af3d8e6,{}
2026-09-10,10:00,options,USD.CNY,25D RR,2M,implied_vol_mid,-0.05,pct,https://www.chinamoney.com.cn/chinese/bkcurvfqq/,2026-09-10T13:39:56+00:00,d51e2922b3be76bfaa44f1b793e5284b5ebd73f0f92d3722e13471fa9af3d8e6,{}
2026-09-10,10:00,options,USD.CNY,25D RR,2W,implied_vol_ask,-0.1318,pct,https://www.chinamoney.com.cn/chinese/bkcurvfqq/,2026-09-10T13:39:56+00:00,d51e2922b3be76bfaa44f1b793e5284b5ebd73f0f92d3722e13471fa9af3d8e6,{}
2026-09-10,10:00,options,USD.CNY,25D RR,2W,implied_vol_bid,-0.1318,pct,https://www.chinamoney.com.cn/chinese/bkcurvfqq/,2026-09-10T13:39:56+00:00,d51e2922b3be76bfaa44f1b793e5284b5ebd73f0f92d3722e13471fa9af3d8e6,{}
2026-09-10,10:00,options,USD.CNY,25D RR,2W,implied_vol_mid,-0.1318,pct,https://www.chinamoney.com.cn/chinese/bkcurvfqq/,2026-09-10T13:39:56+00:00,d51e2922b3be76bfaa44f1b793e5284b5ebd73f0f92d3722e13471fa9af3d8e6,{}
2026-09-10,10:00,options,USD.CNY,25D RR,2Y,implied_vol_ask,0.5,pct,https://www.chinamoney.com.cn/chinese/bkcurvfqq/,2026-09-10T13:39:56+00:00,d51e2922b3be76bfaa44f1b793e5284b5ebd73f0f92d3722e13471fa9af3d8e6,{}
2026-09-10,10:00,options,USD.CNY,25D RR,2Y,implied_vol_bid,-0.5,pct,https://www.chinamoney.com.cn/chinese/bkcurvfqq/,2026-09-10T13:39:56+00:00,d51e2922b3be76bfaa44f1b793e5284b5ebd73f0f92d3722e13471fa9af3d8e6,{}
2026-09-10,10:00,options,USD.CNY,25D RR,2Y,implied_vol_mid,0.0,pct,https://www.chinamoney.com.cn/chinese/bkcurvfqq/,2026-09-10T13:39:56+00:00,d51e2922b3be76bfaa44f1b793e5284b5ebd73f0f92d3722e13471fa9af3d8e6,{}
2026-09-10,10:00,options,USD.CNY,25D RR,3M,implied_vol_ask,-0.044,pct,https://www.chinamoney.com.cn/chinese/bkcurvfqq/,2026-09-10T13:39:56+00:00,d51e2922b3be76bfaa44f1b793e5284b5ebd73f0f92d3722e13471fa9af3d8e6,{}
2026-09-10,10:00,options,USD.CNY,25D RR,3M,implied_vol_bid,-0.044,pct,https://www.chinamoney.com.cn/chinese/bkcurvfqq/,2026-09-10T13:39:56+00:00,d51e2922b3be76bfaa44f1b793e5284b5ebd73f0f92d3722e13471fa9af3d8e6,{}
2026-09-10,10:00,options,USD.CNY,25D RR,3M,implied_vol_mid,-0.044,pct,https://www.chinamoney.com.cn/chinese/bkcurvfqq/,2026-09-10T13:39:56+00:00,d51e2922b3be76bfaa44f1b793e5284b5ebd73f0f92d3722e13471fa9af3d8e6,{}
2026-09-10,10:00,options,USD.CNY,25D RR,3W,implied_vol_ask,-0.1,pct,https://www.chinamoney.com.cn/chinese/bkcurvfqq/,2026-09-10T13:39:56+00:00,d51e2922b3be76bfaa44f1b793e5284b5ebd73f0f92d3722e13471fa9af3d8e6,{}
2026-09-10,10:00,options,USD.CNY,25D RR,3W,implied_vol_bid,-0.1,pct,https://www.chinamoney.com.cn/chinese/bkcurvfqq/,2026-09-10T13:39:56+00:00,d51e2922b3be76bfaa44f1b793e5284b5ebd73f0f92d3722e13471fa9af3d8e6,{}
2026-09-10,10:00,options,USD.CNY,25D RR,3W,implied_vol_mid,-0.1,pct,https://www.chinamoney.com.cn/chinese/bkcurvfqq/,2026-09-10T13:39:56+00:00,d51e2922b3be76bfaa44f1b793e5284b5ebd73f0f92d3722e13471fa9af3d8e6,{}
2026-09-10,10:00,options,USD.CNY,25D RR,3Y,implied_vol_ask,0.5,pct,https://www.chinamoney.com.cn/chinese/bkcurvfqq/,2026-09-10T13:39:56+00:00,d51e2922b3be76bfaa44f1b793e5284b5ebd73f0f92d3722e13471fa9af3d8e6,{}
2026-09-10,10:00,options,USD.CNY,25D RR,3Y,implied_vol_bid,-0.5,pct,https://www.chinamoney.com.cn/chinese/bkcurvfqq/,2026-09-10T13:39:56+00:00,d51e2922b3be76bfaa44f1b793e5284b5ebd73f0f92d3722e13471fa9af3d8e6,{}
2026-09-10,10:00,options,USD.CNY,25D RR,3Y,implied_vol_mid,0.0,pct,https://www.chinamoney.com.cn/chinese/bkcurvfqq/,2026-09-10T13:39:56+00:00,d51e2922b3be76bfaa44f1b793e5284b5ebd73f0f92d3722e13471fa9af3d8e6,{}
2026-09-10,10:00,options,USD.CNY,25D RR,6M,implied_vol_ask,-0.025,pct,https://www.chinamoney.com.cn/chinese/bkcurvfqq/,2026-09-10T13:39:56+00:00,d51e2922b3be76bfaa44f1b793e5284b5ebd73f0f92d3722e13471fa9af3d8e6,{}
2026-09-10,10:00,options,USD.CNY,25D RR,6M,implied_vol_bid,-0.025,pct,https://www.chinamoney.com.cn/chinese/bkcurvfqq/,2026-09-10T13:39:56+00:00,d51e2922b3be76bfaa44f1b793e5284b5ebd73f0f92d3722e13471fa9af3d8e6,{}
2026-09-10,10:00,options,USD.CNY,25D RR,6M,implied_vol_mid,-0.025,pct,https://www.chinamoney.com.cn/chinese/bkcurvfqq/,2026-09-10T13:39:56+00:00,d51e2922b3be76bfaa44f1b793e5284b5ebd73f0f92d3722e13471fa9af3d8e6,{}
2026-09-10,10:00,options,USD.CNY,25D RR,9M,implied_vol_ask,-0.025,pct,https://www.chinamoney.com.cn/chinese/bkcurvfqq/,2026-09-10T13:39:56+00:00,d51e2922b3be76bfaa44f1b793e5284b5ebd73f0f92d3722e13471fa9af3d8e6,{}
2026-09-10,10:00,options,USD.CNY,25D RR,9M,implied_vol_bid,-0.025,pct,https://www.chinamoney.com.cn/chinese/bkcurvfqq/,2026-09-10T13:39:56+00:00,d51e2922b3be76bfaa44f1b793e5284b5ebd73f0f92d3722e13471fa9af3d8e6,{}
2026-09-10,10:00,options,USD.CNY,25D RR,9M,implied_vol_mid,-0.025,pct,https://www.chinamoney.com.cn/chinese/bkcurvfqq/,2026-09-10T13:39:56+00:00,d51e2922b3be76bfaa44f1b793e5284b5ebd73f0f92d3722e13471fa9af3d8e6,{}
2026-09-10,10:00,options,USD.CNY,ATM,18M,implied_vol_ask,3.4,pct,https://www.chinamoney.com.cn/chinese/bkcurvfqq/,2026-09-10T13:39:56+00:00,3de57a04c4576d958c532abfefb1cb732456bb985b8b6ac1a12a07d2da614309,{}
2026-09-10,10:00,options,USD.CNY,ATM,18M,implied_vol_bid,3.0,pct,https://www.chinamoney.com.cn/chinese/bkcurvfqq/,2026-09-10T13:39:56+00:00,3de57a04c4576d958c532abfefb1cb732456bb985b8b6ac1a12a07d2da614309,{}
2026-09-10,10:00,options,USD.CNY,ATM,18M,implied_vol_mid,3.2,pct,https://www.chinamoney.com.cn/chinese/bkcurvfqq/,2026-09-10T13:39:56+00:00,3de57a04c4576d958c532abfefb1cb732456bb985b8b6ac1a12a07d2da614309,{}
2026-09-10,10:00,options,USD.CNY,ATM,1D,implied_vol_ask,1.5,pct,https://www.chinamoney.com.cn/chinese/bkcurvfqq/,2026-09-10T13:39:56+00:00,3de57a04c4576d958c532abfefb1cb732456bb985b8b6ac1a12a07d2da614309,{}
2026-09-10,10:00,options,USD.CNY,ATM,1D,implied_vol_bid,1.5,pct,https://www.chinamoney.com.cn/chinese/bkcurvfqq/,2026-09-10T13:39:56+00:00,3de57a04c4576d958c532abfefb1cb732456bb985b8b6ac1a12a07d2da614309,{}
2026-09-10,10:00,options,USD.CNY,ATM,1D,implied_vol_mid,1.5,pct,https://www.chinamoney.com.cn/chinese/bkcurvfqq/,2026-09-10T13:39:56+00:00,3de57a04c4576d958c532abfefb1cb732456bb985b8b6ac1a12a07d2da614309,{}
2026-09-10,10:00,options,USD.CNY,ATM,1M,implied_vol_ask,1.675,pct,https://www.chinamoney.com.cn/chinese/bkcurvfqq/,2026-09-10T13:39:56+00:00,3de57a04c4576d958c532abfefb1cb732456bb985b8b6ac1a12a07d2da614309,{}
2026-09-10,10:00,options,USD.CNY,ATM,1M,implied_vol_bid,1.675,pct,https://www.chinamoney.com.cn/chinese/bkcurvfqq/,2026-09-10T13:39:56+00:00,3de57a04c4576d958c532abfefb1cb732456bb985b8b6ac1a12a07d2da614309,{}
2026-09-10,10:00,options,USD.CNY,ATM,1M,implied_vol_mid,1.675,pct,https://www.chinamoney.com.cn/chinese/bkcurvfqq/,2026-09-10T13:39:56+00:00,3de57a04c4576d958c532abfefb1cb732456bb985b8b6ac1a12a07d2da614309,{}
2026-09-10,10:00,options,USD.CNY,ATM,1W,implied_vol_ask,1.8,pct,https://www.chinamoney.com.cn/chinese/bkcurvfqq/,2026-09-10T13:39:56+00:00,3de57a04c4576d958c532abfefb1cb732456bb985b8b6ac1a12a07d2da614309,{}
2026-09-10,10:00,options,USD.CNY,ATM,1W,implied_vol_bid,1.5,pct,https://www.chinamoney.com.cn/chinese/bkcurvfqq/,2026-09-10T13:39:56+00:00,3de57a04c4576d958c532abfefb1cb732456bb985b8b6ac1a12a07d2da614309,{}
2026-09-10,10:00,options,USD.CNY,ATM,1W,implied_vol_mid,1.65,pct,https://www.chinamoney.com.cn/chinese/bkcurvfqq/,2026-09-10T13:39:56+00:00,3de57a04c4576d958c532abfefb1cb732456bb985b8b6ac1a12a07d2da614309,{}
2026-09-10,10:00,options,USD.CNY,ATM,1Y,implied_vol_ask,3.08,pct,https://www.chinamoney.com.cn/chinese/bkcurvfqq/,2026-09-10T13:39:56+00:00,3de57a04c4576d958c532abfefb1cb732456bb985b8b6ac1a12a07d2da614309,{}
2026-09-10,10:00,options,USD.CNY,ATM,1Y,implied_vol_bid,3.08,pct,https://www.chinamoney.com.cn/chinese/bkcurvfqq/,2026-09-10T13:39:56+00:00,3de57a04c4576d958c532abfefb1cb732456bb985b8b6ac1a12a07d2da614309,{}
2026-09-10,10:00,options,USD.CNY,ATM,1Y,implied_vol_mid,3.08,pct,https://www.chinamoney.com.cn/chinese/bkcurvfqq/,2026-09-10T13:39:56+00:00,3de57a04c4576d958c532abfefb1cb732456bb985b8b6ac1a12a07d2da614309,{}
2026-09-10,10:00,options,USD.CNY,ATM,2M,implied_vol_ask,1.975,pct,https://www.chinamoney.com.cn/chinese/bkcurvfqq/,2026-09-10T13:39:56+00:00,3de57a04c4576d958c532abfefb1cb732456bb985b8b6ac1a12a07d2da614309,{}
2026-09-10,10:00,options,USD.CNY,ATM,2M,implied_vol_bid,1.975,pct,https://www.chinamoney.com.cn/chinese/bkcurvfqq/,2026-09-10T13:39:56+00:00,3de57a04c4576d958c532abfefb1cb732456bb985b8b6ac1a12a07d2da614309,{}
2026-09-10,10:00,options,USD.CNY,ATM,2M,implied_vol_mid,1.975,pct,https://www.chinamoney.com.cn/chinese/bkcurvfqq/,2026-09-10T13:39:56+00:00,3de57a04c4576d958c532abfefb1cb732456bb985b8b6ac1a12a07d2da614309,{}
2026-09-10,10:00,options,USD.CNY,ATM,2W,implied_vol_ask,1.575,pct,https://www.chinamoney.com.cn/chinese/bkcurvfqq/,2026-09-10T13:39:56+00:00,3de57a04c4576d958c532abfefb1cb732456bb985b8b6ac1a12a07d2da614309,{}
2026-09-10,10:00,options,USD.CNY,ATM,2W,implied_vol_bid,1.575,pct,https://www.chinamoney.com.cn/chinese/bkcurvfqq/,2026-09-10T13:39:56+00:00,3de57a04c4576d958c532abfefb1cb732456bb985b8b6ac1a12a07d2da614309,{}
2026-09-10,10:00,options,USD.CNY,ATM,2W,implied_vol_mid,1.575,pct,https://www.chinamoney.com.cn/chinese/bkcurvfqq/,2026-09-10T13:39:56+00:00,3de57a04c4576d958c532abfefb1cb732456bb985b8b6ac1a12a07d2da614309,{}
2026-09-10,10:00,options,USD.CNY,ATM,2Y,implied_vol_ask,3.6,pct,https://www.chinamoney.com.cn/chinese/bkcurvfqq/,2026-09-10T13:39:56+00:00,3de57a04c4576d958c532abfefb1cb732456bb985b8b6ac1a12a07d2da614309,{}
2026-09-10,10:00,options,USD.CNY,ATM,2Y,implied_vol_bid,3.15,pct,https://www.chinamoney.com.cn/chinese/bkcurvfqq/,2026-09-10T13:39:56+00:00,3de57a04c4576d958c532abfefb1cb732456bb985b8b6ac1a12a07d2da614309,{}
2026-09-10,10:00,options,USD.CNY,ATM,2Y,implied_vol_mid,3.375,pct,https://www.chinamoney.com.cn/chinese/bkcurvfqq/,2026-09-10T13:39:56+00:00,3de57a04c4576d958c532abfefb1cb732456bb985b8b6ac1a12a07d2da614309,{}
2026-09-10,10:00,options,USD.CNY,ATM,3M,implied_vol_ask,2.1569,pct,https://www.chinamoney.com.cn/chinese/bkcurvfqq/,2026-09-10T13:39:56+00:00,3de57a04c4576d958c532abfefb1cb732456bb985b8b6ac1a12a07d2da614309,{}
2026-09-10,10:00,options,USD.CNY,ATM,3M,implied_vol_bid,2.1569,pct,https://www.chinamoney.com.cn/chinese/bkcurvfqq/,2026-09-10T13:39:56+00:00,3de57a04c4576d958c532abfefb1cb732456bb985b8b6ac1a12a07d2da614309,{}
2026-09-10,10:00,options,USD.CNY,ATM,3M,implied_vol_mid,2.1569,pct,https://www.chinamoney.com.cn/chinese/bkcurvfqq/,2026-09-10T13:39:56+00:00,3de57a04c4576d958c532abfefb1cb732456bb985b8b6ac1a12a07d2da614309,{}
2026-09-10,10:00,options,USD.CNY,ATM,3W,implied_vol_ask,1.575,pct,https://www.chinamoney.com.cn/chinese/bkcurvfqq/,2026-09-10T13:39:56+00:00,3de57a04c4576d958c532abfefb1cb732456bb985b8b6ac1a12a07d2da614309,{}
2026-09-10,10:00,options,USD.CNY,ATM,3W,implied_vol_bid,1.575,pct,https://www.chinamoney.com.cn/chinese/bkcurvfqq/,2026-09-10T13:39:56+00:00,3de57a04c4576d958c532abfefb1cb732456bb985b8b6ac1a12a07d2da614309,{}
2026-09-10,10:00,options,USD.CNY,ATM,3W,implied_vol_mid,1.575,pct,https://www.chinamoney.com.cn/chinese/bkcurvfqq/,2026-09-10T13:39:56+00:00,3de57a04c4576d958c532abfefb1cb732456bb985b8b6ac1a12a07d2da614309,{}
2026-09-10,10:00,options,USD.CNY,ATM,3Y,implied_vol_ask,3.8,pct,https://www.chinamoney.com.cn/chinese/bkcurvfqq/,2026-09-10T13:39:56+00:00,3de57a04c4576d958c532abfefb1cb732456bb985b8b6ac1a12a07d2da614309,{}
2026-09-10,10:00,options,USD.CNY,ATM,3Y,implied_vol_bid,3.25,pct,https://www.chinamoney.com.cn/chinese/bkcurvfqq/,2026-09-10T13:39:56+00:00,3de57a04c4576d958c532abfefb1cb732456bb985b8b6ac1a12a07d2da614309,{}
2026-09-10,10:00,options,USD.CNY,ATM,3Y,implied_vol_mid,3.525,pct,https://www.chinamoney.com.cn/chinese/bkcurvfqq/,2026-09-10T13:39:56+00:00,3de57a04c4576d958c532abfefb1cb732456bb985b8b6ac1a12a07d2da614309,{}
2026-09-10,10:00,options,USD.CNY,ATM,6M,implied_vol_ask,2.5875,pct,https://www.chinamoney.com.cn/chinese/bkcurvfqq/,2026-09-10T13:39:56+00:00,3de57a04c4576d958c532abfefb1cb732456bb985b8b6ac1a12a07d2da614309,{}
2026-09-10,10:00,options,USD.CNY,ATM,6M,implied_vol_bid,2.5875,pct,https://www.chinamoney.com.cn/chinese/bkcurvfqq/,2026-09-10T13:39:56+00:00,3de57a04c4576d958c532abfefb1cb732456bb985b8b6ac1a12a07d2da614309,{}
2026-09-10,10:00,options,USD.CNY,ATM,6M,implied_vol_mid,2.5875,pct,https://www.chinamoney.com.cn/chinese/bkcurvfqq/,2026-09-10T13:39:56+00:00,3de57a04c4576d958c532abfefb1cb732456bb985b8b6ac1a12a07d2da614309,{}
2026-09-10,10:00,options,USD.CNY,ATM,9M,implied_vol_ask,2.8807,pct,https://www.chinamoney.com.cn/chinese/bkcurvfqq/,2026-09-10T13:39:56+00:00,3de57a04c4576d958c532abfefb1cb732456bb985b8b6ac1a12a07d2da614309,{}
2026-09-10,10:00,options,USD.CNY,ATM,9M,implied_vol_bid,2.8807,pct,https://www.chinamoney.com.cn/chinese/bkcurvfqq/,2026-09-10T13:39:56+00:00,3de57a04c4576d958c532abfefb1cb732456bb985b8b6ac1a12a07d2da614309,{}
2026-09-10,10:00,options,USD.CNY,ATM,9M,implied_vol_mid,2.8807,pct,https://www.chinamoney.com.cn/chinese/bkcurvfqq/,2026-09-10T13:39:56+00:00,3de57a04c4576d958c532abfefb1cb732456bb985b8b6ac1a12a07d2da614309,{}
2026-09-10,14:00,reference_rate,USD/CNY,,,reference_rate_14,6.7076,rate,https://www.chinamoney.com.cn/ags/ms/cm-u-bk-fx/RefRateHis,2026-09-10T13:39:56+00:00,2574aba64179bb96242b63ee056b32dfc0010372e50e8f32f4b0d31dce7d839d,"{""14:00"": ""6.7076"", ""原始日期"": ""10 Sep 2026"", ""货币对"": ""USD/CNY""}"
2026-09-10,16:30,swaps,USD.CNY,,18M,forward_all_in,6.4231,rate,https://www.chinamoney.com.cn/chinese/bkcurvfsw/,2026-09-10T13:39:56+00:00,a028f9c5e820f7629457f0b0af783860f6566643c584d00168883d23feeda93a,{}
2026-09-10,16:30,swaps,USD.CNY,,18M,swap_points,-2832.5,pips,https://www.chinamoney.com.cn/chinese/bkcurvfsw/,2026-09-10T13:39:56+00:00,a028f9c5e820f7629457f0b0af783860f6566643c584d00168883d23feeda93a,{}
2026-09-10,16:30,swaps,USD.CNY,,1M,forward_all_in,6.6923,rate,https://www.chinamoney.com.cn/chinese/bkcurvfsw/,2026-09-10T13:39:56+00:00,a028f9c5e820f7629457f0b0af783860f6566643c584d00168883d23feeda93a,{}
2026-09-10,16:30,swaps,USD.CNY,,1M,swap_points,-140.6,pips,https://www.chinamoney.com.cn/chinese/bkcurvfsw/,2026-09-10T13:39:56+00:00,a028f9c5e820f7629457f0b0af783860f6566643c584d00168883d23feeda93a,{}
2026-09-10,16:30,swaps,USD.CNY,,1W,forward_all_in,6.7031,rate,https://www.chinamoney.com.cn/chinese/bkcurvfsw/,2026-09-10T13:39:56+00:00,a028f9c5e820f7629457f0b0af783860f6566643c584d00168883d23feeda93a,{}
2026-09-10,16:30,swaps,USD.CNY,,1W,swap_points,-32.1,pips,https://www.chinamoney.com.cn/chinese/bkcurvfsw/,2026-09-10T13:39:56+00:00,a028f9c5e820f7629457f0b0af783860f6566643c584d00168883d23feeda93a,{}
2026-09-10,16:30,swaps,USD.CNY,,1Y,forward_all_in,6.5208,rate,https://www.chinamoney.com.cn/chinese/bkcurvfsw/,2026-09-10T13:39:56+00:00,a028f9c5e820f7629457f0b0af783860f6566643c584d00168883d23feeda93a,{}
2026-09-10,16:30,swaps,USD.CNY,,1Y,swap_points,-1855.99,pips,https://www.chinamoney.com.cn/chinese/bkcurvfsw/,2026-09-10T13:39:56+00:00,a028f9c5e820f7629457f0b0af783860f6566643c584d00168883d23feeda93a,{}
2026-09-10,16:30,swaps,USD.CNY,,2M,forward_all_in,6.6765,rate,https://www.chinamoney.com.cn/chinese/bkcurvfsw/,2026-09-10T13:39:56+00:00,a028f9c5e820f7629457f0b0af783860f6566643c584d00168883d23feeda93a,{}
2026-09-10,16:30,swaps,USD.CNY,,2M,swap_points,-298.5,pips,https://www.chinamoney.com.cn/chinese/bkcurvfsw/,2026-09-10T13:39:56+00:00,a028f9c5e820f7629457f0b0af783860f6566643c584d00168883d23feeda93a,{}
2026-09-10,16:30,swaps,USD.CNY,,2W,forward_all_in,6.6999,rate,https://www.chinamoney.com.cn/chinese/bkcurvfsw/,2026-09-10T13:39:56+00:00,a028f9c5e820f7629457f0b0af783860f6566643c584d00168883d23feeda93a,{}
2026-09-10,16:30,swaps,USD.CNY,,2W,swap_points,-64.5,pips,https://www.chinamoney.com.cn/chinese/bkcurvfsw/,2026-09-10T13:39:56+00:00,a028f9c5e820f7629457f0b0af783860f6566643c584d00168883d23feeda93a,{}
2026-09-10,16:30,swaps,USD.CNY,,2Y,forward_all_in,6.3254,rate,https://www.chinamoney.com.cn/chinese/bkcurvfsw/,2026-09-10T13:39:56+00:00,a028f9c5e820f7629457f0b0af783860f6566643c584d00168883d23feeda93a,{}
2026-09-10,16:30,swaps,USD.CNY,,2Y,swap_points,-3810.0,pips,https://www.chinamoney.com.cn/chinese/bkcurvfsw/,2026-09-10T13:39:56+00:00,a028f9c5e820f7629457f0b0af783860f6566643c584d00168883d23feeda93a,{}
2026-09-10,16:30,swaps,USD.CNY,,3M,forward_all_in,6.663,rate,https://www.chinamoney.com.cn/chinese/bkcurvfsw/,2026-09-10T13:39:56+00:00,a028f9c5e820f7629457f0b0af783860f6566643c584d00168883d23feeda93a,{}
2026-09-10,16:30,swaps,USD.CNY,,3M,swap_points,-433.9,pips,https://www.chinamoney.com.cn/chinese/bkcurvfsw/,2026-09-10T13:39:56+00:00,a028f9c5e820f7629457f0b0af783860f6566643c584d00168883d23feeda93a,{}
2026-09-10,16:30,swaps,USD.CNY,,3W,forward_all_in,6.6951,rate,https://www.chinamoney.com.cn/chinese/bkcurvfsw/,2026-09-10T13:39:56+00:00,a028f9c5e820f7629457f0b0af783860f6566643c584d00168883d23feeda93a,{}
2026-09-10,16:30,swaps,USD.CNY,,3W,swap_points,-112.5,pips,https://www.chinamoney.com.cn/chinese/bkcurvfsw/,2026-09-10T13:39:56+00:00,a028f9c5e820f7629457f0b0af783860f6566643c584d00168883d23feeda93a,{}
2026-09-10,16:30,swaps,USD.CNY,,3Y,forward_all_in,6.1414,rate,https://www.chinamoney.com.cn/chinese/bkcurvfsw/,2026-09-10T13:39:56+00:00,a028f9c5e820f7629457f0b0af783860f6566643c584d00168883d23feeda93a,{}
2026-09-10,16:30,swaps,USD.CNY,,3Y,swap_points,-5650.0,pips,https://www.chinamoney.com.cn/chinese/bkcurvfsw/,2026-09-10T13:39:56+00:00,a028f9c5e820f7629457f0b0af783860f6566643c584d00168883d23feeda93a,{}
2026-09-10,16:30,swaps,USD.CNY,,4M,forward_all_in,6.6474,rate,https://www.chinamoney.com.cn/chinese/bkcurvfsw/,2026-09-10T13:39:56+00:00,a028f9c5e820f7629457f0b0af783860f6566643c584d00168883d23feeda93a,{}
2026-09-10,16:30,swaps,USD.CNY,,4M,swap_points,-590.0,pips,https://www.chinamoney.com.cn/chinese/bkcurvfsw/,2026-09-10T13:39:56+00:00,a028f9c5e820f7629457f0b0af783860f6566643c584d00168883d23feeda93a,{}
2026-09-10,16:30,swaps,USD.CNY,,4Y,forward_all_in,5.9664,rate,https://www.chinamoney.com.cn/chinese/bkcurvfsw/,2026-09-10T13:39:56+00:00,a028f9c5e820f7629457f0b0af783860f6566643c584d00168883d23feeda93a,{}
2026-09-10,16:30,swaps,USD.CNY,,4Y,swap_points,-7400.0,pips,https://www.chinamoney.com.cn/chinese/bkcurvfsw/,2026-09-10T13:39:56+00:00,a028f9c5e820f7629457f0b0af783860f6566643c584d00168883d23feeda93a,{}
2026-09-10,16:30,swaps,USD.CNY,,5M,forward_all_in,6.6309,rate,https://www.chinamoney.com.cn/chinese/bkcurvfsw/,2026-09-10T13:39:56+00:00,a028f9c5e820f7629457f0b0af783860f6566643c584d00168883d23feeda93a,{}
2026-09-10,16:30,swaps,USD.CNY,,5M,swap_points,-755.0,pips,https://www.chinamoney.com.cn/chinese/bkcurvfsw/,2026-09-10T13:39:56+00:00,a028f9c5e820f7629457f0b0af783860f6566643c584d00168883d23feeda93a,{}
2026-09-10,16:30,swaps,USD.CNY,,5Y,forward_all_in,5.7864,rate,https://www.chinamoney.com.cn/chinese/bkcurvfsw/,2026-09-10T13:39:56+00:00,a028f9c5e820f7629457f0b0af783860f6566643c584d00168883d23feeda93a,{}
2026-09-10,16:30,swaps,USD.CNY,,5Y,swap_points,-9200.0,pips,https://www.chinamoney.com.cn/chinese/bkcurvfsw/,2026-09-10T13:39:56+00:00,a028f9c5e820f7629457f0b0af783860f6566643c584d00168883d23feeda93a,{}
2026-09-10,16:30,swaps,USD.CNY,,6M,forward_all_in,6.6174,rate,https://www.chinamoney.com.cn/chinese/bkcurvfsw/,2026-09-10T13:39:56+00:00,a028f9c5e820f7629457f0b0af783860f6566643c584d00168883d23feeda93a,{}
2026-09-10,16:30,swaps,USD.CNY,,6M,swap_points,-889.5,pips,https://www.chinamoney.com.cn/chinese/bkcurvfsw/,2026-09-10T13:39:56+00:00,a028f9c5e820f7629457f0b0af783860f6566643c584d00168883d23feeda93a,{}
2026-09-10,16:30,swaps,USD.CNY,,9M,forward_all_in,6.5699,rate,https://www.chinamoney.com.cn/chinese/bkcurvfsw/,2026-09-10T13:39:56+00:00,a028f9c5e820f7629457f0b0af783860f6566643c584d00168883d23feeda93a,{}
2026-09-10,16:30,swaps,USD.CNY,,9M,swap_points,-1365.0,pips,https://www.chinamoney.com.cn/chinese/bkcurvfsw/,2026-09-10T13:39:56+00:00,a028f9c5e820f7629457f0b0af783860f6566643c584d00168883d23feeda93a,{}
2026-09-10,16:30,swaps,USD.CNY,,ON,forward_all_in,6.7081,rate,https://www.chinamoney.com.cn/chinese/bkcurvfsw/,2026-09-10T13:39:56+00:00,a028f9c5e820f7629457f0b0af783860f6566643c584d00168883d23feeda93a,{}
2026-09-10,16:30,swaps,USD.CNY,,ON,swap_points,-4.0,pips,https://www.chinamoney.com.cn/chinese/bkcurvfsw/,2026-09-10T13:39:56+00:00,a028f9c5e820f7629457f0b0af783860f6566643c584d00168883d23feeda93a,{}
2026-09-10,16:30,swaps,USD.CNY,,SN,forward_all_in,6.7059,rate,https://www.chinamoney.com.cn/chinese/bkcurvfsw/,2026-09-10T13:39:56+00:00,a028f9c5e820f7629457f0b0af783860f6566643c584d00168883d23feeda93a,{}
2026-09-10,16:30,swaps,USD.CNY,,SN,swap_points,-4.48,pips,https://www.chinamoney.com.cn/chinese/bkcurvfsw/,2026-09-10T13:39:56+00:00,a028f9c5e820f7629457f0b0af783860f6566643c584d00168883d23feeda93a,{}
2026-09-10,16:30,swaps,USD.CNY,,TN,forward_all_in,6.7077,rate,https://www.chinamoney.com.cn/chinese/bkcurvfsw/,2026-09-10T13:39:56+00:00,a028f9c5e820f7629457f0b0af783860f6566643c584d00168883d23feeda93a,{}
2026-09-10,16:30,swaps,USD.CNY,,TN,swap_points,-13.48,pips,https://www.chinamoney.com.cn/chinese/bkcurvfsw/,2026-09-10T13:39:56+00:00,a028f9c5e820f7629457f0b0af783860f6566643c584d00168883d23feeda93a,{}
2026-09-11,,implied_rates,USD,,18M,implied_usd_rate,4.4384,pct,https://www.chinamoney.com.cn/chinese/bkcurvuir/,2026-09-11T13:38:01+00:00,668aed60411570f9040777a10ed887dca853cbe850e04c7d3b1023a162ff4edc,"{""人民币利率(%)"": ""1.4675"", ""即期汇率"": ""6.7743"", ""期限"": ""18M"", ""远/掉期点(Pips)"": ""-2950.00"", ""隐含利率(%)"": ""4.4384""}"
2026-09-11,,implied_rates,USD,,1D,implied_usd_rate,3.9024,pct,https://www.chinamoney.com.cn/chinese/bkcurvuir/,2026-09-11T13:38:01+00:00,668aed60411570f9040777a10ed887dca853cbe850e04c7d3b1023a162ff4edc,"{""人民币利率(%)"": ""1.4400"", ""即期汇率"": ""6.7743"", ""期限"": ""1D"", ""远/掉期点(Pips)"": ""-4.57"", ""隐含利率(%)"": ""3.9024""}"
2026-09-11,,implied_rates,USD,,1M,implied_usd_rate,4.0195,pct,https://www.chinamoney.com.cn/chinese/bkcurvuir/,2026-09-11T13:38:01+00:00,668aed60411570f9040777a10ed887dca853cbe850e04c7d3b1023a162ff4edc,"{""人民币利率(%)"": ""1.4395"", ""即期汇率"": ""6.7743"", ""期限"": ""1M"", ""远/掉期点(Pips)"": ""-143.50"", ""隐含利率(%)"": ""4.0195""}"
2026-09-11,,implied_rates,USD,,1W,implied_usd_rate,3.9474,pct,https://www.chinamoney.com.cn/chinese/bkcurvuir/,2026-09-11T13:38:01+00:00,668aed60411570f9040777a10ed887dca853cbe850e04c7d3b1023a162ff4edc,"{""人民币利率(%)"": ""1.4244"", ""即期汇率"": ""6.7743"", ""期限"": ""1W"", ""远/掉期点(Pips)"": ""-32.77"", ""隐含利率(%)"": ""3.9474""}"
2026-09-11,,implied_rates,USD,,1Y,implied_usd_rate,4.3546,pct,https://www.chinamoney.com.cn/chinese/bkcurvuir/,2026-09-11T13:38:01+00:00,668aed60411570f9040777a10ed887dca853cbe850e04c7d3b1023a162ff4edc,"{""人民币利率(%)"": ""1.4676"", ""即期汇率"": ""6.7743"", ""期限"": ""1Y"", ""远/掉期点(Pips)"": ""-1933.00"", ""隐含利率(%)"": ""4.3546""}"
2026-09-11,,implied_rates,USD,,2M,implied_usd_rate,4.05,pct,https://www.chinamoney.com.cn/chinese/bkcurvuir/,2026-09-11T13:38:01+00:00,668aed60411570f9040777a10ed887dca853cbe850e04c7d3b1023a162ff4edc,"{""人民币利率(%)"": ""1.4459"", ""即期汇率"": ""6.7743"", ""期限"": ""2M"", ""远/掉期点(Pips)"": ""-299.00"", ""隐含利率(%)"": ""4.0500""}"
2026-09-11,,implied_rates,USD,,2W,implied_usd_rate,3.9742,pct,https://www.chinamoney.com.cn/chinese/bkcurvuir/,2026-09-11T13:38:01+00:00,668aed60411570f9040777a10ed887dca853cbe850e04c7d3b1023a162ff4edc,"{""人民币利率(%)"": ""1.4287"", ""即期汇率"": ""6.7743"", ""期限"": ""2W"", ""远/掉期点(Pips)"": ""-66.11"", ""隐含利率(%)"": ""3.9742""}"
2026-09-11,,implied_rates,USD,,2Y,implied_usd_rate,4.4792,pct,https://www.chinamoney.com.cn/chinese/bkcurvuir/,2026-09-11T13:38:01+00:00,668aed60411570f9040777a10ed887dca853cbe850e04c7d3b1023a162ff4edc,"{""人民币利率(%)"": ""1.4676"", ""即期汇率"": ""6.7743"", ""期限"": ""2Y"", ""远/掉期点(Pips)"": ""-3965.00"", ""隐含利率(%)"": ""4.4792""}"
2026-09-11,,implied_rates,USD,,3M,implied_usd_rate,4.0793,pct,https://www.chinamoney.com.cn/chinese/bkcurvuir/,2026-09-11T13:38:01+00:00,668aed60411570f9040777a10ed887dca853cbe850e04c7d3b1023a162ff4edc,"{""人民币利率(%)"": ""1.4489"", ""即期汇率"": ""6.7743"", ""期限"": ""3M"", ""远/掉期点(Pips)"": ""-442.80"", ""隐含利率(%)"": ""4.0793""}"
2026-09-11,,implied_rates,USD,,3W,implied_usd_rate,4.0199,pct,https://www.chinamoney.com.cn/chinese/bkcurvuir/,2026-09-11T13:38:01+00:00,668aed60411570f9040777a10ed887dca853cbe850e04c7d3b1023a162ff4edc,"{""人民币利率(%)"": ""1.4362"", ""即期汇率"": ""6.7743"", ""期限"": ""3W"", ""远/掉期点(Pips)"": ""-110.20"", ""隐含利率(%)"": ""4.0199""}"
2026-09-11,,implied_rates,USD,,3Y,implied_usd_rate,4.4918,pct,https://www.chinamoney.com.cn/chinese/bkcurvuir/,2026-09-11T13:38:01+00:00,668aed60411570f9040777a10ed887dca853cbe850e04c7d3b1023a162ff4edc,"{""人民币利率(%)"": ""1.4895"", ""即期汇率"": ""6.7743"", ""期限"": ""3Y"", ""远/掉期点(Pips)"": ""-5850.00"", ""隐含利率(%)"": ""4.4918""}"
2026-09-11,,implied_rates,USD,,6M,implied_usd_rate,4.1872,pct,https://www.chinamoney.com.cn/chinese/bkcurvuir/,2026-09-11T13:38:01+00:00,668aed60411570f9040777a10ed887dca853cbe850e04c7d3b1023a162ff4edc,"{""人民币利率(%)"": ""1.4630"", ""即期汇率"": ""6.7743"", ""期限"": ""6M"", ""远/掉期点(Pips)"": ""-909.00"", ""隐含利率(%)"": ""4.1872""}"
2026-09-11,,implied_rates,USD,,9M,implied_usd_rate,4.2798,pct,https://www.chinamoney.com.cn/chinese/bkcurvuir/,2026-09-11T13:38:01+00:00,668aed60411570f9040777a10ed887dca853cbe850e04c7d3b1023a162ff4edc,"{""人民币利率(%)"": ""1.4676"", ""即期汇率"": ""6.7743"", ""期限"": ""9M"", ""远/掉期点(Pips)"": ""-1410.00"", ""隐含利率(%)"": ""4.2798""}"
2026-09-11,09:15,fixing,USD/CNY,,,fixing,6.7743,rate,https://www.chinamoney.com.cn/chinese/bkccpr/,2026-09-11T13:38:01+00:00,f78602d6b7bef9fdb5cd7b8b714eed1c5c1240bb652f379126f40d5dbd3f9199,"{""中间价"": ""6.7743"", ""涨跌"": ""23.00"", ""货币对"": ""美元/人民币""}"
2026-09-11,10:00,options,USD.CNY,10D BF,18M,implied_vol_ask,0.75,pct,https://www.chinamoney.com.cn/chinese/bkcurvfqq/,2026-09-11T13:38:01+00:00,a0ec1e38314708fe0e52d1b1196584f4e3c46dff03375425474f8b86558542cf,{}
2026-09-11,10:00,options,USD.CNY,10D BF,18M,implied_vol_bid,0.35,pct,https://www.chinamoney.com.cn/chinese/bkcurvfqq/,2026-09-11T13:38:01+00:00,a0ec1e38314708fe0e52d1b1196584f4e3c46dff03375425474f8b86558542cf,{}
2026-09-11,10:00,options,USD.CNY,10D BF,18M,implied_vol_mid,0.55,pct,https://www.chinamoney.com.cn/chinese/bkcurvfqq/,2026-09-11T13:38:01+00:00,a0ec1e38314708fe0e52d1b1196584f4e3c46dff03375425474f8b86558542cf,{}
2026-09-11,10:00,options,USD.CNY,10D BF,1D,implied_vol_ask,0.15,pct,https://www.chinamoney.com.cn/chinese/bkcurvfqq/,2026-09-11T13:38:01+00:00,a0ec1e38314708fe0e52d1b1196584f4e3c46dff03375425474f8b86558542cf,{}
2026-09-11,10:00,options,USD.CNY,10D BF,1D,implied_vol_bid,0.15,pct,https://www.chinamoney.com.cn/chinese/bkcurvfqq/,2026-09-11T13:38:01+00:00,a0ec1e38314708fe0e52d1b1196584f4e3c46dff03375425474f8b86558542cf,{}
2026-09-11,10:00,options,USD.CNY,10D BF,1D,implied_vol_mid,0.15,pct,https://www.chinamoney.com.cn/chinese/bkcurvfqq/,2026-09-11T13:38:01+00:00,a0ec1e38314708fe0e52d1b1196584f4e3c46dff03375425474f8b86558542cf,{}
2026-09-11,10:00,options,USD.CNY,10D BF,1M,implied_vol_ask,0.1,pct,https://www.chinamoney.com.cn/chinese/bkcurvfqq/,2026-09-11T13:38:01+00:00,a0ec1e38314708fe0e52d1b1196584f4e3c46dff03375425474f8b86558542cf,{}
2026-09-11,10:00,options,USD.CNY,10D BF,1M,implied_vol_bid,0.1,pct,https://www.chinamoney.com.cn/chinese/bkcurvfqq/,2026-09-11T13:38:01+00:00,a0ec1e38314708fe0e52d1b1196584f4e3c46dff03375425474f8b86558542cf,{}
2026-09-11,10:00,options,USD.CNY,10D BF,1M,implied_vol_mid,0.1,pct,https://www.chinamoney.com.cn/chinese/bkcurvfqq/,2026-09-11T13:38:01+00:00,a0ec1e38314708fe0e52d1b1196584f4e3c46dff03375425474f8b86558542cf,{}
2026-09-11,10:00,options,USD.CNY,10D BF,1W,implied_vol_ask,0.2,pct,https://www.chinamoney.com.cn/chinese/bkcurvfqq/,2026-09-11T13:38:01+00:00,a0ec1e38314708fe0e52d1b1196584f4e3c46dff03375425474f8b86558542cf,{}
2026-09-11,10:00,options,USD.CNY,10D BF,1W,implied_vol_bid,0.0,pct,https://www.chinamoney.com.cn/chinese/bkcurvfqq/,2026-09-11T13:38:01+00:00,a0ec1e38314708fe0e52d1b1196584f4e3c46dff03375425474f8b86558542cf,{}
2026-09-11,10:00,options,USD.CNY,10D BF,1W,implied_vol_mid,0.1,pct,https://www.chinamoney.com.cn/chinese/bkcurvfqq/,2026-09-11T13:38:01+00:00,a0ec1e38314708fe0e52d1b1196584f4e3c46dff03375425474f8b86558542cf,{}
2026-09-11,10:00,options,USD.CNY,10D BF,1Y,implied_vol_ask,0.5175,pct,https://www.chinamoney.com.cn/chinese/bkcurvfqq/,2026-09-11T13:38:01+00:00,a0ec1e38314708fe0e52d1b1196584f4e3c46dff03375425474f8b86558542cf,{}
2026-09-11,10:00,options,USD.CNY,10D BF,1Y,implied_vol_bid,0.5175,pct,https://www.chinamoney.com.cn/chinese/bkcurvfqq/,2026-09-11T13:38:01+00:00,a0ec1e38314708fe0e52d1b1196584f4e3c46dff03375425474f8b86558542cf,{}
2026-09-11,10:00,options,USD.CNY,10D BF,1Y,implied_vol_mid,0.5175,pct,https://www.chinamoney.com.cn/chinese/bkcurvfqq/,2026-09-11T13:38:01+00:00,a0ec1e38314708fe0e52d1b1196584f4e3c46dff03375425474f8b86558542cf,{}
2026-09-11,10:00,options,USD.CNY,10D BF,2M,implied_vol_ask,0.22,pct,https://www.chinamoney.com.cn/chinese/bkcurvfqq/,2026-09-11T13:38:01+00:00,a0ec1e38314708fe0e52d1b1196584f4e3c46dff03375425474f8b86558542cf,{}
2026-09-11,10:00,options,USD.CNY,10D BF,2M,implied_vol_bid,0.22,pct,https://www.chinamoney.com.cn/chinese/bkcurvfqq/,2026-09-11T13:38:01+00:00,a0ec1e38314708fe0e52d1b1196584f4e3c46dff03375425474f8b86558542cf,{}
2026-09-11,10:00,options,USD.CNY,10D BF,2M,implied_vol_mid,0.22,pct,https://www.chinamoney.com.cn/chinese/bkcurvfqq/,2026-09-11T13:38:01+00:00,a0ec1e38314708fe0e52d1b1196584f4e3c46dff03375425474f8b86558542cf,{}
2026-09-11,10:00,options,USD.CNY,10D BF,2W,implied_vol_ask,0.2,pct,https://www.chinamoney.com.cn/chinese/bkcurvfqq/,2026-09-11T13:38:01+00:00,a0ec1e38314708fe0e52d1b1196584f4e3c46dff03375425474f8b86558542cf,{}
2026-09-11,10:00,options,USD.CNY,10D BF,2W,implied_vol_bid,0.0,pct,https://www.chinamoney.com.cn/chinese/bkcurvfqq/,2026-09-11T13:38:01+00:00,a0ec1e38314708fe0e52d1b1196584f4e3c46dff03375425474f8b86558542cf,{}
2026-09-11,10:00,options,USD.CNY,10D BF,2W,implied_vol_mid,0.1,pct,https://www.chinamoney.com.cn/chinese/bkcurvfqq/,2026-09-11T13:38:01+00:00,a0ec1e38314708fe0e52d1b1196584f4e3c46dff03375425474f8b86558542cf,{}
2026-09-11,10:00,options,USD.CNY,10D BF,2Y,implied_vol_ask,0.75,pct,https://www.chinamoney.com.cn/chinese/bkcurvfqq/,2026-09-11T13:38:01+00:00,a0ec1e38314708fe0e52d1b1196584f4e3c46dff03375425474f8b86558542cf,{}
2026-09-11,10:00,options,USD.CNY,10D BF,2Y,implied_vol_bid,0.35,pct,https://www.chinamoney.com.cn/chinese/bkcurvfqq/,2026-09-11T13:38:01+00:00,a0ec1e38314708fe0e52d1b1196584f4e3c46dff03375425474f8b86558542cf,{}
2026-09-11,10:00,options,USD.CNY,10D BF,2Y,implied_vol_mid,0.55,pct,https://www.chinamoney.com.cn/chinese/bkcurvfqq/,2026-09-11T13:38:01+00:00,a0ec1e38314708fe0e52d1b1196584f4e3c46dff03375425474f8b86558542cf,{}
2026-09-11,10:00,options,USD.CNY,10D BF,3M,implied_vol_ask,0.325,pct,https://www.chinamoney.com.cn/chinese/bkcurvfqq/,2026-09-11T13:38:01+00:00,a0ec1e38314708fe0e52d1b1196584f4e3c46dff03375425474f8b86558542cf,{}
2026-09-11,10:00,options,USD.CNY,10D BF,3M,implied_vol_bid,0.325,pct,https://www.chinamoney.com.cn/chinese/bkcurvfqq/,2026-09-11T13:38:01+00:00,a0ec1e38314708fe0e52d1b1196584f4e3c46dff03375425474f8b86558542cf,{}
2026-09-11,10:00,options,USD.CNY,10D BF,3M,implied_vol_mid,0.325,pct,https://www.chinamoney.com.cn/chinese/bkcurvfqq/,2026-09-11T13:38:01+00:00,a0ec1e38314708fe0e52d1b1196584f4e3c46dff03375425474f8b86558542cf,{}
2026-09-11,10:00,options,USD.CNY,10D BF,3W,implied_vol_ask,0.2,pct,https://www.chinamoney.com.cn/chinese/bkcurvfqq/,2026-09-11T13:38:01+00:00,a0ec1e38314708fe0e52d1b1196584f4e3c46dff03375425474f8b86558542cf,{}
2026-09-11,10:00,options,USD.CNY,10D BF,3W,implied_vol_bid,0.0,pct,https://www.chinamoney.com.cn/chinese/bkcurvfqq/,2026-09-11T13:38:01+00:00,a0ec1e38314708fe0e52d1b1196584f4e3c46dff03375425474f8b86558542cf,{}
2026-09-11,10:00,options,USD.CNY,10D BF,3W,implied_vol_mid,0.1,pct,https://www.chinamoney.com.cn/chinese/bkcurvfqq/,2026-09-11T13:38:01+00:00,a0ec1e38314708fe0e52d1b1196584f4e3c46dff03375425474f8b86558542cf,{}
2026-09-11,10:00,options,USD.CNY,10D BF,3Y,implied_vol_ask,0.8,pct,https://www.chinamoney.com.cn/chinese/bkcurvfqq/,2026-09-11T13:38:01+00:00,a0ec1e38314708fe0e52d1b1196584f4e3c46dff03375425474f8b86558542cf,{}
2026-09-11,10:00,options,USD.CNY,10D BF,3Y,implied_vol_bid,0.4,pct,https://www.chinamoney.com.cn/chinese/bkcurvfqq/,2026-09-11T13:38:01+00:00,a0ec1e38314708fe0e52d1b1196584f4e3c46dff03375425474f8b86558542cf,{}
2026-09-11,10:00,options,USD.CNY,10D BF,3Y,implied_vol_mid,0.6,pct,https://www.chinamoney.com.cn/chinese/bkcurvfqq/,2026-09-11T13:38:01+00:00,a0ec1e38314708fe0e52d1b1196584f4e3c46dff03375425474f8b86558542cf,{}
2026-09-11,10:00,options,USD.CNY,10D BF,6M,implied_vol_ask,0.61,pct,https://www.chinamoney.com.cn/chinese/bkcurvfqq/,2026-09-11T13:38:01+00:00,a0ec1e38314708fe0e52d1b1196584f4e3c46dff03375425474f8b86558542cf,{}
2026-09-11,10:00,options,USD.CNY,10D BF,6M,implied_vol_bid,0.26,pct,https://www.chinamoney.com.cn/chinese/bkcurvfqq/,2026-09-11T13:38:01+00:00,a0ec1e38314708fe0e52d1b1196584f4e3c46dff03375425474f8b86558542cf,{}
2026-09-11,10:00,options,USD.CNY,10D BF,6M,implied_vol_mid,0.435,pct,https://www.chinamoney.com.cn/chinese/bkcurvfqq/,2026-09-11T13:38:01+00:00,a0ec1e38314708fe0e52d1b1196584f4e3c46dff03375425474f8b86558542cf,{}
2026-09-11,10:00,options,USD.CNY,10D BF,9M,implied_vol_ask,0.4775,pct,https://www.chinamoney.com.cn/chinese/bkcurvfqq/,2026-09-11T13:38:01+00:00,a0ec1e38314708fe0e52d1b1196584f4e3c46dff03375425474f8b86558542cf,{}
2026-09-11,10:00,options,USD.CNY,10D BF,9M,implied_vol_bid,0.4775,pct,https://www.chinamoney.com.cn/chinese/bkcurvfqq/,2026-09-11T13:38:01+00:00,a0ec1e38314708fe0e52d1b1196584f4e3c46dff03375425474f8b86558542cf,{}
2026-09-11,10:00,options,USD.CNY,10D BF,9M,implied_vol_mid,0.4775,pct,https://www.chinamoney.com.cn/chinese/bkcurvfqq/,2026-09-11T13:38:01+00:00,a0ec1e38314708fe0e52d1b1196584f4e3c46dff03375425474f8b86558542cf,{}
2026-09-11,10:00,options,USD.CNY,25D BF,18M,implied_vol_ask,0.28,pct,https://www.chinamoney.com.cn/chinese/bkcurvfqq/,2026-09-11T13:38:01+00:00,fc33d18015eb23a60375d9e72b7f22151cecc303a275344ae201b12a86743c88,{}
2026-09-11,10:00,options,USD.CNY,25D BF,18M,implied_vol_bid,0.1,pct,https://www.chinamoney.com.cn/chinese/bkcurvfqq/,2026-09-11T13:38:01+00:00,fc33d18015eb23a60375d9e72b7f22151cecc303a275344ae201b12a86743c88,{}
2026-09-11,10:00,options,USD.CNY,25D BF,18M,implied_vol_mid,0.19,pct,https://www.chinamoney.com.cn/chinese/bkcurvfqq/,2026-09-11T13:38:01+00:00,fc33d18015eb23a60375d9e72b7f22151cecc303a275344ae201b12a86743c88,{}
2026-09-11,10:00,options,USD.CNY,25D BF,1D,implied_vol_ask,0.1,pct,https://www.chinamoney.com.cn/chinese/bkcurvfqq/,2026-09-11T13:38:01+00:00,fc33d18015eb23a60375d9e72b7f22151cecc303a275344ae201b12a86743c88,{}
2026-09-11,10:00,options,USD.CNY,25D BF,1D,implied_vol_bid,0.1,pct,https://www.chinamoney.com.cn/chinese/bkcurvfqq/,2026-09-11T13:38:01+00:00,fc33d18015eb23a60375d9e72b7f22151cecc303a275344ae201b12a86743c88,{}
2026-09-11,10:00,options,USD.CNY,25D BF,1D,implied_vol_mid,0.1,pct,https://www.chinamoney.com.cn/chinese/bkcurvfqq/,2026-09-11T13:38:01+00:00,fc33d18015eb23a60375d9e72b7f22151cecc303a275344ae201b12a86743c88,{}
2026-09-11,10:00,options,USD.CNY,25D BF,1M,implied_vol_ask,0.07,pct,https://www.chinamoney.com.cn/chinese/bkcurvfqq/,2026-09-11T13:38:01+00:00,fc33d18015eb23a60375d9e72b7f22151cecc303a275344ae201b12a86743c88,{}
2026-09-11,10:00,options,USD.CNY,25D BF,1M,implied_vol_bid,0.07,pct,https://www.chinamoney.com.cn/chinese/bkcurvfqq/,2026-09-11T13:38:01+00:00,fc33d18015eb23a60375d9e72b7f22151cecc303a275344ae201b12a86743c88,{}
2026-09-11,10:00,options,USD.CNY,25D BF,1M,implied_vol_mid,0.07,pct,https://www.chinamoney.com.cn/chinese/bkcurvfqq/,2026-09-11T13:38:01+00:00,fc33d18015eb23a60375d9e72b7f22151cecc303a275344ae201b12a86743c88,{}
2026-09-11,10:00,options,USD.CNY,25D BF,1W,implied_vol_ask,0.1,pct,https://www.chinamoney.com.cn/chinese/bkcurvfqq/,2026-09-11T13:38:01+00:00,fc33d18015eb23a60375d9e72b7f22151cecc303a275344ae201b12a86743c88,{}
2026-09-11,10:00,options,USD.CNY,25D BF,1W,implied_vol_bid,0.0,pct,https://www.chinamoney.com.cn/chinese/bkcurvfqq/,2026-09-11T13:38:01+00:00,fc33d18015eb23a60375d9e72b7f22151cecc303a275344ae201b12a86743c88,{}
2026-09-11,10:00,options,USD.CNY,25D BF,1W,implied_vol_mid,0.05,pct,https://www.chinamoney.com.cn/chinese/bkcurvfqq/,2026-09-11T13:38:01+00:00,fc33d18015eb23a60375d9e72b7f22151cecc303a275344ae201b12a86743c88,{}
2026-09-11,10:00,options,USD.CNY,25D BF,1Y,implied_vol_ask,0.175,pct,https://www.chinamoney.com.cn/chinese/bkcurvfqq/,2026-09-11T13:38:01+00:00,fc33d18015eb23a60375d9e72b7f22151cecc303a275344ae201b12a86743c88,{}
2026-09-11,10:00,options,USD.CNY,25D BF,1Y,implied_vol_bid,0.175,pct,https://www.chinamoney.com.cn/chinese/bkcurvfqq/,2026-09-11T13:38:01+00:00,fc33d18015eb23a60375d9e72b7f22151cecc303a275344ae201b12a86743c88,{}
2026-09-11,10:00,options,USD.CNY,25D BF,1Y,implied_vol_mid,0.175,pct,https://www.chinamoney.com.cn/chinese/bkcurvfqq/,2026-09-11T13:38:01+00:00,fc33d18015eb23a60375d9e72b7f22151cecc303a275344ae201b12a86743c88,{}
2026-09-11,10:00,options,USD.CNY,25D BF,2M,implied_vol_ask,0.085,pct,https://www.chinamoney.com.cn/chinese/bkcurvfqq/,2026-09-11T13:38:01+00:00,fc33d18015eb23a60375d9e72b7f22151cecc303a275344ae201b12a86743c88,{}
2026-09-11,10:00,options,USD.CNY,25D BF,2M,implied_vol_bid,0.085,pct,https://www.chinamoney.com.cn/chinese/bkcurvfqq/,2026-09-11T13:38:01+00:00,fc33d18015eb23a60375d9e72b7f22151cecc303a275344ae201b12a86743c88,{}
2026-09-11,10:00,options,USD.CNY,25D BF,2M,implied_vol_mid,0.085,pct,https://www.chinamoney.com.cn/chinese/bkcurvfqq/,2026-09-11T13:38:01+00:00,fc33d18015eb23a60375d9e72b7f22151cecc303a275344ae201b12a86743c88,{}
2026-09-11,10:00,options,USD.CNY,25D BF,2W,implied_vol_ask,0.07,pct,https://www.chinamoney.com.cn/chinese/bkcurvfqq/,2026-09-11T13:38:01+00:00,fc33d18015eb23a60375d9e72b7f22151cecc303a275344ae201b12a86743c88,{}
2026-09-11,10:00,options,USD.CNY,25D BF,2W,implied_vol_bid,0.06,pct,https://www.chinamoney.com.cn/chinese/bkcurvfqq/,2026-09-11T13:38:01+00:00,fc33d18015eb23a60375d9e72b7f22151cecc303a275344ae201b12a86743c88,{}
2026-09-11,10:00,options,USD.CNY,25D BF,2W,implied_vol_mid,0.0625,pct,https://www.chinamoney.com.cn/chinese/bkcurvfqq/,2026-09-11T13:38:01+00:00,fc33d18015eb23a60375d9e72b7f22151cecc303a275344ae201b12a86743c88,{}
2026-09-11,10:00,options,USD.CNY,25D BF,2Y,implied_vol_ask,0.32,pct,https://www.chinamoney.com.cn/chinese/bkcurvfqq/,2026-09-11T13:38:01+00:00,fc33d18015eb23a60375d9e72b7f22151cecc303a275344ae201b12a86743c88,{}
2026-09-11,10:00,options,USD.CNY,25D BF,2Y,implied_vol_bid,0.1,pct,https://www.chinamoney.com.cn/chinese/bkcurvfqq/,2026-09-11T13:38:01+00:00,fc33d18015eb23a60375d9e72b7f22151cecc303a275344ae201b12a86743c88,{}
2026-09-11,10:00,options,USD.CNY,25D BF,2Y,implied_vol_mid,0.21,pct,https://www.chinamoney.com.cn/chinese/bkcurvfqq/,2026-09-11T13:38:01+00:00,fc33d18015eb23a60375d9e72b7f22151cecc303a275344ae201b12a86743c88,{}
2026-09-11,10:00,options,USD.CNY,25D BF,3M,implied_vol_ask,0.09,pct,https://www.chinamoney.com.cn/chinese/bkcurvfqq/,2026-09-11T13:38:01+00:00,fc33d18015eb23a60375d9e72b7f22151cecc303a275344ae201b12a86743c88,{}
2026-09-11,10:00,options,USD.CNY,25D BF,3M,implied_vol_bid,0.09,pct,https://www.chinamoney.com.cn/chinese/bkcurvfqq/,2026-09-11T13:38:01+00:00,fc33d18015eb23a60375d9e72b7f22151cecc303a275344ae201b12a86743c88,{}
2026-09-11,10:00,options,USD.CNY,25D BF,3M,implied_vol_mid,0.09,pct,https://www.chinamoney.com.cn/chinese/bkcurvfqq/,2026-09-11T13:38:01+00:00,fc33d18015eb23a60375d9e72b7f22151cecc303a275344ae201b12a86743c88,{}
2026-09-11,10:00,options,USD.CNY,25D BF,3W,implied_vol_ask,0.1,pct,https://www.chinamoney.com.cn/chinese/bkcurvfqq/,2026-09-11T13:38:01+00:00,fc33d18015eb23a60375d9e72b7f22151cecc303a275344ae201b12a86743c88,{}
2026-09-11,10:00,options,USD.CNY,25D BF,3W,implied_vol_bid,0.0,pct,https://www.chinamoney.com.cn/chinese/bkcurvfqq/,2026-09-11T13:38:01+00:00,fc33d18015eb23a60375d9e72b7f22151cecc303a275344ae201b12a86743c88,{}
2026-09-11,10:00,options,USD.CNY,25D BF,3W,implied_vol_mid,0.05,pct,https://www.chinamoney.com.cn/chinese/bkcurvfqq/,2026-09-11T13:38:01+00:00,fc33d18015eb23a60375d9e72b7f22151cecc303a275344ae201b12a86743c88,{}
2026-09-11,10:00,options,USD.CNY,25D BF,3Y,implied_vol_ask,0.35,pct,https://www.chinamoney.com.cn/chinese/bkcurvfqq/,2026-09-11T13:38:01+00:00,fc33d18015eb23a60375d9e72b7f22151cecc303a275344ae201b12a86743c88,{}
2026-09-11,10:00,options,USD.CNY,25D BF,3Y,implied_vol_bid,0.1,pct,https://www.chinamoney.com.cn/chinese/bkcurvfqq/,2026-09-11T13:38:01+00:00,fc33d18015eb23a60375d9e72b7f22151cecc303a275344ae201b12a86743c88,{}
2026-09-11,10:00,options,USD.CNY,25D BF,3Y,implied_vol_mid,0.225,pct,https://www.chinamoney.com.cn/chinese/bkcurvfqq/,2026-09-11T13:38:01+00:00,fc33d18015eb23a60375d9e72b7f22151cecc303a275344ae201b12a86743c88,{}
2026-09-11,10:00,options,USD.CNY,25D BF,6M,implied_vol_ask,0.23,pct,https://www.chinamoney.com.cn/chinese/bkcurvfqq/,2026-09-11T13:38:01+00:00,fc33d18015eb23a60375d9e72b7f22151cecc303a275344ae201b12a86743c88,{}
2026-09-11,10:00,options,USD.CNY,25D BF,6M,implied_vol_bid,0.04,pct,https://www.chinamoney.com.cn/chinese/bkcurvfqq/,2026-09-11T13:38:01+00:00,fc33d18015eb23a60375d9e72b7f22151cecc303a275344ae201b12a86743c88,{}
2026-09-11,10:00,options,USD.CNY,25D BF,6M,implied_vol_mid,0.135,pct,https://www.chinamoney.com.cn/chinese/bkcurvfqq/,2026-09-11T13:38:01+00:00,fc33d18015eb23a60375d9e72b7f22151cecc303a275344ae201b12a86743c88,{}
2026-09-11,10:00,options,USD.CNY,25D BF,9M,implied_vol_ask,0.165,pct,https://www.chinamoney.com.cn/chinese/bkcurvfqq/,2026-09-11T13:38:01+00:00,fc33d18015eb23a60375d9e72b7f22151cecc303a275344ae201b12a86743c88,{}
2026-09-11,10:00,options,USD.CNY,25D BF,9M,implied_vol_bid,0.165,pct,https://www.chinamoney.com.cn/chinese/bkcurvfqq/,2026-09-11T13:38:01+00:00,fc33d18015eb23a60375d9e72b7f22151cecc303a275344ae201b12a86743c88,{}
2026-09-11,10:00,options,USD.CNY,25D BF,9M,implied_vol_mid,0.165,pct,https://www.chinamoney.com.cn/chinese/bkcurvfqq/,2026-09-11T13:38:01+00:00,fc33d18015eb23a60375d9e72b7f22151cecc303a275344ae201b12a86743c88,{}
2026-09-11,10:00,options,USD.CNY,25D RR,18M,implied_vol_ask,0.5,pct,https://www.chinamoney.com.cn/chinese/bkcurvfqq/,2026-09-11T13:38:01+00:00,8fed5669bad5f032234565b70f4a7fdb3320d92a07c6d347d820b27cb23e24b8,{}
2026-09-11,10:00,options,USD.CNY,25D RR,18M,implied_vol_bid,-0.5,pct,https://www.chinamoney.com.cn/chinese/bkcurvfqq/,2026-09-11T13:38:01+00:00,8fed5669bad5f032234565b70f4a7fdb3320d92a07c6d347d820b27cb23e24b8,{}
2026-09-11,10:00,options,USD.CNY,25D RR,18M,implied_vol_mid,0.0,pct,https://www.chinamoney.com.cn/chinese/bkcurvfqq/,2026-09-11T13:38:01+00:00,8fed5669bad5f032234565b70f4a7fdb3320d92a07c6d347d820b27cb23e24b8,{}
2026-09-11,10:00,options,USD.CNY,25D RR,1D,implied_vol_ask,-0.05,pct,https://www.chinamoney.com.cn/chinese/bkcurvfqq/,2026-09-11T13:38:01+00:00,8fed5669bad5f032234565b70f4a7fdb3320d92a07c6d347d820b27cb23e24b8,{}
2026-09-11,10:00,options,USD.CNY,25D RR,1D,implied_vol_bid,-0.05,pct,https://www.chinamoney.com.cn/chinese/bkcurvfqq/,2026-09-11T13:38:01+00:00,8fed5669bad5f032234565b70f4a7fdb3320d92a07c6d347d820b27cb23e24b8,{}
2026-09-11,10:00,options,USD.CNY,25D RR,1D,implied_vol_mid,-0.05,pct,https://www.chinamoney.com.cn/chinese/bkcurvfqq/,2026-09-11T13:38:01+00:00,8fed5669bad5f032234565b70f4a7fdb3320d92a07c6d347d820b27cb23e24b8,{}
2026-09-11,10:00,options,USD.CNY,25D RR,1M,implied_vol_ask,-0.05,pct,https://www.chinamoney.com.cn/chinese/bkcurvfqq/,2026-09-11T13:38:01+00:00,8fed5669bad5f032234565b70f4a7fdb3320d92a07c6d347d820b27cb23e24b8,{}
2026-09-11,10:00,options,USD.CNY,25D RR,1M,implied_vol_bid,-0.05,pct,https://www.chinamoney.com.cn/chinese/bkcurvfqq/,2026-09-11T13:38:01+00:00,8fed5669bad5f032234565b70f4a7fdb3320d92a07c6d347d820b27cb23e24b8,{}
2026-09-11,10:00,options,USD.CNY,25D RR,1M,implied_vol_mid,-0.05,pct,https://www.chinamoney.com.cn/chinese/bkcurvfqq/,2026-09-11T13:38:01+00:00,8fed5669bad5f032234565b70f4a7fdb3320d92a07c6d347d820b27cb23e24b8,{}
2026-09-11,10:00,options,USD.CNY,25D RR,1W,implied_vol_ask,-0.025,pct,https://www.chinamoney.com.cn/chinese/bkcurvfqq/,2026-09-11T13:38:01+00:00,8fed5669bad5f032234565b70f4a7fdb3320d92a07c6d347d820b27cb23e24b8,{}
2026-09-11,10:00,options,USD.CNY,25D RR,1W,implied_vol_bid,-0.15,pct,https://www.chinamoney.com.cn/chinese/bkcurvfqq/,2026-09-11T13:38:01+00:00,8fed5669bad5f032234565b70f4a7fdb3320d92a07c6d347d820b27cb23e24b8,{}
2026-09-11,10:00,options,USD.CNY,25D RR,1W,implied_vol_mid,-0.0875,pct,https://www.chinamoney.com.cn/chinese/bkcurvfqq/,2026-09-11T13:38:01+00:00,8fed5669bad5f032234565b70f4a7fdb3320d92a07c6d347d820b27cb23e24b8,{}
2026-09-11,10:00,options,USD.CNY,25D RR,1Y,implied_vol_ask,-0.025,pct,https://www.chinamoney.com.cn/chinese/bkcurvfqq/,2026-09-11T13:38:01+00:00,8fed5669bad5f032234565b70f4a7fdb3320d92a07c6d347d820b27cb23e24b8,{}
2026-09-11,10:00,options,USD.CNY,25D RR,1Y,implied_vol_bid,-0.025,pct,https://www.chinamoney.com.cn/chinese/bkcurvfqq/,2026-09-11T13:38:01+00:00,8fed5669bad5f032234565b70f4a7fdb3320d92a07c6d347d820b27cb23e24b8,{}
2026-09-11,10:00,options,USD.CNY,25D RR,1Y,implied_vol_mid,-0.025,pct,https://www.chinamoney.com.cn/chinese/bkcurvfqq/,2026-09-11T13:38:01+00:00,8fed5669bad5f032234565b70f4a7fdb3320d92a07c6d347d820b27cb23e24b8,{}
2026-09-11,10:00,options,USD.CNY,25D RR,2M,implied_vol_ask,-0.05,pct,https://www.chinamoney.com.cn/chinese/bkcurvfqq/,2026-09-11T13:38:01+00:00,8fed5669bad5f032234565b70f4a7fdb3320d92a07c6d347d820b27cb23e24b8,{}
2026-09-11,10:00,options,USD.CNY,25D RR,2M,implied_vol_bid,-0.05,pct,https://www.chinamoney.com.cn/chinese/bkcurvfqq/,2026-09-11T13:38:01+00:00,8fed5669bad5f032234565b70f4a7fdb3320d92a07c6d347d820b27cb23e24b8,{}
2026-09-11,10:00,options,USD.CNY,25D RR,2M,implied_vol_mid,-0.05,pct,https://www.chinamoney.com.cn/chinese/bkcurvfqq/,2026-09-11T13:38:01+00:00,8fed5669bad5f032234565b70f4a7fdb3320d92a07c6d347d820b27cb23e24b8,{}
2026-09-11,10:00,options,USD.CNY,25D RR,2W,implied_vol_ask,-0.025,pct,https://www.chinamoney.com.cn/chinese/bkcurvfqq/,2026-09-11T13:38:01+00:00,8fed5669bad5f032234565b70f4a7fdb3320d92a07c6d347d820b27cb23e24b8,{}
2026-09-11,10:00,options,USD.CNY,25D RR,2W,implied_vol_bid,-0.125,pct,https://www.chinamoney.com.cn/chinese/bkcurvfqq/,2026-09-11T13:38:01+00:00,8fed5669bad5f032234565b70f4a7fdb3320d92a07c6d347d820b27cb23e24b8,{}
2026-09-11,10:00,options,USD.CNY,25D RR,2W,implied_vol_mid,-0.075,pct,https://www.chinamoney.com.cn/chinese/bkcurvfqq/,2026-09-11T13:38:01+00:00,8fed5669bad5f032234565b70f4a7fdb3320d92a07c6d347d820b27cb23e24b8,{}
2026-09-11,10:00,options,USD.CNY,25D RR,2Y,implied_vol_ask,0.5,pct,https://www.chinamoney.com.cn/chinese/bkcurvfqq/,2026-09-11T13:38:01+00:00,8fed5669bad5f032234565b70f4a7fdb3320d92a07c6d347d820b27cb23e24b8,{}
2026-09-11,10:00,options,USD.CNY,25D RR,2Y,implied_vol_bid,-0.5,pct,https://www.chinamoney.com.cn/chinese/bkcurvfqq/,2026-09-11T13:38:01+00:00,8fed5669bad5f032234565b70f4a7fdb3320d92a07c6d347d820b27cb23e24b8,{}
2026-09-11,10:00,options,USD.CNY,25D RR,2Y,implied_vol_mid,0.0,pct,https://www.chinamoney.com.cn/chinese/bkcurvfqq/,2026-09-11T13:38:01+00:00,8fed5669bad5f032234565b70f4a7fdb3320d92a07c6d347d820b27cb23e24b8,{}
2026-09-11,10:00,options,USD.CNY,25D RR,3M,implied_vol_ask,-0.05,pct,https://www.chinamoney.com.cn/chinese/bkcurvfqq/,2026-09-11T13:38:01+00:00,8fed5669bad5f032234565b70f4a7fdb3320d92a07c6d347d820b27cb23e24b8,{}
2026-09-11,10:00,options,USD.CNY,25D RR,3M,implied_vol_bid,-0.05,pct,https://www.chinamoney.com.cn/chinese/bkcurvfqq/,2026-09-11T13:38:01+00:00,8fed5669bad5f032234565b70f4a7fdb3320d92a07c6d347d820b27cb23e24b8,{}
2026-09-11,10:00,options,USD.CNY,25D RR,3M,implied_vol_mid,-0.05,pct,https://www.chinamoney.com.cn/chinese/bkcurvfqq/,2026-09-11T13:38:01+00:00,8fed5669bad5f032234565b70f4a7fdb3320d92a07c6d347d820b27cb23e24b8,{}
2026-09-11,10:00,options,USD.CNY,25D RR,3W,implied_vol_ask,0.3,pct,https://www.chinamoney.com.cn/chinese/bkcurvfqq/,2026-09-11T13:38:01+00:00,8fed5669bad5f032234565b70f4a7fdb3320d92a07c6d347d820b27cb23e24b8,{}
2026-09-11,10:00,options,USD.CNY,25D RR,3W,implied_vol_bid,-0.5,pct,https://www.chinamoney.com.cn/chinese/bkcurvfqq/,2026-09-11T13:38:01+00:00,8fed5669bad5f032234565b70f4a7fdb3320d92a07c6d347d820b27cb23e24b8,{}
2026-09-11,10:00,options,USD.CNY,25D RR,3W,implied_vol_mid,-0.1,pct,https://www.chinamoney.com.cn/chinese/bkcurvfqq/,2026-09-11T13:38:01+00:00,8fed5669bad5f032234565b70f4a7fdb3320d92a07c6d347d820b27cb23e24b8,{}
2026-09-11,10:00,options,USD.CNY,25D RR,3Y,implied_vol_ask,0.5,pct,https://www.chinamoney.com.cn/chinese/bkcurvfqq/,2026-09-11T13:38:01+00:00,8fed5669bad5f032234565b70f4a7fdb3320d92a07c6d347d820b27cb23e24b8,{}
2026-09-11,10:00,options,USD.CNY,25D RR,3Y,implied_vol_bid,-0.5,pct,https://www.chinamoney.com.cn/chinese/bkcurvfqq/,2026-09-11T13:38:01+00:00,8fed5669bad5f032234565b70f4a7fdb3320d92a07c6d347d820b27cb23e24b8,{}
2026-09-11,10:00,options,USD.CNY,25D RR,3Y,implied_vol_mid,0.0,pct,https://www.chinamoney.com.cn/chinese/bkcurvfqq/,2026-09-11T13:38:01+00:00,8fed5669bad5f032234565b70f4a7fdb3320d92a07c6d347d820b27cb23e24b8,{}
2026-09-11,10:00,options,USD.CNY,25D RR,6M,implied_vol_ask,0.0,pct,https://www.chinamoney.com.cn/chinese/bkcurvfqq/,2026-09-11T13:38:01+00:00,8fed5669bad5f032234565b70f4a7fdb3320d92a07c6d347d820b27cb23e24b8,{}
2026-09-11,10:00,options,USD.CNY,25D RR,6M,implied_vol_bid,-0.025,pct,https://www.chinamoney.com.cn/chinese/bkcurvfqq/,2026-09-11T13:38:01+00:00,8fed5669bad5f032234565b70f4a7fdb3320d92a07c6d347d820b27cb23e24b8,{}
2026-09-11,10:00,options,USD.CNY,25D RR,6M,implied_vol_mid,-0.025,pct,https://www.chinamoney.com.cn/chinese/bkcurvfqq/,2026-09-11T13:38:01+00:00,8fed5669bad5f032234565b70f4a7fdb3320d92a07c6d347d820b27cb23e24b8,{}
2026-09-11,10:00,options,USD.CNY,25D RR,9M,implied_vol_ask,-0.025,pct,https://www.chinamoney.com.cn/chinese/bkcurvfqq/,2026-09-11T13:38:01+00:00,8fed5669bad5f032234565b70f4a7fdb3320d92a07c6d347d820b27cb23e24b8,{}
2026-09-11,10:00,options,USD.CNY,25D RR,9M,implied_vol_bid,-0.025,pct,https://www.chinamoney.com.cn/chinese/bkcurvfqq/,2026-09-11T13:38:01+00:00,8fed5669bad5f032234565b70f4a7fdb3320d92a07c6d347d820b27cb23e24b8,{}
2026-09-11,10:00,options,USD.CNY,25D RR,9M,implied_vol_mid,-0.025,pct,https://www.chinamoney.com.cn/chinese/bkcurvfqq/,2026-09-11T13:38:01+00:00,8fed5669bad5f032234565b70f4a7fdb3320d92a07c6d347d820b27cb23e24b8,{}
2026-09-11,10:00,options,USD.CNY,ATM,18M,implied_vol_ask,3.4,pct,https://www.chinamoney.com.cn/chinese/bkcurvfqq/,2026-09-11T13:38:01+00:00,141236af16509ad6b7c699dfb9849ba3b503349159e4a1922564b01c4007993e,{}
2026-09-11,10:00,options,USD.CNY,ATM,18M,implied_vol_bid,3.0,pct,https://www.chinamoney.com.cn/chinese/bkcurvfqq/,2026-09-11T13:38:01+00:00,141236af16509ad6b7c699dfb9849ba3b503349159e4a1922564b01c4007993e,{}
2026-09-11,10:00,options,USD.CNY,ATM,18M,implied_vol_mid,3.2,pct,https://www.chinamoney.com.cn/chinese/bkcurvfqq/,2026-09-11T13:38:01+00:00,141236af16509ad6b7c699dfb9849ba3b503349159e4a1922564b01c4007993e,{}
2026-09-11,10:00,options,USD.CNY,ATM,1D,implied_vol_ask,1.5,pct,https://www.chinamoney.com.cn/chinese/bkcurvfqq/,2026-09-11T13:38:01+00:00,141236af16509ad6b7c699dfb9849ba3b503349159e4a1922564b01c4007993e,{}
2026-09-11,10:00,options,USD.CNY,ATM,1D,implied_vol_bid,1.5,pct,https://www.chinamoney.com.cn/chinese/bkcurvfqq/,2026-09-11T13:38:01+00:00,141236af16509ad6b7c699dfb9849ba3b503349159e4a1922564b01c4007993e,{}
2026-09-11,10:00,options,USD.CNY,ATM,1D,implied_vol_mid,1.5,pct,https://www.chinamoney.com.cn/chinese/bkcurvfqq/,2026-09-11T13:38:01+00:00,141236af16509ad6b7c699dfb9849ba3b503349159e4a1922564b01c4007993e,{}
2026-09-11,10:00,options,USD.CNY,ATM,1M,implied_vol_ask,1.7675,pct,https://www.chinamoney.com.cn/chinese/bkcurvfqq/,2026-09-11T13:38:01+00:00,141236af16509ad6b7c699dfb9849ba3b503349159e4a1922564b01c4007993e,{}
2026-09-11,10:00,options,USD.CNY,ATM,1M,implied_vol_bid,1.7675,pct,https://www.chinamoney.com.cn/chinese/bkcurvfqq/,2026-09-11T13:38:01+00:00,141236af16509ad6b7c699dfb9849ba3b503349159e4a1922564b01c4007993e,{}
2026-09-11,10:00,options,USD.CNY,ATM,1M,implied_vol_mid,1.7675,pct,https://www.chinamoney.com.cn/chinese/bkcurvfqq/,2026-09-11T13:38:01+00:00,141236af16509ad6b7c699dfb9849ba3b503349159e4a1922564b01c4007993e,{}
2026-09-11,10:00,options,USD.CNY,ATM,1W,implied_vol_ask,1.8,pct,https://www.chinamoney.com.cn/chinese/bkcurvfqq/,2026-09-11T13:38:01+00:00,141236af16509ad6b7c699dfb9849ba3b503349159e4a1922564b01c4007993e,{}
2026-09-11,10:00,options,USD.CNY,ATM,1W,implied_vol_bid,1.5,pct,https://www.chinamoney.com.cn/chinese/bkcurvfqq/,2026-09-11T13:38:01+00:00,141236af16509ad6b7c699dfb9849ba3b503349159e4a1922564b01c4007993e,{}
2026-09-11,10:00,options,USD.CNY,ATM,1W,implied_vol_mid,1.65,pct,https://www.chinamoney.com.cn/chinese/bkcurvfqq/,2026-09-11T13:38:01+00:00,141236af16509ad6b7c699dfb9849ba3b503349159e4a1922564b01c4007993e,{}
2026-09-11,10:00,options,USD.CNY,ATM,1Y,implied_vol_ask,3.1036,pct,https://www.chinamoney.com.cn/chinese/bkcurvfqq/,2026-09-11T13:38:01+00:00,141236af16509ad6b7c699dfb9849ba3b503349159e4a1922564b01c4007993e,{}
2026-09-11,10:00,options,USD.CNY,ATM,1Y,implied_vol_bid,3.1036,pct,https://www.chinamoney.com.cn/chinese/bkcurvfqq/,2026-09-11T13:38:01+00:00,141236af16509ad6b7c699dfb9849ba3b503349159e4a1922564b01c4007993e,{}
2026-09-11,10:00,options,USD.CNY,ATM,1Y,implied_vol_mid,3.1036,pct,https://www.chinamoney.com.cn/chinese/bkcurvfqq/,2026-09-11T13:38:01+00:00,141236af16509ad6b7c699dfb9849ba3b503349159e4a1922564b01c4007993e,{}
2026-09-11,10:00,options,USD.CNY,ATM,2M,implied_vol_ask,2.05,pct,https://www.chinamoney.com.cn/chinese/bkcurvfqq/,2026-09-11T13:38:01+00:00,141236af16509ad6b7c699dfb9849ba3b503349159e4a1922564b01c4007993e,{}
2026-09-11,10:00,options,USD.CNY,ATM,2M,implied_vol_bid,2.05,pct,https://www.chinamoney.com.cn/chinese/bkcurvfqq/,2026-09-11T13:38:01+00:00,141236af16509ad6b7c699dfb9849ba3b503349159e4a1922564b01c4007993e,{}
2026-09-11,10:00,options,USD.CNY,ATM,2M,implied_vol_mid,2.05,pct,https://www.chinamoney.com.cn/chinese/bkcurvfqq/,2026-09-11T13:38:01+00:00,141236af16509ad6b7c699dfb9849ba3b503349159e4a1922564b01c4007993e,{}
2026-09-11,10:00,options,USD.CNY,ATM,2W,implied_vol_ask,1.8,pct,https://www.chinamoney.com.cn/chinese/bkcurvfqq/,2026-09-11T13:38:01+00:00,141236af16509ad6b7c699dfb9849ba3b503349159e4a1922564b01c4007993e,{}
2026-09-11,10:00,options,USD.CNY,ATM,2W,implied_vol_bid,1.5,pct,https://www.chinamoney.com.cn/chinese/bkcurvfqq/,2026-09-11T13:38:01+00:00,141236af16509ad6b7c699dfb9849ba3b503349159e4a1922564b01c4007993e,{}
2026-09-11,10:00,options,USD.CNY,ATM,2W,implied_vol_mid,1.675,pct,https://www.chinamoney.com.cn/chinese/bkcurvfqq/,2026-09-11T13:38:01+00:00,141236af16509ad6b7c699dfb9849ba3b503349159e4a1922564b01c4007993e,{}
2026-09-11,10:00,options,USD.CNY,ATM,2Y,implied_vol_ask,3.6,pct,https://www.chinamoney.com.cn/chinese/bkcurvfqq/,2026-09-11T13:38:01+00:00,141236af16509ad6b7c699dfb9849ba3b503349159e4a1922564b01c4007993e,{}
2026-09-11,10:00,options,USD.CNY,ATM,2Y,implied_vol_bid,3.15,pct,https://www.chinamoney.com.cn/chinese/bkcurvfqq/,2026-09-11T13:38:01+00:00,141236af16509ad6b7c699dfb9849ba3b503349159e4a1922564b01c4007993e,{}
2026-09-11,10:00,options,USD.CNY,ATM,2Y,implied_vol_mid,3.375,pct,https://www.chinamoney.com.cn/chinese/bkcurvfqq/,2026-09-11T13:38:01+00:00,141236af16509ad6b7c699dfb9849ba3b503349159e4a1922564b01c4007993e,{}
2026-09-11,10:00,options,USD.CNY,ATM,3M,implied_vol_ask,2.2531,pct,https://www.chinamoney.com.cn/chinese/bkcurvfqq/,2026-09-11T13:38:01+00:00,141236af16509ad6b7c699dfb9849ba3b503349159e4a1922564b01c4007993e,{}
2026-09-11,10:00,options,USD.CNY,ATM,3M,implied_vol_bid,2.2531,pct,https://www.chinamoney.com.cn/chinese/bkcurvfqq/,2026-09-11T13:38:01+00:00,141236af16509ad6b7c699dfb9849ba3b503349159e4a1922564b01c4007993e,{}
2026-09-11,10:00,options,USD.CNY,ATM,3M,implied_vol_mid,2.2531,pct,https://www.chinamoney.com.cn/chinese/bkcurvfqq/,2026-09-11T13:38:01+00:00,141236af16509ad6b7c699dfb9849ba3b503349159e4a1922564b01c4007993e,{}
2026-09-11,10:00,options,USD.CNY,ATM,3W,implied_vol_ask,1.9,pct,https://www.chinamoney.com.cn/chinese/bkcurvfqq/,2026-09-11T13:38:01+00:00,141236af16509ad6b7c699dfb9849ba3b503349159e4a1922564b01c4007993e,{}
2026-09-11,10:00,options,USD.CNY,ATM,3W,implied_vol_bid,1.45,pct,https://www.chinamoney.com.cn/chinese/bkcurvfqq/,2026-09-11T13:38:01+00:00,141236af16509ad6b7c699dfb9849ba3b503349159e4a1922564b01c4007993e,{}
2026-09-11,10:00,options,USD.CNY,ATM,3W,implied_vol_mid,1.675,pct,https://www.chinamoney.com.cn/chinese/bkcurvfqq/,2026-09-11T13:38:01+00:00,141236af16509ad6b7c699dfb9849ba3b503349159e4a1922564b01c4007993e,{}
2026-09-11,10:00,options,USD.CNY,ATM,3Y,implied_vol_ask,3.8,pct,https://www.chinamoney.com.cn/chinese/bkcurvfqq/,2026-09-11T13:38:01+00:00,141236af16509ad6b7c699dfb9849ba3b503349159e4a1922564b01c4007993e,{}
2026-09-11,10:00,options,USD.CNY,ATM,3Y,implied_vol_bid,3.25,pct,https://www.chinamoney.com.cn/chinese/bkcurvfqq/,2026-09-11T13:38:01+00:00,141236af16509ad6b7c699dfb9849ba3b503349159e4a1922564b01c4007993e,{}
2026-09-11,10:00,options,USD.CNY,ATM,3Y,implied_vol_mid,3.525,pct,https://www.chinamoney.com.cn/chinese/bkcurvfqq/,2026-09-11T13:38:01+00:00,141236af16509ad6b7c699dfb9849ba3b503349159e4a1922564b01c4007993e,{}
2026-09-11,10:00,options,USD.CNY,ATM,6M,implied_vol_ask,2.675,pct,https://www.chinamoney.com.cn/chinese/bkcurvfqq/,2026-09-11T13:38:01+00:00,141236af16509ad6b7c699dfb9849ba3b503349159e4a1922564b01c4007993e,{}
2026-09-11,10:00,options,USD.CNY,ATM,6M,implied_vol_bid,2.6,pct,https://www.chinamoney.com.cn/chinese/bkcurvfqq/,2026-09-11T13:38:01+00:00,141236af16509ad6b7c699dfb9849ba3b503349159e4a1922564b01c4007993e,{}
2026-09-11,10:00,options,USD.CNY,ATM,6M,implied_vol_mid,2.625,pct,https://www.chinamoney.com.cn/chinese/bkcurvfqq/,2026-09-11T13:38:01+00:00,141236af16509ad6b7c699dfb9849ba3b503349159e4a1922564b01c4007993e,{}
2026-09-11,10:00,options,USD.CNY,ATM,9M,implied_vol_ask,2.9026,pct,https://www.chinamoney.com.cn/chinese/bkcurvfqq/,2026-09-11T13:38:01+00:00,141236af16509ad6b7c699dfb9849ba3b503349159e4a1922564b01c4007993e,{}
2026-09-11,10:00,options,USD.CNY,ATM,9M,implied_vol_bid,2.9026,pct,https://www.chinamoney.com.cn/chinese/bkcurvfqq/,2026-09-11T13:38:01+00:00,141236af16509ad6b7c699dfb9849ba3b503349159e4a1922564b01c4007993e,{}
2026-09-11,10:00,options,USD.CNY,ATM,9M,implied_vol_mid,2.9026,pct,https://www.chinamoney.com.cn/chinese/bkcurvfqq/,2026-09-11T13:38:01+00:00,141236af16509ad6b7c699dfb9849ba3b503349159e4a1922564b01c4007993e,{}
2026-09-11,14:00,reference_rate,USD/CNY,,,reference_rate_14,6.7089,rate,https://www.chinamoney.com.cn/ags/ms/cm-u-bk-fx/RefRateHis,2026-09-11T13:38:01+00:00,6da8b60f4cba1015eb610b7b81a1b4c0a426d0926a226be23ade35759e10e0cc,"{""14:00"": ""6.7089"", ""原始日期"": ""11 Sep 2026"", ""货币对"": ""USD/CNY""}"
2026-09-11,16:30,swaps,USD.CNY,,18M,forward_all_in,6.4157,rate,https://www.chinamoney.com.cn/chinese/bkcurvfsw/,2026-09-11T13:38:01+00:00,c9c4f4ee23a38075ff2722207501df2f1a5867123302329c4dd16fc8c652e934,{}
2026-09-11,16:30,swaps,USD.CNY,,18M,swap_points,-2940.0,pips,https://www.chinamoney.com.cn/chinese/bkcurvfsw/,2026-09-11T13:38:01+00:00,c9c4f4ee23a38075ff2722207501df2f1a5867123302329c4dd16fc8c652e934,{}
2026-09-11,16:30,swaps,USD.CNY,,1M,forward_all_in,6.6953,rate,https://www.chinamoney.com.cn/chinese/bkcurvfsw/,2026-09-11T13:38:01+00:00,c9c4f4ee23a38075ff2722207501df2f1a5867123302329c4dd16fc8c652e934,{}
2026-09-11,16:30,swaps,USD.CNY,,1M,swap_points,-143.5,pips,https://www.chinamoney.com.cn/chinese/bkcurvfsw/,2026-09-11T13:38:01+00:00,c9c4f4ee23a38075ff2722207501df2f1a5867123302329c4dd16fc8c652e934,{}
2026-09-11,16:30,swaps,USD.CNY,,1W,forward_all_in,6.7064,rate,https://www.chinamoney.com.cn/chinese/bkcurvfsw/,2026-09-11T13:38:01+00:00,c9c4f4ee23a38075ff2722207501df2f1a5867123302329c4dd16fc8c652e934,{}
2026-09-11,16:30,swaps,USD.CNY,,1W,swap_points,-32.8,pips,https://www.chinamoney.com.cn/chinese/bkcurvfsw/,2026-09-11T13:38:01+00:00,c9c4f4ee23a38075ff2722207501df2f1a5867123302329c4dd16fc8c652e934,{}
2026-09-11,16:30,swaps,USD.CNY,,1Y,forward_all_in,6.5164,rate,https://www.chinamoney.com.cn/chinese/bkcurvfsw/,2026-09-11T13:38:01+00:00,c9c4f4ee23a38075ff2722207501df2f1a5867123302329c4dd16fc8c652e934,{}
2026-09-11,16:30,swaps,USD.CNY,,1Y,swap_points,-1933.0,pips,https://www.chinamoney.com.cn/chinese/bkcurvfsw/,2026-09-11T13:38:01+00:00,c9c4f4ee23a38075ff2722207501df2f1a5867123302329c4dd16fc8c652e934,{}
2026-09-11,16:30,swaps,USD.CNY,,2M,forward_all_in,6.6798,rate,https://www.chinamoney.com.cn/chinese/bkcurvfsw/,2026-09-11T13:38:01+00:00,c9c4f4ee23a38075ff2722207501df2f1a5867123302329c4dd16fc8c652e934,{}
2026-09-11,16:30,swaps,USD.CNY,,2M,swap_points,-299.0,pips,https://www.chinamoney.com.cn/chinese/bkcurvfsw/,2026-09-11T13:38:01+00:00,c9c4f4ee23a38075ff2722207501df2f1a5867123302329c4dd16fc8c652e934,{}
2026-09-11,16:30,swaps,USD.CNY,,2W,forward_all_in,6.703,rate,https://www.chinamoney.com.cn/chinese/bkcurvfsw/,2026-09-11T13:38:01+00:00,c9c4f4ee23a38075ff2722207501df2f1a5867123302329c4dd16fc8c652e934,{}
2026-09-11,16:30,swaps,USD.CNY,,2W,swap_points,-66.11,pips,https://www.chinamoney.com.cn/chinese/bkcurvfsw/,2026-09-11T13:38:01+00:00,c9c4f4ee23a38075ff2722207501df2f1a5867123302329c4dd16fc8c652e934,{}
2026-09-11,16:30,swaps,USD.CNY,,2Y,forward_all_in,6.3129,rate,https://www.chinamoney.com.cn/chinese/bkcurvfsw/,2026-09-11T13:38:01+00:00,c9c4f4ee23a38075ff2722207501df2f1a5867123302329c4dd16fc8c652e934,{}
2026-09-11,16:30,swaps,USD.CNY,,2Y,swap_points,-3967.5,pips,https://www.chinamoney.com.cn/chinese/bkcurvfsw/,2026-09-11T13:38:01+00:00,c9c4f4ee23a38075ff2722207501df2f1a5867123302329c4dd16fc8c652e934,{}
2026-09-11,16:30,swaps,USD.CNY,,3M,forward_all_in,6.6654,rate,https://www.chinamoney.com.cn/chinese/bkcurvfsw/,2026-09-11T13:38:01+00:00,c9c4f4ee23a38075ff2722207501df2f1a5867123302329c4dd16fc8c652e934,{}
2026-09-11,16:30,swaps,USD.CNY,,3M,swap_points,-442.8,pips,https://www.chinamoney.com.cn/chinese/bkcurvfsw/,2026-09-11T13:38:01+00:00,c9c4f4ee23a38075ff2722207501df2f1a5867123302329c4dd16fc8c652e934,{}
2026-09-11,16:30,swaps,USD.CNY,,3W,forward_all_in,6.6986,rate,https://www.chinamoney.com.cn/chinese/bkcurvfsw/,2026-09-11T13:38:01+00:00,c9c4f4ee23a38075ff2722207501df2f1a5867123302329c4dd16fc8c652e934,{}
2026-09-11,16:30,swaps,USD.CNY,,3W,swap_points,-110.2,pips,https://www.chinamoney.com.cn/chinese/bkcurvfsw/,2026-09-11T13:38:01+00:00,c9c4f4ee23a38075ff2722207501df2f1a5867123302329c4dd16fc8c652e934,{}
2026-09-11,16:30,swaps,USD.CNY,,3Y,forward_all_in,6.1247,rate,https://www.chinamoney.com.cn/chinese/bkcurvfsw/,2026-09-11T13:38:01+00:00,c9c4f4ee23a38075ff2722207501df2f1a5867123302329c4dd16fc8c652e934,{}
2026-09-11,16:30,swaps,USD.CNY,,3Y,swap_points,-5850.0,pips,https://www.chinamoney.com.cn/chinese/bkcurvfsw/,2026-09-11T13:38:01+00:00,c9c4f4ee23a38075ff2722207501df2f1a5867123302329c4dd16fc8c652e934,{}
2026-09-11,16:30,swaps,USD.CNY,,4M,forward_all_in,6.6497,rate,https://www.chinamoney.com.cn/chinese/bkcurvfsw/,2026-09-11T13:38:01+00:00,c9c4f4ee23a38075ff2722207501df2f1a5867123302329c4dd16fc8c652e934,{}
2026-09-11,16:30,swaps,USD.CNY,,4M,swap_points,-600.0,pips,https://www.chinamoney.com.cn/chinese/bkcurvfsw/,2026-09-11T13:38:01+00:00,c9c4f4ee23a38075ff2722207501df2f1a5867123302329c4dd16fc8c652e934,{}
2026-09-11,16:30,swaps,USD.CNY,,4Y,forward_all_in,5.9372,rate,https://www.chinamoney.com.cn/chinese/bkcurvfsw/,2026-09-11T13:38:01+00:00,c9c4f4ee23a38075ff2722207501df2f1a5867123302329c4dd16fc8c652e934,{}
2026-09-11,16:30,swaps,USD.CNY,,4Y,swap_points,-7725.0,pips,https://www.chinamoney.com.cn/chinese/bkcurvfsw/,2026-09-11T13:38:01+00:00,c9c4f4ee23a38075ff2722207501df2f1a5867123302329c4dd16fc8c652e934,{}
2026-09-11,16:30,swaps,USD.CNY,,5M,forward_all_in,6.6331,rate,https://www.chinamoney.com.cn/chinese/bkcurvfsw/,2026-09-11T13:38:01+00:00,c9c4f4ee23a38075ff2722207501df2f1a5867123302329c4dd16fc8c652e934,{}
2026-09-11,16:30,swaps,USD.CNY,,5M,swap_points,-766.0,pips,https://www.chinamoney.com.cn/chinese/bkcurvfsw/,2026-09-11T13:38:01+00:00,c9c4f4ee23a38075ff2722207501df2f1a5867123302329c4dd16fc8c652e934,{}
2026-09-11,16:30,swaps,USD.CNY,,5Y,forward_all_in,5.7547,rate,https://www.chinamoney.com.cn/chinese/bkcurvfsw/,2026-09-11T13:38:01+00:00,c9c4f4ee23a38075ff2722207501df2f1a5867123302329c4dd16fc8c652e934,{}
2026-09-11,16:30,swaps,USD.CNY,,5Y,swap_points,-9550.0,pips,https://www.chinamoney.com.cn/chinese/bkcurvfsw/,2026-09-11T13:38:01+00:00,c9c4f4ee23a38075ff2722207501df2f1a5867123302329c4dd16fc8c652e934,{}
2026-09-11,16:30,swaps,USD.CNY,,6M,forward_all_in,6.6188,rate,https://www.chinamoney.com.cn/chinese/bkcurvfsw/,2026-09-11T13:38:01+00:00,c9c4f4ee23a38075ff2722207501df2f1a5867123302329c4dd16fc8c652e934,{}
2026-09-11,16:30,swaps,USD.CNY,,6M,swap_points,-909.0,pips,https://www.chinamoney.com.cn/chinese/bkcurvfsw/,2026-09-11T13:38:01+00:00,c9c4f4ee23a38075ff2722207501df2f1a5867123302329c4dd16fc8c652e934,{}
2026-09-11,16:30,swaps,USD.CNY,,9M,forward_all_in,6.5687,rate,https://www.chinamoney.com.cn/chinese/bkcurvfsw/,2026-09-11T13:38:01+00:00,c9c4f4ee23a38075ff2722207501df2f1a5867123302329c4dd16fc8c652e934,{}
2026-09-11,16:30,swaps,USD.CNY,,9M,swap_points,-1410.0,pips,https://www.chinamoney.com.cn/chinese/bkcurvfsw/,2026-09-11T13:38:01+00:00,c9c4f4ee23a38075ff2722207501df2f1a5867123302329c4dd16fc8c652e934,{}
2026-09-11,16:30,swaps,USD.CNY,,ON,forward_all_in,6.7114,rate,https://www.chinamoney.com.cn/chinese/bkcurvfsw/,2026-09-11T13:38:01+00:00,c9c4f4ee23a38075ff2722207501df2f1a5867123302329c4dd16fc8c652e934,{}
2026-09-11,16:30,swaps,USD.CNY,,ON,swap_points,-13.3,pips,https://www.chinamoney.com.cn/chinese/bkcurvfsw/,2026-09-11T13:38:01+00:00,c9c4f4ee23a38075ff2722207501df2f1a5867123302329c4dd16fc8c652e934,{}
2026-09-11,16:30,swaps,USD.CNY,,SN,forward_all_in,6.7092,rate,https://www.chinamoney.com.cn/chinese/bkcurvfsw/,2026-09-11T13:38:01+00:00,c9c4f4ee23a38075ff2722207501df2f1a5867123302329c4dd16fc8c652e934,{}
2026-09-11,16:30,swaps,USD.CNY,,SN,swap_points,-4.56,pips,https://www.chinamoney.com.cn/chinese/bkcurvfsw/,2026-09-11T13:38:01+00:00,c9c4f4ee23a38075ff2722207501df2f1a5867123302329c4dd16fc8c652e934,{}
2026-09-11,16:30,swaps,USD.CNY,,TN,forward_all_in,6.7101,rate,https://www.chinamoney.com.cn/chinese/bkcurvfsw/,2026-09-11T13:38:01+00:00,c9c4f4ee23a38075ff2722207501df2f1a5867123302329c4dd16fc8c652e934,{}
2026-09-11,16:30,swaps,USD.CNY,,TN,swap_points,-4.49,pips,https://www.chinamoney.com.cn/chinese/bkcurvfsw/,2026-09-11T13:38:01+00:00,c9c4f4ee23a38075ff2722207501df2f1a5867123302329c4dd16fc8c652e934,{}
